word_count,char_count,sentence_count,paragraph_count,avg_sentence_len,avg_word_len,sent_per_para,comma_count,comma_per_sent,punct_ratio,unique_word_count,type_token_ratio,long_word_ratio,content_word_ratio,stopword_ratio,spell_err_count,spell_err_ratio,flesch_reading_ease,flesch_kincaid_grade,gunning_fog,smog_index,score
214,1162,8,4,26.75,4.294392523364486,2.0,1,0.125,0.01549053356282272,126,0.5887850467289719,0.16355140186915887,0.49065420560747663,0.5093457943925234,14,0.06542056074766354,63.85290887850469,10.99857476635514,12.756074766355141,9.827888789773866,1
197,1114,9,3,21.88888888888889,4.538071065989848,3.0,5,0.5555555555555556,0.012567324955116697,121,0.6142131979695431,0.22842639593908629,0.4873096446700508,0.5126903553299492,8,0.04060913705583756,61.60944444444448,10.186666666666664,11.88888888888889,10.74609503303851,1
185,1020,12,3,15.416666666666666,4.367567567567567,4.0,0,0.0,0.013725490196078431,109,0.5891891891891892,0.1783783783783784,0.5135135135135135,0.4864864864864865,9,0.04864864864864865,68.53333333333333,7.592340425531916,10.734751773049645,11.038039088145766,1
676,3542,40,5,16.9,4.121301775147929,8.0,14,0.35,0.020609824957651044,290,0.4289940828402367,0.1301775147928994,0.4452662721893491,0.5547337278106509,15,0.022189349112426034,79.82999619004079,6.411619613670133,8.685625023812245,8.69343788997812,1
191,999,9,4,21.22222222222222,4.0,2.25,2,0.2222222222222222,0.011011011011011011,110,0.5759162303664922,0.1099476439790576,0.4816753926701571,0.518324607329843,11,0.05759162303664921,71.76144444444446,8.770666666666667,11.88888888888889,10.74609503303851,1
241,1465,22,5,10.954545454545455,4.809128630705394,4.4,7,0.3181818181818182,0.023890784982935155,130,0.5394190871369294,0.2157676348547718,0.5809128630705395,0.4190871369294606,13,0.05394190871369295,64.98477272727274,6.905378787878789,8.363636363636363,9.218907990703514,1
378,2303,13,5,29.076923076923077,4.455026455026455,2.6,14,1.0769230769230769,0.014329135909683021,146,0.3862433862433862,0.18783068783068782,0.4708994708994709,0.5291005291005291,6,0.015873015873015872,54.674304029304054,12.856878306878308,15.44029304029304,14.554592549557764,1
205,1157,5,6,41.0,4.521951219512195,0.8333333333333334,4,0.8,0.01296456352636128,109,0.5317073170731708,0.18048780487804877,0.5073170731707317,0.4926829268292683,6,0.02926829268292683,38.93573913043481,18.113487922705314,19.072077294685993,13.348371206891418,1
563,2728,28,5,20.107142857142858,3.761989342806394,5.6,5,0.17857142857142858,0.012463343108504398,169,0.30017761989342806,0.08880994671403197,0.40852575488454707,0.5914742451154529,14,0.02486678507992895,85.63330645161292,6.266013824884794,9.046697388632872,7.70948699238394,1
376,1992,10,4,37.6,4.218085106382978,2.5,1,0.1,0.005522088353413655,148,0.39361702127659576,0.14095744680851063,0.44148936170212766,0.5585106382978723,10,0.026595744680851064,48.05847619047621,15.946708994708995,18.506243386243387,14.410869940926823,1
204,1168,8,7,25.5,4.568627450980392,1.1428571428571428,5,0.625,0.0136986301369863,88,0.43137254901960786,0.2549019607843137,0.47549019607843135,0.5245098039215687,5,0.024509803921568627,45.9958373786408,13.24084951456311,17.096116504854372,15.078166124597352,1
283,1630,11,4,25.727272727272727,4.572438162544169,2.75,5,0.45454545454545453,0.012269938650306749,142,0.5017667844522968,0.18374558303886926,0.5017667844522968,0.49823321554770317,12,0.04240282685512368,58.6837527524379,11.601000314564331,13.000440390059769,11.022393298168332,1
221,1227,10,3,22.1,4.402714932126697,3.3333333333333335,5,0.5,0.020374898125509373,113,0.5113122171945701,0.17194570135746606,0.4751131221719457,0.5248868778280543,5,0.02262443438914027,56.82132142857145,10.898678571428572,11.46,10.125756701596842,1
714,3325,20,1,35.7,3.6022408963585435,20.0,1,0.05,0.009022556390977444,205,0.28711484593837533,0.0700280112044818,0.4019607843137255,0.5980392156862745,20,0.028011204481792718,68.46336554621851,12.578938375350145,14.952268907563028,8.07648339933343,1
185,1058,15,3,12.333333333333334,4.4,5.0,6,0.4,0.03497164461247637,114,0.6162162162162163,0.16216216216216217,0.5621621621621622,0.43783783783783786,10,0.05405405405405406,75.7636666666667,5.805446808510641,7.992056737588652,8.841846274778883,1
346,2099,17,4,20.352941176470587,5.008670520231214,4.25,21,1.2352941176470589,0.022391615054787994,212,0.6127167630057804,0.2774566473988439,0.5924855491329479,0.407514450867052,16,0.046242774566473986,36.82193277310924,12.726629318394028,15.411764705882355,14.554592549557764,1
272,1313,15,13,18.133333333333333,3.6323529411764706,1.1538461538461537,3,0.2,0.015232292460015232,136,0.5,0.051470588235294115,0.4264705882352941,0.5735294117647058,2,0.007352941176470588,88.26749450549454,5.46917216117216,8.452161172161173,7.793537801064561,1
231,1228,15,5,15.4,4.203463203463204,3.0,2,0.13333333333333333,0.018729641693811076,140,0.6060606060606061,0.14285714285714285,0.5324675324675324,0.4675324675324675,4,0.017316017316017316,73.93514492753624,6.756086956521742,8.742028985507247,9.3871,1
181,923,12,2,15.083333333333334,3.955801104972376,6.0,3,0.25,0.01950162513542795,99,0.5469613259668509,0.13259668508287292,0.425414364640884,0.574585635359116,6,0.03314917127071823,84.9935805860806,5.172252747252749,7.8249084249084255,8.07648339933343,1
292,1556,6,6,48.666666666666664,4.239726027397261,1.0,4,0.6666666666666666,0.007712082262210797,172,0.589041095890411,0.11986301369863013,0.5136986301369864,0.4863013698630137,13,0.04452054794520548,39.57451030927838,19.788230240549826,21.599312714776634,13.295006501635747,1
178,943,11,3,16.181818181818183,4.207865168539326,3.6666666666666665,2,0.18181818181818182,0.015906680805938492,99,0.5561797752808989,0.12921348314606743,0.5112359550561798,0.4887640449438202,7,0.03932584269662921,79.67000510725231,6.166976506639429,7.821041879468847,8.00094639256281,1
248,1252,9,1,27.555555555555557,3.9798387096774195,9.0,1,0.1111111111111111,0.011182108626198083,112,0.45161290322580644,0.0967741935483871,0.4032258064516129,0.5967741935483871,5,0.020161290322580645,73.39815555555559,9.922533333333337,12.871111111111112,9.725611199111238,1
194,945,1,3,194.0,3.8402061855670104,0.3333333333333333,0,0.0,0.0,101,0.520618556701031,0.10824742268041238,0.4845360824742268,0.5154639175257731,7,0.03608247422680412,-95.64692307692304,75.04358974358973,78.82051282051282,17.122413403193683,1
225,1407,15,1,15.0,5.04,15.0,7,0.4666666666666667,0.022743425728500355,123,0.5466666666666666,0.28444444444444444,0.52,0.48,1,0.0044444444444444444,46.49933627019092,10.53314537444934,14.335271659324523,13.5591,1
509,3017,33,4,15.424242424242424,4.557956777996071,8.25,38,1.1515151515151516,0.04209479615512098,268,0.5265225933202358,0.19646365422396855,0.6031434184675835,0.3968565815324165,15,0.029469548133595286,66.00939043615347,7.95943597827991,10.298616220003504,10.504223727775692,1
168,845,3,5,56.0,3.9285714285714284,0.6,0,0.0,0.004733727810650888,87,0.5178571428571429,0.11904761904761904,0.39285714285714285,0.6071428571428571,5,0.02976190476190476,39.64315789473686,21.89029239766082,24.437426900584796,13.023866798666859,1
332,1901,30,6,11.066666666666666,4.400602409638554,5.0,13,0.43333333333333335,0.04734350341925302,199,0.5993975903614458,0.16265060240963855,0.5331325301204819,0.46686746987951805,16,0.04819277108433735,70.58227426160339,6.031291139240508,8.137383966244727,9.642632912329528,1
235,1270,11,1,21.363636363636363,4.208510638297873,11.0,12,1.0909090909090908,0.02125984251968504,138,0.5872340425531914,0.14042553191489363,0.5404255319148936,0.4595744680851064,3,0.01276595744680851,72.49761941448384,8.47727272727273,10.615716486902928,10.018931242160765,1
470,2556,14,20,33.57142857142857,4.197872340425532,0.7,7,0.5,0.013302034428794992,223,0.474468085106383,0.1,0.4978723404255319,0.502127659574468,21,0.04468085106382979,59.40316845993256,14.12739039665971,16.408607676248597,11.051253699011982,1
210,1007,12,3,17.5,3.723809523809524,4.0,1,0.08333333333333333,0.014895729890764648,84,0.4,0.0761904761904762,0.4142857142857143,0.5857142857142857,7,0.03333333333333333,88.76107142857146,5.226428571428574,7.9523809523809526,6.816661863887846,1
172,931,2,1,86.0,4.308139534883721,2.0,3,1.5,0.004296455424274973,94,0.5465116279069767,0.16279069767441862,0.5,0.5,11,0.06395348837209303,-0.2520454545454385,35.156136363636364,37.7,17.122413403193683,1
383,1987,18,17,21.27777777777778,4.088772845953002,1.0588235294117647,5,0.2777777777777778,0.012078510317060896,184,0.4804177545691906,0.1174934725848564,0.44386422976501305,0.556135770234987,4,0.010443864229765013,72.36442631273574,8.4519364664926,10.808761241659415,9.861636050157227,1
271,1426,3,3,90.33333333333333,4.22140221402214,1.0,0,0.0,0.0035063113604488078,149,0.5498154981549815,0.13284132841328414,0.4833948339483395,0.5166051660516605,15,0.055350553505535055,-3.071813725490159,36.21191176470589,38.76666666666667,17.122413403193683,1
255,1321,18,2,14.166666666666666,4.101960784313725,9.0,5,0.2777777777777778,0.0174110522331567,124,0.48627450980392156,0.1411764705882353,0.49019607843137253,0.5098039215686274,6,0.023529411764705882,76.66657777777777,6.01626666666667,7.955555555555556,9.586721724236664,1
438,2224,18,3,24.333333333333332,3.961187214611872,6.0,4,0.2222222222222222,0.011690647482014389,178,0.4063926940639269,0.1004566210045662,0.4406392694063927,0.5593607305936074,20,0.045662100456621,70.70980122899424,9.51081640331076,11.108552796588915,8.344100000000001,1
376,2152,15,15,25.066666666666666,4.388297872340425,1.0,34,2.2666666666666666,0.02648698884758364,203,0.5398936170212766,0.1702127659574468,0.5319148936170213,0.46808510638297873,11,0.02925531914893617,59.45252380952384,11.459142857142858,13.514557823129252,11.855464076750408,1
252,1296,16,3,15.75,4.003968253968254,5.333333333333333,4,0.25,0.016203703703703703,127,0.503968253968254,0.11904761904761904,0.42857142857142855,0.5714285714285714,11,0.04365079365079365,82.77819787549409,5.641697134387353,7.115513833992096,7.168621630094336,1
256,1479,22,5,11.636363636363637,4.56640625,4.4,11,0.5,0.03177822853279243,112,0.4375,0.171875,0.54296875,0.45703125,2,0.0078125,69.53983268983269,6.6238610038610055,9.103217503217504,9.84237267433701,1
234,1414,13,13,18.0,4.871794871794871,1.0,8,0.6153846153846154,0.01485148514851485,145,0.6196581196581197,0.2692307692307692,0.5726495726495726,0.42735042735042733,4,0.017094017094017096,51.68692307692311,10.540851063829788,11.99672667757774,11.95083700844419,1
188,1136,12,4,15.666666666666666,4.696808510638298,3.0,8,0.6666666666666666,0.022007042253521125,136,0.723404255319149,0.19148936170212766,0.5957446808510638,0.40425531914893614,12,0.06382978723404255,58.19499254843521,9.275230998509688,11.900447093889717,12.079253325248377,1
323,1782,11,1,29.363636363636363,4.402476780185759,11.0,2,0.18181818181818182,0.010662177328843996,169,0.5232198142414861,0.17337461300309598,0.5108359133126935,0.4891640866873065,17,0.05263157894736842,56.56641414141414,12.686778900112234,15.979349046015713,13.606401829973382,1
193,1179,12,1,16.083333333333332,5.041450777202073,12.0,5,0.4166666666666667,0.01441899915182358,133,0.689119170984456,0.2694300518134715,0.5699481865284974,0.43005181347150256,6,0.031088082901554404,55.22017857142856,9.469960317460316,11.37936507936508,11.855464076750408,1
350,2037,11,48,31.818181818181817,4.6085714285714285,0.22916666666666666,4,0.36363636363636365,0.012763868433971527,221,0.6314285714285715,0.2,0.62,0.38,48,0.13714285714285715,40.32341437632138,15.404038054968286,17.160253699788584,14.424011203321125,1
217,1190,11,4,19.727272727272727,4.3271889400921655,2.75,5,0.45454545454545453,0.013445378151260505,144,0.663594470046083,0.09216589861751152,0.5483870967741935,0.45161290322580644,19,0.08755760368663594,76.17045454545459,7.603636363636365,8.90909090909091,6.980632752743321,1
266,1514,19,4,14.0,4.571428571428571,4.75,0,0.0,0.013870541611624834,130,0.48872180451127817,0.22180451127819548,0.4774436090225564,0.5225563909774437,4,0.015037593984962405,68.04798344175046,7.259065641632173,8.46749457914449,9.276330184999454,1
161,771,6,1,26.833333333333332,3.7577639751552794,6.0,0,0.0,0.009079118028534372,75,0.4658385093167702,0.06832298136645963,0.40372670807453415,0.5962732919254659,1,0.006211180124223602,72.9296014492754,9.75326086956522,12.720910973084885,9.725611199111238,1
223,1248,12,5,18.583333333333332,4.506726457399103,2.4,4,0.3333333333333333,0.01282051282051282,137,0.6143497757847534,0.18834080717488788,0.4663677130044843,0.5336322869955157,8,0.03587443946188341,69.60879110612855,8.166917040358744,10.482660687593423,10.504223727775692,1
206,1167,9,2,22.88888888888889,4.558252427184466,4.5,4,0.4444444444444444,0.012853470437017995,110,0.5339805825242718,0.2087378640776699,0.5242718446601942,0.47572815533980584,3,0.014563106796116505,56.054744458128084,11.744673645320201,14.28793103448276,12.815532586354998,1
338,1928,15,1,22.533333333333335,4.544378698224852,15.0,12,0.8,0.015560165975103735,188,0.5562130177514792,0.19822485207100593,0.5295857988165681,0.47041420118343197,19,0.05621301775147929,59.465652003910094,10.612656891495607,12.495092864125123,12.10132525352546,1
215,1305,14,5,15.357142857142858,4.837209302325581,2.8,15,1.0714285714285714,0.03065134099616858,130,0.6046511627906976,0.2837209302325581,0.6046511627906976,0.3953488372093023,15,0.06976744186046512,55.03727739726028,10.116541095890412,11.683561643835617,11.37473899888905,1
225,1230,15,5,15.0,4.266666666666667,3.0,5,0.3333333333333333,0.022764227642276424,126,0.56,0.1288888888888889,0.5155555555555555,0.48444444444444446,5,0.022222222222222223,79.66849926578563,5.906713656387666,8.696505139500735,8.841846274778883,1
187,934,14,4,13.357142857142858,3.855614973262032,3.5,4,0.2857142857142857,0.02462526766595289,102,0.5454545454545454,0.08021390374331551,0.5133689839572193,0.48663101604278075,5,0.026737967914438502,85.66771780705484,4.769281767955803,7.11619209519762,7.610546881738771,1
330,1643,18,1,18.333333333333332,3.903030303030303,18.0,10,0.5555555555555556,0.018259281801582473,129,0.39090909090909093,0.09696969696969697,0.41818181818181815,0.5818181818181818,10,0.030303030303030304,85.42663956639569,5.870934959349594,7.898644986449864,6.69162321629862,1
264,1450,3,1,88.0,4.4356060606060606,3.0,2,0.6666666666666666,0.0034482758620689655,148,0.5606060606060606,0.17045454545454544,0.4621212121212121,0.5378787878787878,5,0.01893939393939394,-4.855056179775261,36.04659176029962,38.14681647940075,17.879347455551382,1
243,1199,12,1,20.25,3.8641975308641974,12.0,3,0.25,0.020016680567139282,139,0.5720164609053497,0.102880658436214,0.4567901234567901,0.5432098765432098,2,0.00823045267489712,76.61458333333334,7.603796296296299,9.910699588477367,10.125756701596842,1
510,2839,35,6,14.571428571428571,4.405882352941177,5.833333333333333,14,0.4,0.021838675589996477,231,0.45294117647058824,0.1843137254901961,0.5294117647058824,0.47058823529411764,24,0.047058823529411764,70.6673786407767,7.058085991678226,8.526490984743411,9.159459690764724,1
171,849,8,1,21.375,3.9005847953216373,8.0,3,0.375,0.016489988221436984,100,0.5847953216374269,0.11695906432748537,0.4853801169590643,0.5146198830409356,2,0.011695906432748537,70.99213414634147,8.450121951219515,11.370731707317074,10.411451182825502,1
213,1275,11,5,19.363636363636363,4.727699530516432,2.2,4,0.36363636363636365,0.025098039215686273,134,0.6291079812206573,0.2347417840375587,0.6009389671361502,0.39906103286384975,5,0.023474178403755867,55.85455407152091,10.234037052994399,12.980784144765188,12.563389971838223,1
252,1784,14,4,18.0,5.369047619047619,3.5,10,0.7142857142857143,0.014013452914798207,153,0.6071428571428571,0.3611111111111111,0.5793650793650794,0.42063492063492064,37,0.14682539682539683,44.19062500000001,11.638303571428573,14.814285714285715,14.348710955821954,1
218,1204,2,11,109.0,4.444954128440367,0.18181818181818182,0,0.0,0.0016611295681063123,116,0.5321100917431193,0.1926605504587156,0.4954128440366973,0.5045871559633027,38,0.1743119266055046,-22.515719178082165,43.602671232876716,45.80913242009132,18.243605946275583,1
191,1096,9,1,21.22222222222222,4.607329842931938,9.0,5,0.5555555555555556,0.020985401459854013,101,0.5287958115183246,0.24083769633507854,0.5340314136125655,0.46596858638743455,8,0.041884816753926704,60.14142774899254,10.198203799654578,11.686586067933218,10.504223727775692,1
159,836,5,1,31.8,4.226415094339623,5.0,0,0.0,0.005980861244019139,88,0.5534591194968553,0.1320754716981132,0.4339622641509434,0.5660377358490566,2,0.012578616352201259,63.354226415094345,12.322691823899373,14.229433962264151,10.793553405168563,1
551,3281,31,5,17.774193548387096,4.707803992740472,6.2,17,0.5483870967741935,0.019811033221578785,284,0.515426497277677,0.22323049001814882,0.5862068965517241,0.41379310344827586,10,0.018148820326678767,60.43575815076764,9.32549594617906,11.873290782588697,12.073905160250206,1
165,939,7,1,23.571428571428573,4.587878787878788,7.0,5,0.7142857142857143,0.01810436634717785,77,0.4666666666666667,0.17575757575757575,0.5212121212121212,0.47878787878787876,4,0.024242424242424242,55.00245398773009,11.372410166520595,11.52287467134093,10.290406445055957,1
308,1492,13,6,23.692307692307693,3.7435064935064934,2.1666666666666665,6,0.46153846153846156,0.014075067024128687,133,0.4318181818181818,0.06168831168831169,0.42857142857142855,0.5714285714285714,6,0.01948051948051948,82.05629255989915,7.642622950819675,10.040353089533419,6.67199483983844,1
176,834,5,2,35.2,3.6931818181818183,2.5,1,0.2,0.009592326139088728,100,0.5681818181818182,0.06818181818181818,0.42045454545454547,0.5795454545454546,4,0.022727272727272728,69.20245454545454,12.351636363636366,14.989090909090912,8.841846274778883,1
221,1158,13,4,17.0,4.076923076923077,3.25,17,1.3076923076923077,0.02849740932642487,87,0.3936651583710407,0.12217194570135746,0.5294117647058824,0.47058823529411764,19,0.08597285067873303,75.44807692307693,6.940000000000001,8.951048951048952,8.841846274778883,1
179,894,10,2,17.9,3.9273743016759775,5.0,5,0.5,0.01901565995525727,90,0.5027932960893855,0.0782122905027933,0.48044692737430167,0.5195530726256983,2,0.0111731843575419,73.9429655172414,7.268413793103445,9.948505747126436,10.355215969177355,1
180,930,8,1,22.5,4.088888888888889,8.0,4,0.5,0.02795698924731183,114,0.6333333333333333,0.11666666666666667,0.46111111111111114,0.5388888888888889,6,0.03333333333333333,71.60967696629214,8.798735955056184,10.47303370786517,9.188382445141503,1
332,2049,17,7,19.529411764705884,4.981927710843373,2.4285714285714284,21,1.2352941176470589,0.02244997559785261,210,0.6325301204819277,0.2710843373493976,0.5632530120481928,0.4367469879518072,17,0.05120481927710843,48.64577958894404,11.325868178596743,13.233451452870305,12.827911418992354,1
393,2218,25,11,15.72,4.396946564885496,2.272727272727273,5,0.2,0.022993688007213707,118,0.30025445292620867,0.21882951653944022,0.4402035623409669,0.5597964376590331,11,0.027989821882951654,65.8731144631766,8.305425909494236,12.021472937000889,12.043149292134785,1
204,1063,9,3,22.666666666666668,3.9166666666666665,3.0,2,0.2222222222222222,0.01881467544684854,112,0.5490196078431373,0.11764705882352941,0.47549019607843135,0.5245098039215687,14,0.06862745098039216,72.64539772727275,9.616931818181822,11.789712918660287,8.472884824447931,1
162,859,10,4,16.2,4.197530864197531,2.5,1,0.1,0.013969732246798603,83,0.5123456790123457,0.16666666666666666,0.4691358024691358,0.5308641975308642,1,0.006172839506172839,76.10645092024542,6.693380368098161,8.48319018404908,9.120678840339163,1
437,2498,26,6,16.807692307692307,4.54462242562929,4.333333333333333,12,0.46153846153846156,0.02642113690952762,193,0.4416475972540046,0.19679633867276888,0.551487414187643,0.448512585812357,24,0.05491990846681922,63.27889214999125,8.627801822323466,10.762957771158227,10.80991298281133,1
249,1383,19,3,13.105263157894736,4.381526104417671,6.333333333333333,9,0.47368421052631576,0.02386117136659436,133,0.5341365461847389,0.1646586345381526,0.46987951807228917,0.5301204819277109,11,0.04417670682730924,73.19898594377513,6.48612449799197,7.621686746987952,8.344100000000001,1
196,1077,12,2,16.333333333333332,4.331632653061225,6.0,5,0.4166666666666667,0.032497678737233054,85,0.4336734693877551,0.14795918367346939,0.4744897959183674,0.5255102040816326,12,0.061224489795918366,68.96789115646261,7.697346938775514,8.574149659863947,8.841846274778883,1
220,1236,15,3,14.666666666666666,4.5,5.0,5,0.3333333333333333,0.021035598705501618,114,0.5181818181818182,0.17727272727272728,0.5227272727272727,0.4772727272727273,8,0.03636363636363636,66.08175342465756,7.669296803652969,8.762374429223744,9.210782826323648,1
191,1023,11,3,17.363636363636363,4.219895287958115,3.6666666666666665,10,0.9090909090909091,0.02541544477028348,117,0.612565445026178,0.16753926701570682,0.4973821989528796,0.5026178010471204,2,0.010471204188481676,71.7537081339713,7.5421531100478525,10.277511961722489,10.436869588844216,1
154,11788,7,1,22.0,4.175324675324675,7.0,0,0.0,0.0005938242280285036,80,0.5194805194805194,0.12337662337662338,0.5064935064935064,0.4935064935064935,4,0.025974025974025976,69.14136363636365,9.080909090909092,10.618181818181819,10.608840637214634,1
502,2538,20,6,25.1,3.9641434262948207,3.3333333333333335,1,0.05,0.009062253743104806,174,0.3466135458167331,0.0796812749003984,0.4103585657370518,0.5896414342629482,10,0.0199203187250996,74.85013346613549,9.05477689243028,11.394581673306774,9.255337874911486,1
213,1039,8,1,26.625,3.8497652582159625,8.0,2,0.25,0.009624639076034648,111,0.5211267605633803,0.06572769953051644,0.5117370892018779,0.48826291079812206,3,0.014084507042253521,73.25357142857145,10.494761904761909,12.952380952380953,8.418075326091056,1
180,965,10,3,18.0,4.166666666666667,3.3333333333333335,2,0.2,0.012435233160621761,106,0.5888888888888889,0.1388888888888889,0.5333333333333333,0.4666666666666667,4,0.022222222222222223,76.01966216216218,7.2520270270270295,10.210810810810813,9.888512548439397,1
218,1259,8,1,27.25,4.68348623853211,8.0,2,0.25,0.014297061159650517,90,0.41284403669724773,0.26605504587155965,0.44495412844036697,0.555045871559633,4,0.01834862385321101,46.65500000000003,13.459444444444447,18.022222222222222,15.742502247213078,1
341,1930,22,5,15.5,4.495601173020527,4.4,11,0.5,0.017616580310880828,167,0.4897360703812317,0.20234604105571846,0.530791788856305,0.46920821114369504,13,0.03812316715542522,68.24370809248558,8.038502890173412,10.272601156069365,10.125756701596842,1
279,1661,8,4,34.875,4.799283154121864,2.0,16,2.0,0.019867549668874173,158,0.5663082437275986,0.23655913978494625,0.5519713261648745,0.44802867383512546,10,0.035842293906810034,35.40163033807832,17.047540035587193,18.889857651245553,15.579741850924794,1
482,3104,30,5,16.066666666666666,5.221991701244813,6.0,15,0.5,0.02931701030927835,213,0.44190871369294604,0.3236514522821577,0.5746887966804979,0.42531120331950206,24,0.04979253112033195,41.21335443037978,11.571402589844318,14.723585042921577,14.051016940499611,1
321,1865,16,1,20.0625,4.638629283489097,16.0,10,0.625,0.0193029490616622,190,0.5919003115264797,0.21806853582554517,0.5077881619937694,0.49221183800623053,10,0.03115264797507788,59.77339340490799,9.983857361963192,12.07638036809816,11.81641974633143,1
235,1287,13,1,18.076923076923077,4.438297872340425,13.0,2,0.15384615384615385,0.022533022533022532,130,0.5531914893617021,0.19574468085106383,0.5276595744680851,0.4723404255319149,8,0.03404255319148936,63.47227664711971,8.667713004484309,9.910865815798552,9.851270322608155,1
442,2891,19,5,23.263157894736842,4.970588235294118,3.8,13,0.6842105263157895,0.015219647180906262,189,0.4276018099547511,0.31221719457013575,0.49321266968325794,0.5067873303167421,4,0.00904977375565611,38.87627002288332,13.55070938215103,17.529519450800915,16.1033174695574,1
229,1317,13,4,17.615384615384617,4.620087336244541,3.25,15,1.1538461538461537,0.02201974183750949,93,0.40611353711790393,0.2314410480349345,0.5021834061135371,0.4978165938864629,3,0.013100436681222707,56.32918374202217,9.778689956331881,14.207725898555594,13.274406872562384,1
338,1828,24,23,14.083333333333334,4.195266272189349,1.0434782608695652,9,0.375,0.021334792122538294,185,0.5473372781065089,0.15088757396449703,0.4940828402366864,0.5059171597633136,3,0.008875739644970414,76.7034347345133,6.06978244837758,8.245870206489675,9.075114841892004,1
207,1009,18,5,11.5,3.710144927536232,3.6,0,0.0,0.018830525272547076,120,0.5797101449275363,0.0821256038647343,0.47342995169082125,0.5265700483091788,6,0.028985507246376812,86.62476190476193,4.075238095238095,6.19047619047619,7.594959193182577,1
290,1514,16,4,18.125,4.075862068965518,4.0,7,0.4375,0.015191545574636724,155,0.5344827586206896,0.10689655172413794,0.496551724137931,0.503448275862069,3,0.010344827586206896,78.19118234536086,6.871509879725085,8.099742268041238,8.07648339933343,1
267,1659,11,1,24.272727272727273,5.063670411985019,11.0,19,1.7272727272727273,0.020494273658830622,176,0.6591760299625468,0.30337078651685395,0.6104868913857678,0.3895131086142322,21,0.07865168539325842,41.19818181818184,13.543030303030303,14.652911133810012,13.88584557914918,1
194,1009,10,1,19.4,4.087628865979381,10.0,5,0.5,0.02576808721506442,105,0.5412371134020618,0.11855670103092783,0.4793814432989691,0.520618556701031,3,0.015463917525773196,64.4774782608696,8.837086956521738,11.925217391304347,11.792908689023552,1
667,3127,34,8,19.61764705882353,3.5772113943028487,4.25,12,0.35294117647058826,0.01694915254237288,235,0.3523238380809595,0.05247376311844078,0.43778110944527737,0.5622188905547226,41,0.06146926536731634,85.73828767434468,6.321812729998637,8.744518649766027,7.463857097105799,1
245,1370,20,4,12.25,4.387755102040816,5.0,8,0.4,0.02408759124087591,113,0.46122448979591835,0.14285714285714285,0.5510204081632653,0.4489795918367347,5,0.02040816326530612,70.39874203187253,6.557886454183269,8.04788844621514,8.982922981607832,1
230,1209,5,3,46.0,4.1347826086956525,1.6666666666666667,2,0.4,0.008271298593879239,132,0.5739130434782609,0.12173913043478261,0.5130434782608696,0.48695652173913045,5,0.021739130434782608,45.237275862068984,18.47668965517241,20.628965517241383,14.265292616868656,1
211,1126,9,3,23.444444444444443,4.241706161137441,3.0,3,0.3333333333333333,0.015985790408525755,114,0.5402843601895735,0.15165876777251186,0.4976303317535545,0.5023696682464455,3,0.014218009478672985,61.052878521126786,11.358069248826293,12.340140845070422,10.125756701596842,1
214,1194,11,5,19.454545454545453,4.373831775700935,2.2,8,0.7272727272727273,0.022613065326633167,138,0.6448598130841121,0.16822429906542055,0.5327102803738317,0.4672897196261682,8,0.037383177570093455,66.98241014799154,8.772262156448207,10.79492600422833,10.436869588844216,1
171,931,4,2,42.75,4.356725146198831,2.0,5,1.25,0.011815252416756176,95,0.5555555555555556,0.19298245614035087,0.45614035087719296,0.543859649122807,1,0.005847953216374269,43.8092381656805,17.644896449704138,19.266863905325444,13.023866798666859,1
287,1647,12,4,23.916666666666668,3.682926829268293,3.0,1,0.08333333333333333,0.010321797207043109,105,0.36585365853658536,0.09407665505226481,0.4564459930313589,0.5435540069686411,3,0.010452961672473868,75.55679587688735,8.66223867595819,11.657259001161442,10.125756701596842,1
194,1003,11,7,17.636363636363637,3.943298969072165,1.5714285714285714,5,0.45454545454545453,0.027916251246261216,106,0.5463917525773195,0.10309278350515463,0.4381443298969072,0.5618556701030928,2,0.010309278350515464,83.8628107606679,5.988682745825603,8.759925788497217,8.575989854853784,1
198,1160,1,6,198.0,4.828282828282828,0.16666666666666666,1,1.0,0.0008620689655172414,129,0.6515151515151515,0.25252525252525254,0.5454545454545454,0.45454545454545453,5,0.025252525252525252,-127.01681818181814,80.16434343434344,84.45252525252526,33.358111892551165,1
164,926,12,4,13.666666666666666,4.475609756097561,3.0,8,0.6666666666666666,0.03131749460043196,101,0.6158536585365854,0.17073170731707318,0.5670731707317073,0.4329268292682927,1,0.006097560975609756,66.40742586912067,7.3713036809815975,8.132719836400819,9.075114841892004,1
159,747,9,2,17.666666666666668,3.610062893081761,4.5,0,0.0,0.018741633199464525,81,0.5094339622641509,0.1069182389937107,0.44025157232704404,0.559748427672956,5,0.031446540880503145,85.68069182389938,5.697484276729561,9.079245283018869,8.515128840125781,1
308,1930,19,4,16.210526315789473,5.0519480519480515,4.75,14,0.7368421052631579,0.024870466321243522,158,0.512987012987013,0.31493506493506496,0.5357142857142857,0.4642857142857143,5,0.016233766233766232,42.532508960573495,11.605376344086022,15.921146953405021,14.474971422386794,1
187,1067,15,5,12.466666666666667,4.320855614973262,3.0,7,0.4666666666666667,0.02999062792877226,92,0.4919786096256685,0.17647058823529413,0.43315508021390375,0.5668449197860963,3,0.016042780748663103,76.45645161290325,5.895729646697394,8.540092165898619,9.04235418022936,1
419,2454,14,11,29.928571428571427,4.6968973747016705,1.2727272727272727,20,1.4285714285714286,0.017929910350448247,187,0.44630071599045346,0.22911694510739858,0.5656324582338902,0.4343675417661098,7,0.016706443914081145,42.14148325358852,14.798783321941219,17.014627477785375,14.856640023380862,1
310,1638,12,4,25.833333333333332,4.212903225806452,3.0,4,0.3333333333333333,0.010378510378510378,149,0.4806451612903226,0.1774193548387097,0.4806451612903226,0.5193548387096775,26,0.08387096774193549,50.14360028860031,14.767056277056277,17.065512265512265,13.383793397009324,1
180,1001,6,1,30.0,4.45,6.0,5,0.8333333333333334,0.02097902097902098,113,0.6277777777777778,0.18888888888888888,0.5166666666666667,0.48333333333333334,4,0.022222222222222223,55.12500000000003,13.023333333333337,14.88888888888889,11.855464076750408,1
415,2044,21,8,19.761904761904763,3.814457831325301,2.625,12,0.5714285714285714,0.025440313111545987,144,0.3469879518072289,0.06987951807228916,0.41927710843373495,0.5807228915662651,15,0.03614457831325301,84.84895582329318,6.33401032702238,8.772231784279978,8.11559375814309,1
249,1308,8,9,31.125,4.140562248995984,0.8888888888888888,4,0.5,0.0191131498470948,108,0.43373493975903615,0.17269076305220885,0.41767068273092367,0.5823293172690763,5,0.020080321285140562,58.02625753012052,12.898147590361443,16.144779116465866,14.37465228746014,1
241,1494,8,3,30.125,5.058091286307054,2.6666666666666665,1,0.125,0.008701472556894244,167,0.6929460580912863,0.2863070539419087,0.6016597510373444,0.3983402489626556,12,0.04979253112033195,43.49838010204084,14.8002806122449,17.14795918367347,14.554592549557764,1
419,2310,32,8,13.09375,4.398568019093079,4.0,6,0.1875,0.02987012987012987,174,0.4152744630071599,0.18138424821002386,0.5083532219570406,0.4916467780429594,12,0.028639618138424822,70.80364208633094,7.08344210346009,9.602226789996575,10.608840637214634,1
279,1372,5,3,55.8,3.8960573476702507,1.6666666666666667,0,0.0,0.0058309037900874635,96,0.34408602150537637,0.06451612903225806,0.4121863799283154,0.5878136200716846,8,0.02867383512544803,48.6173548387097,20.340458781362006,23.0368458781362,11.602472056035307,1
251,1464,10,1,25.1,4.669322709163347,10.0,2,0.2,0.012295081967213115,153,0.6095617529880478,0.23107569721115537,0.5179282868525896,0.4820717131474104,4,0.01593625498007968,54.820141732283474,11.923086614173233,14.569448818897639,13.348371206891418,1
182,1074,9,1,20.22222222222222,4.730769230769231,9.0,12,1.3333333333333333,0.027001862197392923,116,0.6373626373626373,0.23076923076923078,0.5879120879120879,0.41208791208791207,2,0.01098901098901099,49.18307081807086,11.423040293040295,14.242735042735044,13.5591,1
200,1093,10,2,20.0,4.325,5.0,0,0.0,0.010064043915827997,107,0.535,0.195,0.525,0.475,14,0.07,67.1084117647059,8.966980392156863,10.512941176470589,10.355215969177355,1
255,1503,18,13,14.166666666666666,4.588235294117647,1.3846153846153846,1,0.05555555555555555,0.014637391882900865,147,0.5764705882352941,0.2235294117647059,0.5568627450980392,0.44313725490196076,18,0.07058823529411765,66.69829457364345,7.517054263565893,10.074418604651164,10.74609503303851,1
228,1323,16,4,14.25,4.600877192982456,4.0,9,0.5625,0.02040816326530612,143,0.6271929824561403,0.22807017543859648,0.5657894736842105,0.4342105263157895,8,0.03508771929824561,70.95756087662339,6.948850108225113,9.411363636363637,9.673873057562805,1
194,1039,9,3,21.555555555555557,4.211340206185567,3.0,9,1.0,0.019249278152069296,112,0.5773195876288659,0.14432989690721648,0.5463917525773195,0.4536082474226804,4,0.020618556701030927,72.07443310657597,8.616598639455784,11.364172335600907,9.994966539143718,1
257,1483,13,6,19.76923076923077,4.498054474708171,2.1666666666666665,6,0.46153846153846156,0.023600809170600135,128,0.4980544747081712,0.15953307392996108,0.4357976653696498,0.5642023346303502,2,0.007782101167315175,66.082574992575,8.991583011583014,11.212474012474013,11.051253699011982,1
305,1709,24,5,12.708333333333334,4.39672131147541,4.8,6,0.25,0.025746050321825628,166,0.5442622950819672,0.16721311475409836,0.5573770491803278,0.4426229508196721,21,0.06885245901639345,73.4789912280702,6.157236842105267,8.882456140350877,9.621722640351123,1
361,1863,24,16,15.041666666666666,4.008310249307479,1.5,0,0.0,0.01610305958132045,187,0.518005540166205,0.11911357340720222,0.43490304709141275,0.5650969529085873,9,0.024930747922437674,81.25370526062937,5.836106173432622,8.063607975018016,8.321376580360152,1
162,927,9,1,18.0,4.6419753086419755,9.0,2,0.2222222222222222,0.012944983818770227,106,0.654320987654321,0.19753086419753085,0.5802469135802469,0.41975308641975306,10,0.06172839506172839,58.54484276729559,9.48238993710692,10.840251572327047,10.504223727775692,1
202,1222,10,4,20.2,4.772277227722772,2.5,16,1.6,0.040098199672667756,117,0.5792079207920792,0.28217821782178215,0.5099009900990099,0.4900990099009901,3,0.01485148514851485,59.436679611650504,10.086718446601946,11.735145631067963,11.20814326018867,1
166,6615,5,3,33.2,4.0602409638554215,1.6666666666666667,2,0.4,0.0022675736961451248,96,0.5783132530120482,0.1566265060240964,0.4819277108433735,0.5180722891566265,4,0.024096385542168676,47.67532894736844,17.229868421052632,20.842690058479533,14.554592549557764,1
240,1282,9,2,26.666666666666668,4.229166666666667,4.5,5,0.5555555555555556,0.01950078003120125,121,0.5041666666666667,0.14166666666666666,0.4625,0.5375,16,0.06666666666666667,62.73833333333336,11.133333333333336,13.16666666666667,10.74609503303851,1
174,955,10,3,17.4,4.390804597701149,3.3333333333333335,2,0.2,0.012565445026178011,93,0.5344827586206896,0.22413793103448276,0.47701149425287354,0.5229885057471264,5,0.028735632183908046,66.64986206896553,8.285655172413794,9.258850574712644,9.120678840339163,1
210,1190,13,2,16.153846153846153,4.371428571428571,6.5,4,0.3076923076923077,0.02773109243697479,131,0.6238095238095238,0.19523809523809524,0.5476190476190477,0.4523809523809524,10,0.047619047619047616,67.47503791982668,7.918309859154931,10.309714698447094,10.560738912317856,1
226,1161,29,5,7.793103448275862,3.924778761061947,5.8,3,0.10344827586206896,0.028423772609819122,117,0.5176991150442478,0.11061946902654868,0.49557522123893805,0.504424778761062,3,0.01327433628318584,89.09860262008736,2.793585303418162,4.905345580484867,7.0983637204850245,1
287,1487,17,1,16.88235294117647,4.073170731707317,17.0,3,0.17647058823529413,0.01613987895090787,181,0.6306620209059234,0.11498257839721254,0.4912891986062718,0.5087108013937283,2,0.006968641114982578,78.0816734279919,6.606389452332657,8.34077079107505,8.671277953709914,1
444,2621,18,6,24.666666666666668,4.738738738738738,3.0,6,0.3333333333333333,0.01716901945822205,225,0.5067567567567568,0.24324324324324326,0.509009009009009,0.49099099099099097,4,0.009009009009009009,53.58906999510525,12.050631424375918,14.141752325012238,12.931820455737444,1
348,2016,16,2,21.75,4.505747126436781,8.0,9,0.5625,0.02132936507936508,195,0.5603448275862069,0.20114942528735633,0.5919540229885057,0.40804597701149425,8,0.022988505747126436,58.77709269662921,10.58862359550562,12.94494382022472,12.161744961471694,1
579,3580,27,5,21.444444444444443,4.934369602763385,5.4,28,1.037037037037037,0.024022346368715083,332,0.5734024179620034,0.2711571675302245,0.5647668393782384,0.43523316062176165,11,0.018998272884283247,48.04688208616781,11.967959183673468,14.697505668934241,14.123285331852063,1
419,2411,11,3,38.09090909090909,4.620525059665871,3.6666666666666665,0,0.0,0.007880547490667772,186,0.4439140811455847,0.24343675417661098,0.4892601431980907,0.5107398568019093,5,0.011933174224343675,37.21985420240139,17.643670668953693,20.606861063464837,16.908762484321528,1
224,1292,8,1,28.0,4.678571428571429,8.0,4,0.5,0.014705882352941176,114,0.5089285714285714,0.24107142857142858,0.4955357142857143,0.5044642857142857,2,0.008928571428571428,41.63085077092512,14.501800660792956,15.93149779735683,14.005844860021309,1
524,2819,24,5,21.833333333333332,4.076335877862595,4.8,33,1.375,0.0358283079106066,250,0.4770992366412214,0.13740458015267176,0.4866412213740458,0.5133587786259542,9,0.01717557251908397,67.04857142857144,10.11809523809524,12.285714285714286,10.608840637214634,1
292,1820,17,4,17.176470588235293,5.037671232876712,4.25,24,1.411764705882353,0.023626373626373626,184,0.6301369863013698,0.2773972602739726,0.5958904109589042,0.4041095890410959,20,0.0684931506849315,49.114761526232144,10.734372019077902,12.775516693163752,12.42361498592204,1
271,1573,10,3,27.1,4.6900369003690034,3.3333333333333335,7,0.7,0.014621741894469168,162,0.5977859778597786,0.24354243542435425,0.5276752767527675,0.47232472324723246,10,0.03690036900369004,45.99856565656569,14.434303030303031,18.331313131313134,16.04434344847333,1
154,1153,7,3,22.0,4.363636363636363,2.3333333333333335,6,0.8571428571428571,0.011274934952298352,81,0.525974025974026,0.17532467532467533,0.44805194805194803,0.551948051948052,0,0.0,62.827961783439534,10.06797088262056,13.557415832575067,13.023866798666859,1
249,1547,13,6,19.153846153846153,4.975903614457831,2.1666666666666665,13,1.0,0.023270846800258566,125,0.5020080321285141,0.3333333333333333,0.5261044176706827,0.4738955823293173,11,0.04417670682730924,41.009364209827396,12.735627490039843,16.812881806108898,15.579741850924794,1
181,1060,8,1,22.625,4.7569060773480665,8.0,0,0.0,0.008490566037735849,121,0.6685082872928176,0.2265193370165746,0.5138121546961326,0.4861878453038674,25,0.13812154696132597,59.63276098901102,10.593489010989014,12.616483516483518,11.698219412168324,1
343,2172,20,8,17.15,5.142857142857143,2.5,19,0.95,0.022099447513812154,221,0.6443148688046647,0.2915451895043732,0.6122448979591837,0.3877551020408163,40,0.11661807580174927,46.008823529411785,11.06529411764706,13.270588235294117,13.187427743715652,1
201,1175,14,4,14.357142857142858,4.706467661691542,3.5,1,0.07142857142857142,0.01446808510638298,111,0.5522388059701493,0.23880597014925373,0.5024875621890548,0.4975124378109453,5,0.024875621890547265,63.46847014925376,7.973464818763329,11.514001421464108,11.899873341045819,1
158,773,3,1,52.666666666666664,3.8164556962025316,3.0,1,0.3333333333333333,0.00646830530401035,84,0.5316455696202531,0.10126582278481013,0.4430379746835443,0.5569620253164557,6,0.0379746835443038,47.05833333333335,20.11074074074074,23.328395061728397,12.457975602129121,1
179,1086,9,1,19.88888888888889,4.932960893854749,9.0,11,1.2222222222222223,0.022099447513812154,118,0.659217877094972,0.2681564245810056,0.5865921787709497,0.4134078212290503,2,0.0111731843575419,56.34500000000003,10.368888888888893,11.555555555555557,10.980518767755715,1
216,1214,12,5,18.0,4.425925925925926,2.4,0,0.0,0.011532125205930808,133,0.6157407407407407,0.19907407407407407,0.5185185185185185,0.48148148148148145,17,0.0787037037037037,71.91175307219666,7.721486175115206,9.813978494623655,9.516144504307135,1
231,1184,12,3,19.25,3.9740259740259742,4.0,7,0.5833333333333334,0.019425675675675675,102,0.44155844155844154,0.09523809523809523,0.46320346320346323,0.5367965367965368,15,0.06493506493506493,74.20789968652039,8.148385579937305,9.988087774294671,9.339509955726097,1
189,1433,16,5,11.8125,4.343915343915344,3.2,0,0.0,0.018143754361479414,104,0.5502645502645502,0.1746031746031746,0.5185185185185185,0.48148148148148145,4,0.021164021164021163,72.50874999999999,6.064840425531916,7.891489361702128,9.188382445141503,1
343,1970,19,3,18.05263157894737,4.405247813411079,6.333333333333333,9,0.47368421052631576,0.015736040609137057,190,0.5539358600583091,0.1924198250728863,0.5102040816326531,0.4897959183673469,13,0.037900874635568516,68.41561647852222,8.410702243072866,10.45483066998974,10.65788864234165,1
330,1787,7,3,47.142857142857146,3.7,2.3333333333333335,0,0.0,0.005036373810856184,147,0.44545454545454544,0.04242424242424243,0.41515151515151516,0.5848484848484848,5,0.015151515151515152,59.16024169184291,16.75475183426845,19.51851532153647,8.418075326091056,1
190,1048,10,5,19.0,4.378947368421053,2.0,0,0.0,0.01431297709923664,97,0.5105263157894737,0.1368421052631579,0.48947368421052634,0.5105263157894737,4,0.021052631578947368,65.29387500000003,8.921958333333333,9.763333333333334,9.888512548439397,1
224,1287,3,3,74.66666666666667,4.589285714285714,1.0,11,3.6666666666666665,0.010878010878010878,107,0.47767857142857145,0.19642857142857142,0.4955357142857143,0.5044642857142857,12,0.05357142857142857,-0.6460324483775537,32.06433628318584,34.3811209439528,21.19438992294339,1
252,1300,16,2,15.75,4.011904761904762,8.0,0,0.0,0.014615384615384615,117,0.4642857142857143,0.10714285714285714,0.4722222222222222,0.5277777777777778,11,0.04365079365079365,82.53171875000001,5.7226562500000036,8.43125,8.660442795831768,1
152,948,14,3,10.857142857142858,5.065789473684211,4.666666666666667,5,0.35714285714285715,0.02109704641350211,91,0.5986842105263158,0.2565789473684211,0.5921052631578947,0.40789473684210525,4,0.02631578947368421,48.537831125827836,9.168746452223274,13.056007568590353,12.161744961471694,1
279,1600,16,6,17.4375,4.426523297491039,2.6666666666666665,7,0.4375,0.016875,150,0.5376344086021505,0.20430107526881722,0.4910394265232975,0.5089605734767025,6,0.021505376344086023,64.74991695804198,8.66866258741259,11.765384615384617,11.45678717892309,1
225,1090,11,3,20.454545454545453,3.7644444444444445,3.6666666666666665,1,0.09090909090909091,0.010091743119266056,119,0.5288888888888889,0.057777777777777775,0.52,0.48,13,0.057777777777777775,83.80163636363639,6.652161616161617,9.070707070707071,6.980632752743321,1
206,2010,3,1,68.66666666666667,3.941747572815534,3.0,8,2.6666666666666665,0.005970149253731343,121,0.587378640776699,0.07281553398058252,0.48058252427184467,0.5194174757281553,7,0.03398058252427184,34.62608695652176,25.5712077294686,28.37294685990338,11.20814326018867,1
270,1656,20,1,13.5,4.67037037037037,20.0,4,0.2,0.015096618357487922,159,0.5888888888888889,0.25925925925925924,0.5666666666666667,0.43333333333333335,24,0.08888888888888889,58.30497471910115,8.443466292134833,10.583445692883895,11.003577315987393,1
293,1568,24,7,12.208333333333334,4.204778156996587,3.4285714285714284,11,0.4583333333333333,0.026785714285714284,163,0.5563139931740614,0.1296928327645051,0.5665529010238908,0.4334470989761092,3,0.010238907849829351,77.65802190721652,5.439780927835056,7.186769759450172,8.472884824447931,1
173,933,10,2,17.3,4.283236994219653,5.0,5,0.5,0.020364415862808145,109,0.630057803468208,0.1907514450867052,0.5317919075144508,0.4682080924855491,9,0.05202312138728324,68.4069896640827,8.465658914728685,9.970025839793282,10.504223727775692,1
686,3404,53,8,12.943396226415095,3.6501457725947524,6.625,73,1.3773584905660377,0.06139835487661575,227,0.33090379008746357,0.08309037900874636,0.45481049562682213,0.5451895043731778,6,0.008746355685131196,90.79780542986427,3.843529411764706,6.230769230769231,6.759486899279681,1
171,897,8,1,21.375,4.12280701754386,8.0,5,0.625,0.02564102564102564,77,0.4502923976608187,0.13450292397660818,0.4502923976608187,0.5497076023391813,0,0.0,68.31919117647061,9.009264705882355,11.794117647058824,10.9516,1
416,2392,20,4,20.8,4.605769230769231,5.0,14,0.7,0.01797658862876254,177,0.4254807692307692,0.23798076923076922,0.5336538461538461,0.46634615384615385,22,0.052884615384615384,53.38285714285715,11.03047619047619,14.01904761904762,13.187427743715652,1
300,1618,23,6,13.043478260869565,4.24,3.8333333333333335,5,0.21739130434782608,0.019777503090234856,141,0.47,0.15333333333333332,0.54,0.46,27,0.09,78.42372775021887,5.539553545374961,6.659118762766268,7.586124646067393,1
217,1153,11,6,19.727272727272727,4.161290322580645,1.8333333333333333,9,0.8181818181818182,0.032090199479618386,107,0.4930875576036866,0.14285714285714285,0.4700460829493088,0.5299539170506913,1,0.004608294930875576,71.54676672384221,8.067873070325902,10.161921097770154,9.573946990214175,1
168,844,13,1,12.923076923076923,3.9285714285714284,13.0,3,0.23076923076923078,0.023696682464454975,108,0.6428571428571429,0.10119047619047619,0.4107142857142857,0.5892857142857143,2,0.011904761904761904,80.04389610389612,5.888982683982686,7.775757575757577,8.575989854853784,1
194,972,2,2,97.0,3.9278350515463916,1.0,3,1.5,0.006172839506172839,125,0.6443298969072165,0.07731958762886598,0.5257731958762887,0.4742268041237113,20,0.10309278350515463,6.7293750000000045,36.16979166666667,39.858333333333334,15.903189008614273,1
233,1401,10,6,23.3,4.92274678111588,1.6666666666666667,0,0.0,0.007137758743754461,136,0.5836909871244635,0.26609442060085836,0.592274678111588,0.40772532188841204,9,0.03862660944206009,43.78346153846158,13.611538461538462,15.186324786324787,13.901157680251561,1
193,1048,10,4,19.3,4.243523316062176,2.5,8,0.8,0.02862595419847328,110,0.5699481865284974,0.13471502590673576,0.43523316062176165,0.5647668393782384,13,0.06735751295336788,74.58479166666667,8.15604166666667,10.616666666666667,9.150863307647796,1
452,2589,17,4,26.58823529411765,4.533185840707965,4.25,6,0.35294117647058826,0.01197373503283121,259,0.5730088495575221,0.15486725663716813,0.5907079646017699,0.4092920353982301,22,0.048672566371681415,55.67753869969043,12.157141382868936,13.711867905056762,11.557038098267885,1
329,1687,25,3,13.16,3.8905775075987843,8.333333333333334,17,0.68,0.04208654416123296,180,0.547112462006079,0.10638297872340426,0.45288753799392095,0.547112462006079,12,0.0364741641337386,88.06119266055046,4.844936653560509,7.207164700742682,7.2636822038024595,1
163,892,6,1,27.166666666666668,4.392638036809816,6.0,0,0.0,0.006726457399103139,102,0.6257668711656442,0.15337423312883436,0.4785276073619632,0.5214723926380368,6,0.03680981595092025,54.84250000000003,12.441666666666666,14.393939393939394,12.161744961471694,1
214,1053,10,2,21.4,3.8317757009345796,5.0,3,0.3,0.020892687559354226,116,0.5420560747663551,0.07476635514018691,0.4439252336448598,0.5560747663551402,4,0.018691588785046728,80.75634507042255,7.286953051643195,9.458967136150235,8.841846274778883,1
167,923,11,3,15.181818181818182,4.293413173652695,3.6666666666666665,5,0.45454545454545453,0.01950162513542795,97,0.5808383233532934,0.19161676646706588,0.47305389221556887,0.5269461077844312,3,0.017964071856287425,69.7227540106952,7.3737433155080225,9.005347593582888,9.80015041476705,1
363,1778,17,4,21.352941176470587,3.7851239669421486,4.25,0,0.0,0.009561304836895388,175,0.4820936639118457,0.08539944903581267,0.45179063360881544,0.5482093663911846,9,0.024793388429752067,76.36751807851239,8.243799931129477,10.727892561983472,9.017664075816786,1
445,2197,26,8,17.115384615384617,3.804494382022472,3.25,0,0.0,0.016841147018661812,167,0.3752808988764045,0.07415730337078652,0.5168539325842697,0.48314606741573035,10,0.02247191011235955,85.49517269316053,5.643736141906874,8.002763090567969,7.32110970712323,1
213,1113,3,3,71.0,4.183098591549296,1.0,0,0.0,0.004492362982929021,128,0.6009389671361502,0.1784037558685446,0.5117370892018779,0.48826291079812206,9,0.04225352112676056,19.586901408450714,28.165727699530525,31.40469483568075,17.5058628484301,1
318,1998,22,1,14.454545454545455,5.119496855345912,22.0,13,0.5909090909090909,0.022022022022022022,201,0.6320754716981132,0.3018867924528302,0.6037735849056604,0.39622641509433965,13,0.040880503144654086,52.5052761795167,9.504223245109323,12.454315304948217,12.161744961471694,1
328,1943,14,4,23.428571428571427,4.765243902439025,3.5,5,0.35714285714285715,0.012866700977869275,198,0.6036585365853658,0.2225609756097561,0.5487804878048781,0.45121951219512196,1,0.003048780487804878,56.64845975232201,11.089590888987178,12.448385670057498,11.491704259439757,1
220,1229,17,3,12.941176470588236,4.4409090909090905,5.666666666666667,3,0.17647058823529413,0.01952807160292921,127,0.5772727272727273,0.20909090909090908,0.4954545454545455,0.5045454545454545,19,0.08636363636363636,69.59828555045874,6.936594036697247,9.853669724770644,10.550175099000144,1
350,2090,20,19,17.5,4.68,1.0526315789473684,15,0.75,0.02057416267942584,213,0.6085714285714285,0.21428571428571427,0.5771428571428572,0.4228571428571429,10,0.02857142857142857,62.0953946280992,9.107232782369149,11.006556473829201,11.003577315987393,1
215,1191,3,10,71.66666666666667,4.446511627906977,0.3,1,0.3333333333333333,0.0041981528127623844,112,0.5209302325581395,0.19534883720930232,0.5162790697674419,0.48372093023255813,13,0.06046511627906977,3.455193798449642,30.58139534883721,33.68992248062016,21.19438992294339,1
263,1563,19,4,13.842105263157896,4.787072243346008,4.75,8,0.42105263157894735,0.02111324376199616,152,0.5779467680608364,0.2623574144486692,0.5285171102661597,0.4714828897338403,4,0.015209125475285171,56.89746283648054,8.748963439132183,10.248613901165127,10.882677951670543,1
329,2086,15,6,21.933333333333334,5.179331306990881,2.5,11,0.7333333333333333,0.019175455417066157,149,0.45288753799392095,0.3525835866261398,0.5227963525835866,0.47720364741641336,11,0.03343465045592705,38.12136363636364,13.40757575757576,17.89090909090909,16.239406708845525,1
361,2321,18,8,20.055555555555557,5.080332409972299,2.25,15,0.8333333333333334,0.021542438604049977,216,0.5983379501385041,0.26038781163434904,0.5872576177285319,0.41274238227146814,19,0.05263157894736842,47.31952259362427,11.61396007428041,14.440173320953267,13.901157680251561,1
193,1034,15,3,12.866666666666667,4.248704663212435,5.0,5,0.3333333333333333,0.02127659574468085,130,0.6735751295336787,0.16062176165803108,0.5077720207253886,0.49222797927461137,8,0.04145077720207254,73.31201754385968,6.180526315789475,7.803508771929825,8.841846274778883,1
193,1020,9,5,21.444444444444443,4.119170984455959,1.8,2,0.2222222222222222,0.025490196078431372,101,0.5233160621761658,0.07772020725388601,0.46113989637305697,0.538860103626943,1,0.0051813471502590676,69.91626984126984,8.917619047619052,11.56825396825397,10.504223727775692,1
460,2459,58,53,7.931034482758621,3.9347826086956523,1.0943396226415094,25,0.43103448275862066,0.06303375355835705,187,0.40652173913043477,0.10217391304347827,0.5065217391304347,0.4934782608695652,2,0.004347826086956522,92.75259893048128,2.39544622697564,4.383933452168747,6.305155272017332,1
518,3179,34,7,15.235294117647058,4.928571428571429,4.857142857142857,3,0.08823529411764706,0.014784523435042466,238,0.4594594594594595,0.305019305019305,0.5328185328185329,0.4671814671814672,19,0.03667953667953668,49.10511499336579,10.29731534719151,14.379124281291466,13.497565539657195,1
372,1869,22,4,16.90909090909091,3.9166666666666665,5.5,4,0.18181818181818182,0.01765650080256822,173,0.4650537634408602,0.10215053763440861,0.4596774193548387,0.5403225806451613,11,0.02956989247311828,82.1334759358289,6.026631016042781,8.725133689839572,9.218907990703514,1
217,1282,13,3,16.692307692307693,4.580645161290323,4.333333333333333,10,0.7692307692307693,0.01950078003120125,139,0.6405529953917051,0.1935483870967742,0.6036866359447005,0.39631336405529954,9,0.041474654377880185,68.17137155297534,7.802075471698114,9.919303338171263,10.035473477838034,1
248,1535,11,6,22.545454545454547,5.008064516129032,1.8333333333333333,9,0.8181818181818182,0.021498371335504887,141,0.5685483870967742,0.2862903225806452,0.5241935483870968,0.47580645161290325,16,0.06451612903225806,49.8876539589443,11.90192082111437,15.147214076246335,14.02287970970757,1
257,1541,6,4,42.833333333333336,4.883268482490273,1.5,5,0.8333333333333334,0.007787151200519144,133,0.5175097276264592,0.22957198443579765,0.5330739299610895,0.4669260700389105,15,0.058365758754863814,28.165258620689656,20.137452107279696,24.14329501915709,19.117987234576393,1
287,1701,19,6,15.105263157894736,4.571428571428571,3.1666666666666665,11,0.5789473684210527,0.02704291593180482,175,0.6097560975609756,0.1951219512195122,0.5574912891986062,0.4425087108013937,10,0.03484320557491289,65.40699945740643,7.9412334961114155,9.700198950985712,10.542938554032801,1
357,1711,12,8,29.75,3.6638655462184873,1.5,5,0.4166666666666667,0.012273524254821741,163,0.4565826330532213,0.08123249299719888,0.42296918767507,0.5770308123249299,20,0.056022408963585436,71.2606611570248,11.518016528925621,13.861157024793389,7.686295010490155,1
162,889,9,1,18.0,4.308641975308642,9.0,0,0.0,0.010123734533183352,87,0.5370370370370371,0.16049382716049382,0.46296296296296297,0.5370370370370371,6,0.037037037037037035,66.81991298527446,8.521405622489961,10.510307898259706,10.25414643259724,1
258,1435,17,2,15.176470588235293,4.437984496124031,8.5,9,0.5294117647058824,0.020209059233449476,169,0.6550387596899225,0.1511627906976744,0.5736434108527132,0.4263565891472868,28,0.10852713178294573,70.59626050420171,7.095144724556491,9.421475256769375,10.056822442137396,1
172,914,12,3,14.333333333333334,4.151162790697675,4.0,4,0.3333333333333333,0.024070021881838075,107,0.622093023255814,0.11046511627906977,0.5,0.5,2,0.011627906976744186,74.24015503875972,6.465116279069768,8.524031007751939,9.516144504307135,1
287,1722,19,1,15.105263157894736,4.825783972125436,19.0,12,0.631578947368421,0.02032520325203252,163,0.5679442508710801,0.2578397212543554,0.5331010452961672,0.46689895470383275,5,0.017421602787456445,56.560955743879504,9.441666666666666,11.843691148775896,11.645159339076184,1
152,811,8,3,19.0,4.203947368421052,2.6666666666666665,2,0.25,0.012330456226880395,97,0.6381578947368421,0.14473684210526316,0.4868421052631579,0.5131578947368421,4,0.02631578947368421,64.90872983870969,9.019153225806452,10.588709677419356,10.411451182825502,1
186,1026,19,3,9.789473684210526,4.370967741935484,6.333333333333333,0,0.0,0.021442495126705652,90,0.4838709677419355,0.21505376344086022,0.43010752688172044,0.5698924731182796,11,0.05913978494623656,76.56196394686908,5.2985641998735,9.107653383934219,9.773937934552698,1
168,891,11,2,15.272727272727273,4.2023809523809526,5.5,1,0.09090909090909091,0.014590347923681257,100,0.5952380952380952,0.14285714285714285,0.48214285714285715,0.5178571428571429,8,0.047619047619047616,75.51175324675326,6.521125541125542,8.966233766233767,9.80015041476705,1
172,862,8,1,21.5,3.9593023255813953,8.0,3,0.375,0.012761020881670533,102,0.5930232558139535,0.09302325581395349,0.4941860465116279,0.5058139534883721,6,0.03488372093023256,77.78148026315789,7.7205190058479545,10.421345029239767,9.188382445141503,1
283,1492,9,4,31.444444444444443,4.109540636042403,2.25,10,1.1111111111111112,0.015415549597855228,150,0.5300353356890459,0.13074204946996468,0.4911660777385159,0.508833922261484,5,0.0176678445229682,58.63127718465799,12.837912218268091,15.620561486753658,12.457975602129121,1
405,2352,17,3,23.823529411764707,4.6567901234567906,5.666666666666667,7,0.4117647058823529,0.011054421768707483,254,0.6271604938271605,0.19753086419753085,0.5851851851851851,0.4148148148148148,12,0.02962962962962963,56.487295552367314,11.371979913916789,13.744619799139167,12.72843380041369,1
414,2179,12,6,34.5,4.200483091787439,2.0,6,0.5,0.010096374483708122,186,0.4492753623188406,0.13768115942028986,0.427536231884058,0.572463768115942,9,0.021739130434782608,51.4546257062147,14.6325,16.57538337368846,12.885471636013051,1
180,997,19,2,9.473684210526315,4.316666666666666,9.5,4,0.21052631578947367,0.028084252758274825,113,0.6277777777777778,0.15555555555555556,0.5277777777777778,0.4722222222222222,4,0.022222222222222223,78.7550966183575,4.8140579710144955,7.132367149758455,8.515128840125781,1
209,1103,12,7,17.416666666666668,4.08133971291866,1.7142857142857142,7,0.5833333333333334,0.02901178603807797,113,0.5406698564593302,0.18181818181818182,0.46411483253588515,0.5358851674641149,4,0.019138755980861243,71.09057302886688,8.108918569582077,10.516329168461873,10.436869588844216,1
172,1060,9,3,19.11111111111111,4.982558139534884,3.0,6,0.6666666666666666,0.016037735849056604,100,0.5813953488372093,0.31976744186046513,0.5174418604651163,0.48255813953488375,5,0.029069767441860465,40.13649205202313,13.033345375722543,16.973699421965318,15.742502247213078,1
157,973,9,1,17.444444444444443,4.961783439490445,9.0,9,1.0,0.025693730729701953,107,0.6815286624203821,0.27388535031847133,0.5923566878980892,0.40764331210191085,10,0.06369426751592357,54.35388888888889,10.149753086419754,11.397530864197533,11.429527900616531,1
178,852,6,1,29.666666666666668,3.741573033707865,6.0,3,0.5,0.01056338028169014,98,0.550561797752809,0.10674157303370786,0.4606741573033708,0.5393258426966292,7,0.03932584269662921,72.16153558052439,10.564269662921351,13.889138576779027,10.504223727775692,1
315,1710,19,5,16.57894736842105,4.257142857142857,3.8,29,1.5263157894736843,0.03274853801169591,109,0.346031746031746,0.1111111111111111,0.5396825396825397,0.4603174603174603,2,0.006349206349206349,81.75123533355685,5.962269527321489,7.120080455916863,8.371475516178862,1
271,1417,19,4,14.263157894736842,4.107011070110701,4.75,4,0.21052631578947367,0.016231474947071278,119,0.43911439114391143,0.12915129151291513,0.5055350553505535,0.4944649446494465,4,0.014760147601476014,82.74464912280703,5.248401559454191,7.31384015594542,8.6894789155246,1
292,1619,27,5,10.814814814814815,4.345890410958904,5.4,3,0.1111111111111111,0.021000617665225447,134,0.4589041095890411,0.1506849315068493,0.547945205479452,0.4520547945205479,1,0.003424657534246575,72.52958538743523,5.8388092529389475,7.344153710024017,9.150863307647796,1
169,922,8,1,21.125,4.366863905325443,8.0,3,0.375,0.014099783080260303,94,0.5562130177514792,0.16568047337278108,0.4911242603550296,0.5088757396449705,5,0.029585798816568046,62.24756286982249,9.825081360946747,12.000295857988167,11.93303328291395,1
311,1900,12,5,25.916666666666668,4.942122186495177,2.4,15,1.25,0.016842105263157894,137,0.4405144694533762,0.3022508038585209,0.4983922829581994,0.5016077170418006,6,0.01929260450160772,38.826788747346086,14.344299363057328,18.619532908704883,16.62779280708321,1
251,1200,9,3,27.88888888888889,3.681274900398406,3.0,0,0.0,0.0125,129,0.5139442231075697,0.05976095617529881,0.5099601593625498,0.4900398406374502,7,0.027888446215139442,75.97969257795349,9.645270092226614,12.351163812033377,8.841846274778883,1
225,1367,13,3,17.307692307692307,4.9511111111111115,4.333333333333333,0,0.0,0.010972933430870519,131,0.5822222222222222,0.27111111111111114,0.5777777777777777,0.4222222222222222,24,0.10666666666666667,50.78769902586498,10.551615720524019,12.28632851864293,12.230961643895458,1
391,2520,26,1,15.038461538461538,5.296675191815857,26.0,23,0.8846153846153846,0.02619047619047619,225,0.5754475703324808,0.3145780051150895,0.5856777493606138,0.4143222506393862,5,0.01278772378516624,43.66846153846157,10.894871794871797,13.487179487179487,13.149919865122353,1
175,1097,3,4,58.333333333333336,5.16,0.75,14,4.666666666666667,0.01731996353691887,130,0.7428571428571429,0.3028571428571429,0.5542857142857143,0.44571428571428573,8,0.045714285714285714,5.498666666666679,26.983999999999998,30.190476190476193,21.493009986710348,1
194,1229,8,5,24.25,5.134020618556701,1.6,8,1.0,0.013832384052074858,117,0.6030927835051546,0.27835051546391754,0.5773195876288659,0.422680412371134,14,0.07216494845360824,34.3046590909091,14.623106060606062,17.98080808080808,16.218646115125612,1
199,1199,5,2,39.8,4.949748743718593,2.5,7,1.4,0.010842368640533779,118,0.592964824120603,0.2864321608040201,0.5527638190954773,0.4472361809045226,10,0.05025125628140704,29.18300000000002,19.12600000000001,22.0,17.58133193835471,1
211,1097,25,22,8.44,3.943127962085308,1.1363636363636365,0,0.0,0.022789425706472195,96,0.4549763033175355,0.08056872037914692,0.5023696682464455,0.4976303317535545,9,0.04265402843601896,93.27591320754719,2.3558792452830204,5.278792452830189,6.918507183188421,1
172,949,8,2,21.5,4.255813953488372,4.0,4,0.5,0.023182297154899896,96,0.5581395348837209,0.1686046511627907,0.4883720930232558,0.5116279069767442,1,0.005813953488372093,64.8865995762712,9.705416666666668,13.143785310734465,12.161744961471694,1
177,992,7,2,25.285714285714285,4.31638418079096,3.5,1,0.14285714285714285,0.012096774193548387,90,0.5084745762711864,0.15254237288135594,0.4971751412429379,0.5028248587570622,6,0.03389830508474576,64.67397790055249,10.662241515390686,13.657774269928968,11.765960540728905,1
292,1722,14,5,20.857142857142858,4.719178082191781,2.8,8,0.5714285714285714,0.019744483159117306,159,0.5445205479452054,0.24315068493150685,0.5342465753424658,0.4657534246575342,8,0.0273972602739726,53.50382550335573,11.084582933844683,13.078044103547459,12.66393586644259,1
197,1124,9,2,21.88888888888889,4.517766497461929,4.5,13,1.4444444444444444,0.025800711743772242,109,0.5532994923857868,0.16751269035532995,0.5685279187817259,0.43147208121827413,1,0.005076142131979695,61.877727272727284,10.094040404040403,11.62828282828283,11.645159339076184,1
178,1070,12,2,14.833333333333334,4.853932584269663,6.0,3,0.25,0.019626168224299065,86,0.48314606741573035,0.24719101123595505,0.5112359550561798,0.4887640449438202,2,0.011235955056179775,55.5234090909091,9.489772727272733,13.218181818181819,13.463846863241148,1
166,890,10,2,16.6,4.210843373493976,5.0,3,0.3,0.014606741573033709,88,0.5301204819277109,0.21084337349397592,0.4397590361445783,0.5602409638554217,4,0.024096385542168676,66.02404761904765,8.687619047619052,11.514285714285714,11.20814326018867,1
335,2099,16,5,20.9375,5.077611940298508,3.2,8,0.5,0.015245354930919485,147,0.4388059701492537,0.31044776119402984,0.5014925373134328,0.49850746268656715,6,0.01791044776119403,42.25392857142859,12.582738095238096,16.85238095238095,15.414825405933506,1
173,973,8,2,21.625,4.468208092485549,4.0,7,0.875,0.02672147995889003,106,0.6127167630057804,0.1676300578034682,0.49710982658959535,0.5028901734104047,2,0.011560693641618497,64.01482558139537,9.671744186046514,12.088372093023256,11.93303328291395,1
167,972,9,5,18.555555555555557,4.6467065868263475,1.8,6,0.6666666666666666,0.01646090534979424,83,0.49700598802395207,0.24550898203592814,0.46107784431137727,0.5389221556886228,2,0.011976047904191617,59.328057218895566,9.593972055888226,11.973120425815038,12.060818386365153,1
398,2391,21,39,18.952380952380953,4.798994974874372,0.5384615384615384,1,0.047619047619047616,0.009201171058134672,139,0.3492462311557789,0.2814070351758794,0.48743718592964824,0.5125628140703518,14,0.035175879396984924,54.60714285714289,10.362857142857145,14.016040100250628,13.333152626285301,1
164,811,4,1,41.0,3.9207317073170733,4.0,0,0.0,0.004932182490752158,85,0.5182926829268293,0.12195121951219512,0.4573170731707317,0.5426829268292683,7,0.042682926829268296,58.95414634146344,15.221951219512196,17.619512195121953,10.686352973137792,1
300,1748,16,4,18.75,4.59,4.0,15,0.9375,0.03260869565217391,170,0.5666666666666667,0.21333333333333335,0.5733333333333334,0.4266666666666667,19,0.06333333333333334,62.32536689038032,9.501624161073828,11.97351230425056,11.473099999999999,1
173,1070,13,5,13.307692307692308,4.84393063583815,2.6,1,0.07692307692307693,0.020560747663551402,92,0.5317919075144508,0.30057803468208094,0.49710982658959535,0.5028901734104047,3,0.017341040462427744,51.51266340595822,9.380346820809251,13.877990217874611,13.149919865122353,1
406,2421,16,3,25.375,4.869458128078818,5.333333333333333,8,0.5,0.012391573729863693,215,0.5295566502463054,0.2536945812807882,0.5985221674876847,0.4014778325123153,17,0.04187192118226601,45.28178516584768,13.262811732186734,13.909643734643735,13.126405980863044,1
372,2212,17,4,21.88235294117647,4.682795698924731,4.25,23,1.3529411764705883,0.03345388788426763,207,0.5564516129032258,0.22043010752688172,0.543010752688172,0.45698924731182794,8,0.021505376344086023,56.69177364864868,11.096858108108112,14.33108108108108,13.126405980863044,1
197,993,11,3,17.90909090909091,3.9441624365482233,3.6666666666666665,6,0.5454545454545454,0.019133937562940583,101,0.5126903553299492,0.116751269035533,0.4213197969543147,0.5786802030456852,1,0.005076142131979695,76.14356714351639,7.0879464697738825,10.41236732810337,10.436869588844216,1
245,1315,9,5,27.22222222222222,4.151020408163265,1.8,5,0.5555555555555556,0.01977186311787072,144,0.5877551020408164,0.1346938775510204,0.4857142857142857,0.5142857142857142,17,0.06938775510204082,65.94403628117914,10.824217687074832,13.011337868480727,10.25414643259724,1
251,1551,10,1,25.1,4.964143426294821,10.0,12,1.2,0.02385557704706641,152,0.6055776892430279,0.26693227091633465,0.5856573705179283,0.41434262948207173,7,0.027888446215139442,48.15872440944881,12.852220472440951,15.199370078740158,13.968273953766033,1
428,2576,18,3,23.77777777777778,4.838785046728972,6.0,14,0.7777777777777778,0.022127329192546584,198,0.46261682242990654,0.29439252336448596,0.514018691588785,0.48598130841121495,11,0.02570093457943925,39.406399647887355,14.377318075117376,17.880046948356807,15.903189008614273,1
237,1339,16,5,14.8125,4.4261603375527425,3.2,7,0.4375,0.02315160567587752,147,0.620253164556962,0.17721518987341772,0.5780590717299579,0.4219409282700422,2,0.008438818565400843,68.87153935185187,7.426129115226342,8.873353909465022,9.516144504307135,1
254,1505,11,5,23.09090909090909,4.724409448818897,2.2,22,2.0,0.02724252491694352,157,0.6181102362204725,0.24015748031496062,0.547244094488189,0.452755905511811,11,0.04330708661417323,47.060056818181835,12.47698863636364,15.24659090909091,14.02287970970757,1
163,1048,10,5,16.3,5.061349693251533,2.0,5,0.5,0.016221374045801526,122,0.7484662576687117,0.26993865030674846,0.6012269938650306,0.3987730061349693,3,0.018404907975460124,50.01641124260357,10.481473372781064,12.440473372781065,12.857556352371635,1
222,1162,7,4,31.714285714285715,3.972972972972973,1.75,3,0.42857142857142855,0.019793459552495698,122,0.5495495495495496,0.0990990990990991,0.47297297297297297,0.527027027027027,14,0.06306306306306306,65.30764705882355,11.99344537815126,14.800517129928895,10.608840637214634,1
356,1974,23,6,15.478260869565217,4.365168539325842,3.8333333333333335,13,0.5652173913043478,0.02330293819655522,178,0.5,0.1601123595505618,0.5421348314606742,0.45786516853932585,13,0.03651685393258427,74.01488856412132,6.7917695773961775,8.785726464498843,9.20300075937882,1
181,1036,11,3,16.454545454545453,4.54696132596685,3.6666666666666665,9,0.8181818181818182,0.025096525096525095,120,0.6629834254143646,0.2265193370165746,0.5580110497237569,0.4419889502762431,5,0.027624309392265192,60.79921739130438,9.350130434782606,11.707826086956523,11.979248473330827,1
392,2307,22,5,17.818181818181817,4.709183673469388,4.4,9,0.4090909090909091,0.01950585175552666,203,0.5178571428571429,0.2193877551020408,0.5178571428571429,0.48214285714285715,6,0.015306122448979591,60.83470680083278,9.21193268563498,11.82738838769373,11.741389052700956,1
151,765,8,2,18.875,3.980132450331126,4.0,1,0.125,0.01699346405228758,92,0.609271523178808,0.12582781456953643,0.48344370860927155,0.5165562913907285,10,0.06622516556291391,76.18415976821191,7.322243377483446,8.344701986754968,7.168621630094336,1
289,1612,11,3,26.272727272727273,4.505190311418685,3.6666666666666665,2,0.18181818181818182,0.008684863523573201,165,0.5709342560553633,0.2179930795847751,0.5501730103806228,0.44982698961937717,6,0.020761245674740483,50.79172413793104,13.37931034482759,16.289655172413795,13.968273953766033,1
220,1028,6,4,36.666666666666664,3.65,1.5,0,0.0,0.005836575875486381,101,0.4590909090909091,0.09090909090909091,0.38636363636363635,0.6136363636363636,15,0.06818181818181818,67.67833333333336,12.762962962962966,15.140740740740743,7.793537801064561,1
227,1295,24,5,9.458333333333334,4.493392070484582,4.8,11,0.4583333333333333,0.03861003861003861,128,0.5638766519823789,0.2290748898678414,0.5154185022026432,0.4845814977973568,3,0.013215859030837005,72.82565217391306,5.531884057971013,6.935265700483092,8.716276077567194,1
386,2338,22,6,17.545454545454547,4.849740932642487,3.6666666666666665,12,0.5454545454545454,0.019674935842600515,144,0.37305699481865284,0.2694300518134715,0.5751295336787565,0.42487046632124353,9,0.023316062176165803,51.57821825121445,10.503026833217671,11.623826046726812,11.567385478589937,1
192,1120,9,3,21.333333333333332,4.609375,3.0,11,1.2222222222222223,0.024107142857142858,108,0.5625,0.21875,0.5,0.5,8,0.041666666666666664,56.72616959064328,10.591754385964915,13.497076023391813,12.838901577100671,1
197,1199,14,1,14.071428571428571,4.939086294416244,14.0,12,0.8571428571428571,0.026688907422852376,127,0.6446700507614214,0.24873096446700507,0.6040609137055838,0.39593908629441626,10,0.050761421319796954,51.51048076923078,10.111602564102565,12.448717948717949,12.009924989830619,1
194,1096,11,3,17.636363636363637,4.536082474226804,3.6666666666666665,2,0.18181818181818182,0.01824817518248175,108,0.5567010309278351,0.2268041237113402,0.5051546391752577,0.4948453608247423,6,0.030927835051546393,60.42335664335667,9.235431235431236,12.424242424242426,12.563389971838223,1
175,946,9,3,19.444444444444443,4.325714285714286,3.0,0,0.0,0.011627906976744186,97,0.5542857142857143,0.2,0.49142857142857144,0.5085714285714286,9,0.05142857142857143,62.41181818181819,10.019545454545455,13.8,13.023866798666859,1
240,1281,17,7,14.117647058823529,3.879166666666667,2.4285714285714284,6,0.35294117647058826,0.02576112412177986,130,0.5416666666666666,0.0875,0.45,0.55,1,0.004166666666666667,86.80718750000001,4.800252659574472,7.0664893617021285,7.6454224807358475,1
359,1901,8,1,44.875,4.247910863509749,8.0,1,0.125,0.010520778537611783,170,0.4735376044568245,0.16991643454038996,0.43454038997214484,0.5654596100278552,4,0.011142061281337047,39.97255777310926,18.770052521008406,21.771568627450982,16.061879428645646,1
486,2916,22,1,22.09090909090909,4.893004115226337,22.0,13,0.5909090909090909,0.015089163237311385,257,0.5288065843621399,0.24074074074074073,0.5576131687242798,0.44238683127572015,9,0.018518518518518517,48.69552875695737,12.000445269016698,14.378478664192949,13.319297830178854,1
317,1885,23,5,13.782608695652174,4.65615141955836,4.6,17,0.7391304347826086,0.026525198938992044,181,0.5709779179810726,0.2082018927444795,0.5583596214511041,0.4416403785488959,4,0.012618296529968454,67.46451690821259,7.348974771873323,9.95577026301664,10.374825546531014,1
394,2293,24,4,16.416666666666668,4.51015228426396,6.0,6,0.25,0.020497165285651986,206,0.5228426395939086,0.17258883248730963,0.5964467005076142,0.4035532994923858,12,0.030456852791878174,66.17469247083777,8.45778366914104,10.154825026511134,10.472087959537523,1
438,2118,9,4,48.666666666666664,3.7511415525114153,2.25,1,0.1111111111111111,0.004721435316336166,157,0.3584474885844749,0.08447488584474885,0.4680365296803653,0.5319634703196348,10,0.0228310502283105,50.950118149824036,18.353378582202115,20.911412770236304,10.504223727775692,1
219,1184,14,3,15.642857142857142,4.337899543378995,4.666666666666667,0,0.0,0.011824324324324325,78,0.3561643835616438,0.1415525114155251,0.4611872146118721,0.5388127853881278,4,0.0182648401826484,74.29448630136987,6.782860404435748,8.814220482713635,9.784248007369934,1
229,1177,16,4,14.3125,4.03056768558952,4.0,4,0.25,0.01954120645709431,106,0.462882096069869,0.13100436681222707,0.4585152838427948,0.5414847161572053,3,0.013100436681222707,84.64956250000002,4.945930555555556,6.8694444444444445,7.6454224807358475,1
301,1578,11,5,27.363636363636363,4.112956810631229,2.2,7,0.6363636363636364,0.01964512040557668,139,0.46179401993355484,0.13953488372093023,0.4850498338870432,0.5149501661129569,5,0.016611295681063124,66.70456020066891,11.383374581939801,13.69913043478261,9.888512548439397,1
235,1306,6,5,39.166666666666664,4.463829787234043,1.2,3,0.5,0.008422664624808576,116,0.49361702127659574,0.20425531914893616,0.48936170212765956,0.5106382978723404,12,0.05106382978723404,42.87946327683618,17.05,20.140112994350286,15.470042427545799,1
173,833,1,1,173.0,3.820809248554913,1.0,0,0.0,0.0,82,0.47398843930635837,0.07514450867052024,0.4508670520231214,0.5491329479768786,12,0.06936416184971098,-68.03052023121383,65.72624277456647,69.89364161849711,13.023866798666859,1
231,1244,20,2,11.55,4.216450216450217,10.0,11,0.55,0.03697749196141479,129,0.5584415584415584,0.15584415584415584,0.4805194805194805,0.5194805194805194,11,0.047619047619047616,76.52903381642514,5.7594202898550755,8.067632850241546,9.2995712137729,1
266,1640,15,3,17.733333333333334,5.06390977443609,5.0,15,1.0,0.01951219512195122,165,0.6203007518796992,0.30451127819548873,0.5827067669172933,0.41729323308270677,6,0.022556390977443608,46.72320512820514,11.048461538461542,12.77948717948718,12.340626583579944,1
204,1171,10,5,20.4,4.5588235294117645,2.0,10,1.0,0.01964133219470538,112,0.5490196078431373,0.23529411764705882,0.46568627450980393,0.5343137254901961,6,0.029411764705882353,56.15124271844664,10.544970873786408,14.065242718446605,13.348371206891418,1
200,1022,14,6,14.285714285714286,3.925,2.3333333333333335,6,0.42857142857142855,0.03424657534246575,93,0.465,0.065,0.505,0.495,10,0.05,84.51324626865674,5.0381414356787495,6.339872068230278,6.18269132825596,1
234,1251,11,3,21.272727272727273,4.256410256410256,3.6666666666666665,7,0.6363636363636364,0.019184652278177457,141,0.6025641025641025,0.16666666666666666,0.49145299145299143,0.5085470085470085,4,0.017094017094017096,65.33314229249014,9.341067193675894,12.189723320158103,11.911945987284739,1
220,1258,17,4,12.941176470588236,4.472727272727273,4.25,7,0.4117647058823529,0.02066772655007949,139,0.6318181818181818,0.18636363636363637,0.5681818181818182,0.4318181818181818,23,0.10454545454545454,64.15024657534249,7.938703196347031,10.406210045662101,11.072351349416056,1
198,998,8,3,24.75,3.9292929292929295,2.6666666666666665,3,0.375,0.012024048096192385,94,0.47474747474747475,0.09090909090909091,0.494949494949495,0.5050505050505051,3,0.015151515151515152,71.90446293969852,9.40974246231156,11.759045226130652,10.125756701596842,1
180,995,12,3,15.0,4.3277777777777775,4.0,4,0.3333333333333333,0.02814070351758794,100,0.5555555555555556,0.2,0.5666666666666667,0.43333333333333335,11,0.06111111111111111,68.72434981684982,7.441483516483515,10.242490842490843,10.504223727775692,1
247,1466,17,3,14.529411764705882,4.7368421052631575,5.666666666666667,2,0.11764705882352941,0.01296043656207367,140,0.5668016194331984,0.23076923076923078,0.5546558704453441,0.44534412955465585,7,0.02834008097165992,60.27092941176471,8.50609411764706,10.042352941176471,10.328600350310264,1
309,1714,25,4,12.36,4.372168284789644,6.25,4,0.16,0.022753792298716453,170,0.5501618122977346,0.18122977346278318,0.5048543689320388,0.49514563106796117,7,0.022653721682847898,74.3178,5.993866666666669,9.094564102564105,10.172246626331159,1
240,1431,13,3,18.46153846153846,4.8375,4.333333333333333,9,0.6923076923076923,0.016771488469601678,129,0.5375,0.2125,0.5833333333333334,0.4166666666666667,6,0.025,50.55278130959951,10.832809917355377,11.24780673871583,10.891193690592665,1
205,1064,12,3,17.083333333333332,4.107317073170732,4.0,4,0.3333333333333333,0.015977443609022556,106,0.5170731707317073,0.11219512195121951,0.5219512195121951,0.47804878048780486,12,0.05853658536585366,80.95980691056911,6.211036585365857,9.369918699186991,9.075114841892004,1
220,1186,7,3,31.428571428571427,4.322727272727272,2.3333333333333335,3,0.42857142857142855,0.012647554806070826,118,0.5363636363636364,0.20909090909090908,0.45,0.55,3,0.013636363636363636,52.891627906976765,13.512292358803993,16.192691029900335,13.707050652182112,1
310,1708,26,6,11.923076923076923,4.3,4.333333333333333,14,0.5384615384615384,0.026932084309133488,170,0.5483870967741935,0.13548387096774195,0.5419354838709678,0.45806451612903226,8,0.025806451612903226,78.05884615384616,5.352820512820514,6.723076923076923,7.882392219407189,1
431,2197,44,15,9.795454545454545,3.6728538283062644,2.933333333333333,11,0.25,0.04597177969959035,180,0.4176334106728538,0.07424593967517401,0.44779582366589327,0.5522041763341067,9,0.02088167053364269,91.56327630090499,3.9194994343891416,6.520475113122171,7.04035,1
199,1134,11,4,18.09090909090909,4.457286432160804,2.75,11,1.0,0.030864197530864196,118,0.592964824120603,0.18090452261306533,0.5276381909547738,0.4723618090452261,1,0.005025125628140704,70.30445676274948,8.083059866962309,9.796008869179602,9.339509955726097,1
362,1857,25,7,14.48,3.994475138121547,3.5714285714285716,0,0.0,0.014539579967689823,152,0.4198895027624309,0.12430939226519337,0.4005524861878453,0.5994475138121547,8,0.022099447513812154,77.55736721311476,6.078616393442626,8.260371584699454,8.608573733854374,1
193,1095,9,3,21.444444444444443,4.55440414507772,3.0,8,0.8888888888888888,0.0182648401826484,101,0.5233160621761658,0.15544041450777202,0.5492227979274611,0.45077720207253885,8,0.04145077720207254,65.33166666666668,9.446666666666669,10.825000000000001,9.994966539143718,1
286,1668,18,7,15.88888888888889,4.625874125874126,2.5714285714285716,8,0.4444444444444444,0.023980815347721823,154,0.5384615384615384,0.22377622377622378,0.541958041958042,0.458041958041958,10,0.03496503496503497,60.67089751364466,9.049456236102689,11.245684253082677,11.08844711333714,1
486,2811,17,6,28.58823529411765,4.323045267489712,2.8333333333333335,1,0.058823529411764705,0.012806830309498399,215,0.44238683127572015,0.15843621399176955,0.46296296296296297,0.5370370370370371,17,0.03497942386831276,59.371999263170835,11.97794670268943,14.610880510868231,12.526319926815653,1
171,995,6,1,28.5,4.7368421052631575,6.0,8,1.3333333333333333,0.018090452261306532,107,0.6257309941520468,0.22807017543859648,0.5263157894736842,0.47368421052631576,3,0.017543859649122806,42.08488658777122,14.386715976331363,15.05364891518738,12.457975602129121,1
201,1067,6,4,33.5,4.248756218905473,1.5,1,0.16666666666666666,0.008434864104967198,95,0.472636815920398,0.12437810945273632,0.5024875621890548,0.4975124378109453,4,0.01990049751243781,47.339462686567174,16.643223880597017,18.46805970149254,12.68835289967788,1
224,1302,6,2,37.333333333333336,4.683035714285714,3.0,9,1.5,0.020737327188940093,139,0.6205357142857143,0.23660714285714285,0.49107142857142855,0.5089285714285714,3,0.013392857142857142,39.08297935103249,17.165486725663715,20.55339233038348,16.92669308720184,1
203,1128,10,4,20.3,4.384236453201971,2.5,3,0.3,0.01152482269503546,126,0.6206896551724138,0.18226600985221675,0.5812807881773399,0.4187192118226601,14,0.06896551724137931,63.95415533980585,9.456621359223302,11.929320388349517,11.602472056035307,1
239,1312,23,5,10.391304347826088,4.297071129707113,4.6,3,0.13043478260869565,0.022103658536585365,147,0.6150627615062761,0.17154811715481172,0.5523012552301255,0.4476987447698745,9,0.03765690376569038,73.32500000000002,5.800158730158731,7.875946275946276,9.107695989026187,1
175,973,6,1,29.166666666666668,4.531428571428571,6.0,2,0.3333333333333333,0.008221993833504625,100,0.5714285714285714,0.19428571428571428,0.5371428571428571,0.46285714285714286,1,0.005714285714285714,50.913675337186916,13.320895953757226,16.620038535645474,14.554592549557764,1
208,1224,11,3,18.90909090909091,4.721153846153846,3.6666666666666665,9,0.8181818181818182,0.03431372549019608,130,0.625,0.2403846153846154,0.5721153846153846,0.42788461538461536,7,0.03365384615384615,52.75982360922663,10.439846223428315,11.68720036182723,12.719339214003902,1
365,1987,21,3,17.38095238095238,4.2,7.0,20,0.9523809523809523,0.029693004529441368,213,0.5835616438356165,0.14794520547945206,0.5534246575342465,0.4465753424657534,24,0.06575342465753424,74.46182648401829,7.191311154598829,9.58251793868232,9.485657244295059,1
305,1870,16,11,19.0625,4.967213114754099,1.4545454545454546,9,0.5625,0.01871657754010695,149,0.4885245901639344,0.2983606557377049,0.49508196721311476,0.5049180327868853,3,0.009836065573770493,44.21516831683172,12.110442244224423,16.792871287128715,15.470042427545799,1
218,4586,11,7,19.818181818181817,4.605504587155964,1.5714285714285714,9,0.8181818181818182,0.0085041430440471,121,0.555045871559633,0.23853211009174313,0.5229357798165137,0.47706422018348627,4,0.01834862385321101,55.938811509591346,10.38037531276063,13.798832360300251,13.319297830178854,1
372,1830,16,1,23.25,3.8521505376344085,16.0,0,0.0,0.00819672131147541,158,0.42473118279569894,0.08870967741935484,0.41397849462365593,0.5860215053763441,15,0.04032258064516129,81.10846933646116,7.7377999329758715,10.826340482573727,8.660442795831768,1
160,892,12,3,13.333333333333334,4.375,4.0,2,0.16666666666666666,0.0257847533632287,106,0.6625,0.18125,0.5375,0.4625,2,0.0125,64.06253773584909,8.273893081761006,9.882012578616353,10.125756701596842,1
160,913,11,4,14.545454545454545,4.5375,2.75,4,0.36363636363636365,0.027382256297918947,112,0.7,0.21875,0.51875,0.48125,2,0.0125,67.81511363636366,7.413977272727273,9.318181818181818,10.23097548852734,1
232,1310,12,3,19.333333333333332,4.443965517241379,4.0,7,0.5833333333333334,0.015267175572519083,125,0.5387931034482759,0.1724137931034483,0.4870689655172414,0.5129310344827587,4,0.017241379310344827,67.67043097281831,8.6443025751073,10.856795422031475,10.31748142421505,1
269,1383,19,1,14.157894736842104,3.9851301115241635,19.0,8,0.42105263157894735,0.03253796095444685,114,0.42379182156133827,0.08178438661710037,0.483271375464684,0.516728624535316,2,0.007434944237918215,82.6144117647059,5.6818954248366005,7.093681917211329,7.5105763829236425,1
531,3028,35,6,15.17142857142857,4.446327683615819,5.833333333333333,27,0.7714285714285715,0.03368560105680317,264,0.4971751412429379,0.1713747645951036,0.559322033898305,0.4406779661016949,8,0.015065913370998116,69.99824831777731,7.456210115042328,9.402300846537878,10.056822442137396,1
156,773,5,1,31.2,3.8141025641025643,5.0,3,0.6,0.02457956015523933,100,0.6410256410256411,0.08333333333333333,0.4230769230769231,0.5769230769230769,3,0.019230769230769232,67.79007692307694,11.554923076923078,15.044102564102566,11.979248473330827,1
159,826,8,3,19.875,4.1257861635220126,2.6666666666666665,2,0.25,0.012106537530266344,86,0.5408805031446541,0.10062893081761007,0.49056603773584906,0.5094339622641509,2,0.012578616352201259,82.90715801886795,6.632948113207551,8.704716981132076,6.6274283507984215,1
153,930,11,1,13.909090909090908,4.705882352941177,11.0,12,1.0909090909090908,0.02903225806451613,103,0.673202614379085,0.2222222222222222,0.5816993464052288,0.41830065359477125,6,0.0392156862745098,70.45886363636366,7.045227272727274,9.568181818181818,10.018931242160765,1
444,2395,19,3,23.36842105263158,4.218468468468468,6.333333333333333,4,0.21052631578947367,0.019206680584551147,174,0.3918918918918919,0.15090090090090091,0.4954954954954955,0.5045045045045045,5,0.01126126126126126,69.2435263157895,9.485064327485382,11.518128654970761,10.30751831280988,1
235,1276,16,6,14.6875,4.306382978723405,2.6666666666666665,10,0.625,0.02115987460815047,149,0.6340425531914894,0.1276595744680851,0.5659574468085107,0.4340425531914894,4,0.01702127659574468,68.91741948689958,7.20235534934498,9.567794759825327,10.270032843473604,1
224,1176,11,4,20.363636363636363,4.111607142857143,2.75,2,0.18181818181818182,0.012755102040816327,103,0.45982142857142855,0.12946428571428573,0.45982142857142855,0.5401785714285714,6,0.026785714285714284,76.46150000000002,8.184111111111111,10.955555555555556,9.642632912329528,1
363,2044,13,5,27.923076923076923,4.4986225895316805,2.6,19,1.4615384615384615,0.021037181996086105,165,0.45454545454545453,0.1652892561983471,0.512396694214876,0.48760330578512395,7,0.01928374655647383,56.60382072472983,12.301101928374656,13.92405170586989,11.661520659325951,1
391,2229,24,5,16.291666666666668,4.521739130434782,4.8,14,0.5833333333333334,0.033647375504710635,193,0.4936061381074169,0.17391304347826086,0.5038363171355499,0.4961636828644501,3,0.0076726342710997444,61.08500000000002,9.352857142857147,10.915750915750918,11.013438906972478,1
280,1708,21,5,13.333333333333334,4.921428571428572,4.2,14,0.6666666666666666,0.02927400468384075,158,0.5642857142857143,0.24642857142857144,0.6,0.4,3,0.010714285714285714,51.090789473684225,9.741929824561407,11.752555301296722,12.114078956130353,1
288,1545,7,2,41.142857142857146,4.288194444444445,3.5,6,0.8571428571428571,0.008414239482200648,127,0.4409722222222222,0.13194444444444445,0.4791666666666667,0.5208333333333334,8,0.027777777777777776,43.50789473684213,17.305413533834585,19.79448621553885,15.151101081350806,1
175,1071,9,1,19.444444444444443,5.045714285714285,9.0,5,0.5555555555555556,0.013071895424836602,111,0.6342857142857142,0.2914285714285714,0.6057142857142858,0.3942857142857143,11,0.06285714285714286,47.471752167630086,12.010223988439307,12.81184971098266,12.161744961471694,1
391,2362,23,18,17.0,4.843989769820972,1.2777777777777777,17,0.7391304347826086,0.021168501270110076,225,0.5754475703324808,0.2531969309462916,0.5370843989769821,0.4629156010230179,16,0.04092071611253197,53.87341851974776,9.989943577829408,12.229184644319062,12.043149292134785,1
607,3573,39,10,15.564102564102564,4.680395387149917,3.9,24,0.6153846153846154,0.026028547439126783,277,0.45634266886326197,0.24052718286655683,0.500823723228995,0.49917627677100496,19,0.03130148270181219,58.78748058671272,9.047575496117343,12.584987057808457,12.303257153313005,1
271,1414,16,5,16.9375,4.11070110701107,3.2,5,0.3125,0.016973125884016973,152,0.5608856088560885,0.14391143911439114,0.47601476014760147,0.5239852398523985,4,0.014760147601476014,74.5929019607843,7.359941176470592,9.900392156862745,9.725611199111238,1
185,1088,15,3,12.333333333333334,4.535135135135135,5.0,14,0.9333333333333333,0.03860294117647059,124,0.6702702702702703,0.23243243243243245,0.572972972972973,0.42702702702702705,4,0.021621621621621623,71.2636666666667,6.433106382978725,9.906950354609931,10.355215969177355,1
505,3043,37,7,13.64864864864865,4.817821782178218,5.285714285714286,14,0.3783783783783784,0.02497535326979954,252,0.499009900990099,0.25544554455445545,0.5326732673267327,0.46732673267326735,11,0.02178217821782178,52.718403191959396,9.377258117958913,12.348332228849127,12.457975602129121,1
182,1040,4,3,45.5,4.631868131868132,1.3333333333333333,7,1.75,0.010576923076923078,122,0.6703296703296703,0.1813186813186813,0.554945054945055,0.44505494505494503,17,0.09340659340659341,34.75006284916205,19.529539106145254,21.25195530726257,15.579741850924794,1
360,2256,19,9,18.94736842105263,5.063888888888889,2.111111111111111,20,1.0526315789473684,0.02171985815602837,203,0.5638888888888889,0.275,0.5777777777777777,0.4222222222222222,14,0.03888888888888889,48.628643250688725,11.486570247933887,13.135537190082644,12.745084868956482,1
316,1738,28,4,11.285714285714286,4.224683544303797,7.0,2,0.07142857142857142,0.03855005753739931,136,0.43037974683544306,0.1962025316455696,0.49683544303797467,0.5031645569620253,11,0.03481012658227848,75.72327523659308,6.635033123028393,8.989842271293375,9.255337874911486,1
157,872,8,1,19.625,4.484076433121019,8.0,3,0.375,0.014908256880733946,103,0.6560509554140127,0.17834394904458598,0.5222929936305732,0.47770700636942676,3,0.01910828025477707,54.357663216560525,10.552921974522295,11.671656050955415,11.45678717892309,1
235,1274,15,5,15.666666666666666,4.182978723404255,3.0,11,0.7333333333333333,0.02433281004709576,125,0.5319148936170213,0.13191489361702127,0.548936170212766,0.451063829787234,2,0.00851063829787234,74.22407692307694,6.782034188034189,8.975042735042734,9.725611199111238,1
301,1792,25,5,12.04,4.744186046511628,5.0,12,0.48,0.029575892857142856,187,0.6212624584717608,0.24584717607973422,0.6046511627906976,0.3953488372093023,10,0.03322259136212625,60.234233784746976,8.152230933713472,10.55024946543122,10.940254816364696,1
412,2179,62,2,6.645161290322581,3.941747572815534,31.0,16,0.25806451612903225,0.06792106470858192,211,0.5121359223300971,0.11165048543689321,0.4830097087378641,0.5169902912621359,6,0.014563106796116505,86.31126002160688,3.5835935634275344,5.760641382839598,7.485028197883464,1
200,1185,10,3,20.0,4.83,3.3333333333333335,5,0.5,0.015189873417721518,128,0.64,0.25,0.525,0.475,2,0.01,43.138000000000034,12.211000000000002,13.4,13.023866798666859,1
309,1589,23,1,13.434782608695652,3.9902912621359223,23.0,14,0.6086956521739131,0.027690371302706105,142,0.459546925566343,0.15857605177993528,0.5016181229773463,0.49838187702265374,6,0.019417475728155338,78.62703640776701,6.130645631067964,9.286796116504854,9.888512548439397,1
221,1218,7,3,31.571428571428573,4.416289592760181,2.3333333333333335,6,0.8571428571428571,0.010673234811165846,120,0.5429864253393665,0.1583710407239819,0.5429864253393665,0.45701357466063347,2,0.00904977375565611,52.721524663677144,13.819935938500958,15.254067905188982,11.491704259439757,1
490,2986,23,7,21.304347826086957,4.963265306122449,3.2857142857142856,18,0.782608695652174,0.016744809109176157,271,0.5530612244897959,0.2714285714285714,0.5775510204081633,0.42244897959183675,5,0.01020408163265306,43.29027062999114,12.513797692990241,14.236024844720498,13.6494047153753,1
163,861,9,1,18.11111111111111,4.128834355828221,9.0,6,0.6666666666666666,0.030197444831591175,95,0.5828220858895705,0.15950920245398773,0.5521472392638037,0.44785276073619634,3,0.018404907975460124,70.54277777777779,7.89172839506173,10.409876543209876,10.74609503303851,1
165,1024,9,3,18.333333333333332,4.987878787878788,3.0,13,1.4444444444444444,0.0263671875,109,0.6606060606060606,0.2787878787878788,0.5818181818181818,0.41818181818181815,4,0.024242424242424242,46.156799733865626,11.431097804391218,12.21264138389887,12.060818386365153,1
425,2058,25,6,17.0,3.736470588235294,4.166666666666667,4,0.16,0.017978620019436346,190,0.4470588235294118,0.08235294117647059,0.4235294117647059,0.5764705882352941,14,0.03294117647058824,83.48164705882354,5.838588235294118,8.305882352941177,8.364918446050245,1
155,853,8,3,19.375,4.419354838709677,2.6666666666666665,1,0.125,0.011723329425556858,75,0.4838709677419355,0.14193548387096774,0.5290322580645161,0.47096774193548385,3,0.01935483870967742,62.72550403225807,9.32366935483871,11.10483870967742,11.45678717892309,1
171,990,11,5,15.545454545454545,4.637426900584796,2.2,4,0.36363636363636365,0.021212121212121213,112,0.6549707602339181,0.1695906432748538,0.5672514619883041,0.4327485380116959,8,0.04678362573099415,57.88675324675327,8.979458874458874,9.442424242424243,10.23097548852734,1
206,959,1,1,206.0,3.6601941747572817,1.0,0,0.0,0.0010427528675703858,101,0.49029126213592233,0.07766990291262135,0.3932038834951456,0.6067961165048543,17,0.0825242718446602,-103.28218446601937,78.84126213592234,82.59417475728156,13.023866798666859,1
248,1514,16,5,15.5,4.939516129032258,3.2,11,0.6875,0.031043593130779392,105,0.42338709677419356,0.2782258064516129,0.5161290322580645,0.4838709677419355,3,0.012096774193548387,47.46690573770496,10.42717213114754,13.804918032786885,13.023866798666859,1
337,2154,18,7,18.72222222222222,5.243323442136498,2.5714285714285716,14,0.7777777777777778,0.017641597028783658,194,0.5756676557863502,0.32344213649851633,0.6083086053412463,0.3916913946587537,6,0.017804154302670624,40.48022861356935,12.29187315634218,14.141002949852506,13.5591,1
201,1227,9,3,22.333333333333332,4.955223880597015,3.0,7,0.7777777777777778,0.017929910350448247,131,0.6517412935323383,0.2736318407960199,0.5522388059701493,0.44776119402985076,2,0.009950248756218905,42.413627450980414,12.974509803921574,14.94901960784314,14.06817628641468,1
264,1401,21,7,12.571428571428571,4.09469696969697,3.0,11,0.5238095238095238,0.024982155603140613,133,0.5037878787878788,0.13636363636363635,0.48863636363636365,0.5113636363636364,11,0.041666666666666664,75.89653035935567,5.855528412108338,7.205593910426625,8.269060116576782,1
206,1215,14,3,14.714285714285714,4.742718446601942,4.666666666666667,10,0.7142857142857143,0.0205761316872428,129,0.6262135922330098,0.24757281553398058,0.558252427184466,0.441747572815534,18,0.08737864077669903,61.97737804878048,8.252421602787457,9.759581881533101,10.125756701596842,1
152,805,6,1,25.333333333333332,4.2631578947368425,6.0,0,0.0,0.007453416149068323,88,0.5789473684210527,0.14473684210526316,0.4605263157894737,0.5394736842105263,4,0.02631578947368421,63.68350877192984,10.670263157894738,12.238596491228071,10.125756701596842,1
161,867,7,9,23.0,4.285714285714286,0.7777777777777778,2,0.2857142857142857,0.010380622837370242,106,0.6583850931677019,0.15527950310559005,0.5279503105590062,0.4720496894409938,9,0.055900621118012424,65.26018633540373,9.870683229813668,11.684472049689441,10.290406445055957,1
409,2467,30,5,13.633333333333333,4.8288508557457215,6.0,28,0.9333333333333333,0.030401297122010538,196,0.4792176039119804,0.22493887530562348,0.5843520782396088,0.4156479217603912,6,0.014669926650366748,62.00019559902202,8.115234803136332,11.509349970491527,11.876931179488295,1
423,2127,24,2,17.625,3.938534278959811,12.0,10,0.4166666666666667,0.015984955336154207,173,0.408983451536643,0.08747044917257683,0.48226950354609927,0.5177304964539007,14,0.03309692671394799,82.95380503144656,6.077830188679247,8.29308176100629,8.07648339933343,1
168,951,14,3,12.0,4.380952380952381,4.666666666666667,9,0.6428571428571429,0.03470031545741325,91,0.5416666666666666,0.22023809523809523,0.48214285714285715,0.5178571428571429,5,0.02976190476190476,69.92430232558142,6.558405315614618,8.170099667774087,9.606745405546679,1
237,1426,13,4,18.23076923076923,4.848101265822785,3.25,5,0.38461538461538464,0.014025245441795231,145,0.6118143459915611,0.2616033755274262,0.5611814345991561,0.4388185654008439,8,0.03375527426160337,53.31018023817188,10.390878661087871,11.705310588992598,12.091993763477543,1
175,922,10,5,17.5,4.148571428571429,2.0,4,0.4,0.0227765726681128,96,0.5485714285714286,0.16,0.49142857142857144,0.5085714285714286,2,0.011428571428571429,72.56621428571431,7.485285714285716,10.428571428571429,10.125756701596842,1
306,1713,21,4,14.571428571428571,4.490196078431373,5.25,0,0.0,0.013426736719206071,144,0.47058823529411764,0.21241830065359477,0.477124183006536,0.5228758169934641,10,0.032679738562091505,66.88787187839306,7.561591437878086,10.407879633938265,11.111384760643409,1
392,2230,18,5,21.77777777777778,4.596938775510204,3.6,8,0.4444444444444444,0.017937219730941704,197,0.5025510204081632,0.20153061224489796,0.5331632653061225,0.46683673469387754,9,0.02295918367346939,55.039044011544036,10.896082251082252,12.191919191919192,11.750952952430431,1
322,1849,16,9,20.125,4.583850931677019,1.7777777777777777,18,1.125,0.023796646836127637,150,0.4658385093167702,0.17080745341614906,0.5,0.5,9,0.027950310559006212,60.361405766253895,9.855261222910219,11.666331269349847,11.333407214811011,1
314,1897,12,6,26.166666666666668,4.936305732484076,2.0,12,1.0,0.020031628887717447,189,0.6019108280254777,0.267515923566879,0.5828025477707006,0.4171974522292994,6,0.01910828025477707,34.30707328990232,16.100915309446254,18.924951140065144,16.52667757954773,1
177,932,12,5,14.75,4.146892655367232,2.4,2,0.16666666666666666,0.015021459227467811,110,0.6214689265536724,0.14124293785310735,0.5028248587570622,0.4971751412429379,6,0.03389830508474576,74.76205508474578,6.495833333333337,8.385875706214689,9.516144504307135,1
158,932,9,5,17.555555555555557,4.6835443037974684,1.8,6,0.6666666666666666,0.023605150214592276,107,0.6772151898734177,0.23417721518987342,0.5379746835443038,0.4620253164556962,12,0.0759493670886076,64.14237405106971,8.756853002070393,9.640027605244997,9.444778638647367,1
352,2020,29,5,12.137931034482758,4.482954545454546,5.8,14,0.4827586206896552,0.027227722772277228,185,0.5255681818181818,0.19318181818181818,0.5625,0.4375,5,0.014204545454545454,74.58002437325908,6.0421120175089555,7.80266613609232,9.424239791934728,1
253,1345,10,3,25.3,4.213438735177865,3.3333333333333335,7,0.7,0.017843866171003718,130,0.5138339920948617,0.15019762845849802,0.4505928853754941,0.549407114624506,3,0.011857707509881422,65.36390963855425,10.328228915662653,12.690923694779116,11.20814326018867,1
174,908,3,2,58.0,4.149425287356322,1.5,6,2.0,0.00881057268722467,101,0.5804597701149425,0.1724137931034483,0.45977011494252873,0.5402298850574713,10,0.05747126436781609,35.16500000000002,22.76333333333334,25.498850574712645,13.5591,1
170,981,12,1,14.166666666666666,4.605882352941176,12.0,3,0.25,0.022426095820591234,109,0.6411764705882353,0.21764705882352942,0.5176470588235295,0.4823529411764706,3,0.01764705882352941,67.50266136801542,7.4255635838150305,8.078805394990367,8.59863814320734,1
194,1031,11,3,17.636363636363637,4.237113402061856,3.6666666666666665,3,0.2727272727272727,0.023278370514064017,110,0.5670103092783505,0.14432989690721648,0.4948453608247423,0.5051546391752577,2,0.010309278350515464,71.11237399905794,7.699359397079608,10.95600565237871,10.63711953065702,1
210,1245,12,6,17.5,4.79047619047619,2.0,6,0.5,0.016867469879518072,137,0.6523809523809524,0.24761904761904763,0.5761904761904761,0.4238095238095238,6,0.02857142857142857,57.338214285714315,9.609285714285715,10.61904761904762,10.686352973137792,1
221,1162,15,5,14.733333333333333,4.158371040723982,3.0,6,0.4,0.018072289156626505,133,0.6018099547511312,0.15384615384615385,0.5067873303167421,0.49321266968325794,12,0.05429864253393665,74.02322273425501,6.528497695852536,8.182980030721968,8.841846274778883,1
185,927,8,4,23.125,3.8972972972972975,2.0,5,0.625,0.014023732470334413,106,0.572972972972973,0.12972972972972974,0.44324324324324327,0.5567567567567567,15,0.08108108108108109,75.89826013513517,8.417939189189187,11.412162162162161,9.827888789773866,1
334,1719,9,4,37.111111111111114,4.047904191616767,2.25,2,0.2222222222222222,0.008144269924374637,176,0.5269461077844312,0.08682634730538923,0.5389221556886228,0.46107784431137727,56,0.16766467065868262,56.0208282208589,17.015188431200702,19.487467134092903,8.841846274778883,1
280,1512,16,3,17.5,4.2785714285714285,5.333333333333333,3,0.1875,0.01521164021164021,142,0.5071428571428571,0.17142857142857143,0.5,0.5,14,0.05,70.50197548586576,7.81978577738516,9.61916961130742,9.827888789773866,1
261,1484,23,5,11.347826086956522,4.337164750957855,4.6,0,0.0,0.016846361185983826,139,0.5325670498084292,0.1417624521072797,0.5363984674329502,0.46360153256704983,19,0.07279693486590039,74.83084135413212,5.651845336873553,6.541254563557917,7.586124646067393,1
228,1360,24,3,9.5,4.771929824561403,8.0,7,0.2916666666666667,0.025735294117647058,127,0.5570175438596491,0.20614035087719298,0.6008771929824561,0.3991228070175439,6,0.02631578947368421,64.32269927536234,6.668369565217393,7.311594202898551,8.59863814320734,1
289,1676,16,4,18.0625,4.453287197231834,4.0,21,1.3125,0.031026252983293555,167,0.5778546712802768,0.15570934256055363,0.5536332179930796,0.4463667820069204,9,0.031141868512110725,66.93345643939395,8.534896885521885,10.118602693602694,10.550175099000144,1
170,926,6,4,28.333333333333332,4.294117647058823,1.5,2,0.3333333333333333,0.011879049676025918,103,0.6058823529411764,0.1411764705882353,0.5117647058823529,0.48823529411764705,2,0.011764705882352941,63.62511904761908,11.630714285714287,13.952380952380953,10.864195022040775,1
183,906,10,4,18.3,3.879781420765027,2.5,1,0.1,0.012141280353200883,86,0.46994535519125685,0.07103825136612021,0.3551912568306011,0.644808743169399,4,0.02185792349726776,83.78181147540985,6.119677595628417,8.631475409836066,7.908726449838941,1
158,916,7,1,22.571428571428573,4.727848101265823,7.0,1,0.14285714285714285,0.008733624454148471,78,0.4936708860759494,0.2468354430379747,0.4620253164556962,0.5379746835443038,1,0.006329113924050633,53.81234177215191,11.360958408679931,16.623508137432193,15.151101081350806,1
166,1002,4,1,41.5,4.945783132530121,4.0,2,0.5,0.007984031936127744,113,0.6807228915662651,0.2710843373493976,0.5903614457831325,0.40963855421686746,5,0.030120481927710843,35.794285714285735,18.700714285714287,21.8,16.218646115125612,1
157,866,8,4,19.625,4.375796178343949,2.0,5,0.625,0.020785219399538105,87,0.554140127388535,0.10828025477707007,0.46496815286624205,0.535031847133758,4,0.025477707006369428,65.77862341772155,8.990981012658231,10.684810126582278,10.411451182825502,1
179,963,10,1,17.9,4.223463687150838,10.0,10,1.0,0.03115264797507788,111,0.6201117318435754,0.13966480446927373,0.4972067039106145,0.5027932960893855,5,0.027932960893854747,69.36617353308365,8.497490636704121,10.607740324594259,9.994966539143718,1
426,2341,18,4,23.666666666666668,4.349765258215962,4.5,14,0.7777777777777778,0.024348568987612132,198,0.4647887323943662,0.20657276995305165,0.4835680751173709,0.5164319248826291,6,0.014084507042253521,60.13982142857145,11.392261904761906,14.11904761904762,12.161744961471694,1
203,1127,9,7,22.555555555555557,4.433497536945813,1.2857142857142858,7,0.7777777777777778,0.018633540372670808,112,0.5517241379310345,0.18226600985221675,0.5517241379310345,0.4482758620689655,4,0.019704433497536946,63.301444444444485,9.950666666666667,11.88888888888889,10.74609503303851,1
162,839,9,3,18.0,4.012345679012346,3.0,0,0.0,0.010727056019070322,88,0.5432098765432098,0.16666666666666666,0.42592592592592593,0.5740740740740741,5,0.030864197530864196,81.08979250334674,6.531044176706828,9.305488621151271,8.841846274778883,1
192,980,9,1,21.333333333333332,4.010416666666667,9.0,3,0.3333333333333333,0.012244897959183673,94,0.4895833333333333,0.11979166666666667,0.4166666666666667,0.5833333333333334,3,0.015625,72.44683276059567,8.50945017182131,10.477892325315008,9.150863307647796,1
345,2055,24,6,14.375,4.805797101449276,4.0,10,0.4166666666666667,0.02335766423357664,184,0.5333333333333333,0.2492753623188406,0.5391304347826087,0.4608695652173913,6,0.017391304347826087,58.84611413043481,8.622626811594206,10.735507246376812,10.9516,1
181,1149,8,8,22.625,5.143646408839779,1.0,2,0.25,0.013054830287206266,129,0.712707182320442,0.287292817679558,0.6464088397790055,0.35359116022099446,34,0.1878453038674033,45.5192437845304,12.530987569060777,13.690883977900553,13.427899808715576,1
456,2716,33,5,13.818181818181818,4.785087719298246,6.6,20,0.6060606060606061,0.028350515463917526,262,0.5745614035087719,0.21929824561403508,0.6140350877192983,0.38596491228070173,5,0.010964912280701754,59.54623106060609,8.32642045454546,10.519588744588745,10.95949752851319,1
272,1622,20,6,13.6,4.529411764705882,3.3333333333333335,12,0.6,0.032675709001233046,172,0.6323529411764706,0.19852941176470587,0.6029411764705882,0.39705882352941174,7,0.025735294117647058,62.82755858624665,8.078736073761046,9.710026892047637,10.30751831280988,1
604,3561,31,5,19.483870967741936,4.7864238410596025,6.2,15,0.4838709677419355,0.016006739679865205,233,0.38576158940397354,0.2814569536423841,0.5082781456953642,0.4917218543046358,4,0.006622516556291391,48.64586234429896,11.330570637708934,15.014074310656873,14.03604970812114,1
217,1196,6,3,36.166666666666664,4.391705069124424,2.0,2,0.3333333333333333,0.007525083612040134,127,0.5852534562211982,0.15668202764976957,0.5345622119815668,0.46543778801843316,7,0.03225806451612903,44.590349462365594,16.02467741935484,18.153302611367128,13.81666964889586,1
173,905,2,1,86.5,4.167630057803469,2.0,1,0.5,0.01878453038674033,97,0.5606936416184971,0.14450867052023122,0.4682080924855491,0.5317919075144508,5,0.028901734104046242,2.651372832369958,34.378526011560695,36.21849710982659,17.122413403193683,1
358,2005,18,9,19.88888888888889,4.424581005586592,2.0,4,0.2222222222222222,0.014962593516209476,192,0.5363128491620112,0.17597765363128492,0.5726256983240223,0.4273743016759777,30,0.08379888268156424,67.07347610180014,8.84487895716946,10.74885164494103,10.125756701596842,1
324,1639,9,4,36.0,3.996913580246914,2.25,4,0.4444444444444444,0.008541793776693106,134,0.41358024691358025,0.10185185185185185,0.4722222222222222,0.5277777777777778,6,0.018518518518518517,58.48048738922975,14.101083844580778,16.697477845944103,11.855464076750408,1
199,1126,11,1,18.09090909090909,4.577889447236181,11.0,1,0.09090909090909091,0.017761989342806393,126,0.6331658291457286,0.21608040201005024,0.5326633165829145,0.46733668341708545,7,0.035175879396984924,62.032444444444465,10.127666666666666,11.488888888888889,10.25414643259724,1
334,2043,16,5,20.875,4.925149700598802,3.2,11,0.6875,0.021047479197258932,159,0.47604790419161674,0.31736526946107785,0.5149700598802395,0.48502994011976047,4,0.011976047904191617,43.80256362275452,12.33568113772455,15.894910179640721,14.731742533061166,1
178,982,6,3,29.666666666666668,4.387640449438202,2.0,3,0.5,0.014256619144602852,111,0.6235955056179775,0.16853932584269662,0.5224719101123596,0.47752808988764045,13,0.07303370786516854,56.03461359404099,12.855055865921788,14.614897579143388,11.538034831475386,1
228,1308,15,5,15.2,4.416666666666667,3.0,14,0.9333333333333333,0.035932721712538224,144,0.631578947368421,0.16228070175438597,0.5307017543859649,0.4692982456140351,4,0.017543859649122806,67.57950800582243,7.626008733624456,9.949461426491995,10.355215969177355,1
381,1998,15,8,25.4,4.152230971128609,1.875,8,0.5333333333333333,0.014014014014014014,182,0.4776902887139108,0.13385826771653545,0.48031496062992124,0.5196850393700787,26,0.06824146981627296,64.93816579406632,10.528387434554975,12.176195462478185,10.793553405168563,1
584,3009,39,14,14.974358974358974,4.030821917808219,2.7857142857142856,17,0.4358974358974359,0.022266533732136922,212,0.363013698630137,0.10273972602739725,0.4674657534246575,0.5325342465753424,15,0.025684931506849314,87.91410783280647,4.717123287671232,6.811661397962769,7.2200825789825185,1
397,2192,12,6,33.083333333333336,4.397984886649874,2.0,10,0.8333333333333334,0.017335766423357664,210,0.5289672544080605,0.15113350125944586,0.5012594458438288,0.4987405541561713,13,0.0327455919395466,54.13350230898409,13.927613350125949,16.054492023509656,12.745084868956482,1
165,952,6,3,27.5,4.618181818181818,2.0,10,1.6666666666666667,0.022058823529411766,97,0.5878787878787879,0.19393939393939394,0.5333333333333333,0.4666666666666667,3,0.01818181818181818,50.32441767068275,13.113253012048194,13.717269076305222,11.538034831475386,1
171,1035,9,1,19.0,4.900584795321637,9.0,9,1.0,0.01932367149758454,107,0.6257309941520468,0.26900584795321636,0.5614035087719298,0.43859649122807015,3,0.017543859649122806,48.35488888888892,11.345333333333333,13.492063492063492,12.838901577100671,1
242,1377,14,4,17.285714285714285,4.528925619834711,3.5,5,0.35714285714285715,0.02251270878721859,140,0.5785123966942148,0.19008264462809918,0.49173553719008267,0.5082644628099173,5,0.02066115702479339,64.48752066115705,8.5588665879575,9.558913813459268,11.062562989136584,2
240,1499,14,3,17.142857142857142,5.070833333333334,4.666666666666667,7,0.5,0.028018679119412943,123,0.5125,0.325,0.5375,0.4625,5,0.020833333333333332,39.66949903038139,12.274369747899161,15.558371040723983,14.554592549557764,2
269,1452,11,4,24.454545454545453,4.297397769516729,2.75,3,0.2727272727272727,0.02066115702479339,112,0.4163568773234201,0.17100371747211895,0.44609665427509293,0.5539033457249071,1,0.0037174721189591076,64.70582967218658,10.309354511659347,12.458398107468739,11.911945987284739,2
245,1267,16,4,15.3125,4.077551020408163,4.0,3,0.1875,0.018153117600631413,130,0.5306122448979592,0.11020408163265306,0.47346938775510206,0.5265306122448979,4,0.0163265306122449,78.72301658163266,6.08309948979592,7.594387755102041,8.278499904357787,2
201,1078,10,1,20.1,4.298507462686567,10.0,3,0.3,0.012987012987012988,116,0.5771144278606966,0.1890547263681592,0.4925373134328358,0.5074626865671642,2,0.009950248756218905,69.00364925373135,8.628104477611945,10.428059701492538,10.577609850970193,2
192,996,5,3,38.4,4.145833333333333,1.6666666666666667,3,0.6,0.008032128514056224,110,0.5729166666666666,0.16145833333333334,0.4583333333333333,0.5416666666666666,9,0.046875,54.22849214659688,15.185486910994765,17.58366492146597,11.979248473330827,2
183,2010,13,3,14.076923076923077,4.202185792349726,4.333333333333333,8,0.6153846153846154,0.010945273631840797,95,0.5191256830601093,0.14207650273224043,0.5683060109289617,0.43169398907103823,3,0.01639344262295082,77.06341137123748,6.026739130434784,8.052842809364549,9.265573868473778,2
198,1134,13,3,15.23076923076923,4.575757575757576,4.333333333333333,10,0.7692307692307693,0.024691358024691357,111,0.5606060606060606,0.2222222222222222,0.5202020202020202,0.4797979797979798,4,0.020202020202020204,63.05080046856699,8.229644670050764,11.949863334634909,12.230961643895458,2
199,1153,9,3,22.11111111111111,4.698492462311558,3.0,5,0.5555555555555556,0.019080659150043366,102,0.5125628140703518,0.21105527638190955,0.5226130653266332,0.47738693467336685,0,0.0,56.854533780011195,10.82227805695143,12.261529871580123,11.645159339076184,2
256,1398,14,3,18.285714285714285,4.3125,4.666666666666667,9,0.6428571428571429,0.02074391988555079,129,0.50390625,0.18359375,0.50390625,0.49609375,5,0.01953125,66.22043436293437,8.618822393822395,10.334362934362936,10.290406445055957,2
213,1188,14,2,15.214285714285714,4.417840375586854,7.0,11,0.7857142857142857,0.02861952861952862,123,0.5774647887323944,0.14553990610328638,0.47417840375586856,0.5258215962441315,2,0.009389671361502348,69.06377031419288,7.6967136150234765,10.873094980137234,11.051253699011982,2
224,1167,12,2,18.666666666666668,4.116071428571429,6.0,2,0.16666666666666666,0.017994858611825194,112,0.5,0.13392857142857142,0.48660714285714285,0.5133928571428571,7,0.03125,75.00375000000003,7.455833333333334,9.988888888888889,9.2995712137729,2
220,1311,13,5,16.923076923076923,4.75,2.6,5,0.38461538461538464,0.02669717772692601,104,0.4727272727272727,0.2727272727272727,0.5545454545454546,0.44545454545454544,2,0.00909090909090909,51.053962065331945,10.323378995433792,12.765858798735511,12.635684438814376,2
324,1753,20,3,16.2,4.243827160493828,6.666666666666667,12,0.6,0.022247575584711923,154,0.47530864197530864,0.14814814814814814,0.5339506172839507,0.4660493827160494,6,0.018518518518518517,69.85198186119875,7.453960567823344,10.125488958990537,10.686352973137792,2
318,1791,18,4,17.666666666666668,4.481132075471698,4.5,19,1.0555555555555556,0.024567280848687884,138,0.4339622641509434,0.21069182389937108,0.5377358490566038,0.46226415094339623,7,0.0220125786163522,64.39767295597487,8.666037735849056,11.846540880503145,11.429527900616531,2
524,3032,35,22,14.971428571428572,4.4465648854961835,1.5909090909090908,30,0.8571428571428571,0.034630606860158314,266,0.5076335877862596,0.1946564885496183,0.5725190839694656,0.42748091603053434,6,0.011450381679389313,62.29133919843599,8.304882697947217,10.770185728250246,11.14670477721597,2
224,1079,5,5,44.8,3.7767857142857144,1.0,0,0.0,0.004633920296570899,93,0.41517857142857145,0.09821428571428571,0.36607142857142855,0.6339285714285714,9,0.04017857142857143,59.01210714285715,16.15789285714286,19.34857142857143,10.793553405168563,2
308,1548,16,4,19.25,3.8798701298701297,4.0,1,0.0625,0.012919896640826873,130,0.42207792207792205,0.12012987012987013,0.44155844155844154,0.5584415584415584,8,0.025974025974025976,77.5126088258786,7.307745607028757,10.892092651757189,10.125756701596842,2
617,3544,29,7,21.275862068965516,4.583468395461913,4.142857142857143,25,0.8620689655172413,0.022573363431151242,215,0.34846029173419774,0.2171799027552674,0.5105348460291734,0.48946515397082657,17,0.027552674230145867,55.58244371482179,11.3829674796748,14.274546591619762,13.274406872562384,2
404,2131,21,5,19.238095238095237,4.091584158415841,4.2,16,0.7619047619047619,0.02017832003754106,174,0.4306930693069307,0.12623762376237624,0.4306930693069307,0.5693069306930693,13,0.03217821782178218,70.5854460864806,9.017504105090314,12.174931581828135,10.980518767755715,2
162,916,7,2,23.142857142857142,4.506172839506172,3.5,2,0.2857142857142857,0.02074235807860262,90,0.5555555555555556,0.24691358024691357,0.5185185185185185,0.48148148148148145,7,0.043209876543209874,52.789444444444456,11.645590828924163,14.689241622574958,13.484332010920856,2
470,2471,25,9,18.8,4.136170212765958,2.7777777777777777,10,0.4,0.013759611493322542,197,0.41914893617021276,0.1702127659574468,0.4808510638297872,0.5191489361702127,11,0.023404255319148935,65.51571205618417,9.383355442840422,12.07787748731955,11.827085581835497,2
280,1601,9,7,31.11111111111111,4.607142857142857,1.2857142857142858,4,0.4444444444444444,0.009369144284821987,165,0.5892857142857143,0.22142857142857142,0.5142857142857142,0.4857142857142857,8,0.02857142857142857,46.031666666666695,14.622907801418446,16.788652482269505,13.901157680251561,2
246,1394,6,4,41.0,4.345528455284553,1.5,5,0.8333333333333334,0.01721664275466284,132,0.5365853658536586,0.16666666666666666,0.532520325203252,0.46747967479674796,4,0.016260162601626018,53.10780487804881,16.03739837398374,17.70081300813008,12.161744961471694,2
241,1243,14,1,17.214285714285715,4.053941908713693,14.0,12,0.8571428571428571,0.02333065164923572,122,0.5062240663900415,0.12863070539419086,0.4854771784232365,0.5145228215767634,4,0.016597510373443983,76.67951244813281,6.840583876704212,9.375340841730884,9.424239791934728,2
229,1263,13,3,17.615384615384617,4.441048034934497,4.333333333333333,2,0.15384615384615385,0.013460015835312747,90,0.3930131004366812,0.1615720524017467,0.519650655021834,0.48034934497816595,0,0.0,72.58420557608332,7.511441048034936,10.364931138730267,10.21488967967688,2
336,1804,14,6,24.0,4.291666666666667,2.3333333333333335,1,0.07142857142857142,0.008314855875831485,148,0.44047619047619047,0.16964285714285715,0.49702380952380953,0.5029761904761905,7,0.020833333333333332,64.16333086053415,10.28984527342094,12.833319203052142,12.031772070788634,2
226,1223,12,4,18.833333333333332,4.283185840707965,3.0,3,0.25,0.01553556827473426,116,0.5132743362831859,0.11946902654867257,0.5,0.5,7,0.030973451327433628,77.28996312684367,7.157654867256635,9.834218289085547,9.2995712137729,2
271,1494,19,7,14.263157894736842,4.287822878228782,2.7142857142857144,16,0.8421052631578947,0.029451137884872823,106,0.39114391143911437,0.1918819188191882,0.5018450184501845,0.4981549815498155,6,0.02214022140221402,67.92347290158484,7.302582664840543,11.165016630796323,11.101131339891392,2
307,1669,16,3,19.1875,4.335504885993485,5.333333333333333,5,0.3125,0.013181545835829839,132,0.42996742671009774,0.18241042345276873,0.4560260586319218,0.5439739413680782,0,0.0,66.93558326547233,8.689867671009775,11.714087947882737,11.578365685549247,2
292,1754,15,5,19.466666666666665,4.760273972602739,3.0,16,1.0666666666666667,0.021664766248574687,184,0.6301369863013698,0.22945205479452055,0.5958904109589042,0.4041095890410959,4,0.0136986301369863,57.904990990990996,10.085054054054059,12.623063063063064,12.340626583579944,2
320,1808,18,2,17.77777777777778,4.484375,9.0,17,0.9444444444444444,0.027101769911504425,181,0.565625,0.203125,0.521875,0.478125,7,0.021875,64.99678770463255,8.596274817136887,11.352211772901427,11.095144083064902,2
274,1476,19,4,14.421052631578947,4.310218978102189,4.75,1,0.05263157894736842,0.013550135501355014,148,0.5401459854014599,0.17153284671532848,0.5,0.5,8,0.029197080291970802,71.2034706959707,7.095695970695971,8.557509157509157,9.444778638647367,2
151,766,13,3,11.615384615384615,3.880794701986755,4.333333333333333,3,0.23076923076923078,0.033942558746736295,80,0.5298013245033113,0.13245033112582782,0.4105960264900662,0.5894039735099338,5,0.033112582781456956,83.55266938359654,4.490993377483445,9.149465104431991,9.661875296680812,2
354,1918,20,5,17.7,4.344632768361582,4.0,4,0.2,0.013034410844629822,137,0.3870056497175141,0.15254237288135594,0.480225988700565,0.519774011299435,7,0.01977401129943503,71.48682223796035,7.673103399433426,10.006175637393767,10.577609850970193,2
249,1288,21,4,11.857142857142858,4.016064257028113,5.25,14,0.6666666666666666,0.030279503105590064,140,0.5622489959839357,0.11646586345381527,0.46987951807228917,0.5301204819277109,10,0.040160642570281124,80.57010752688173,4.955230414746545,7.304454685099848,9.107695989026187,2
276,1569,11,6,25.09090909090909,4.4021739130434785,1.8333333333333333,24,2.1818181818181817,0.023581899298916506,127,0.4601449275362319,0.1956521739130435,0.5036231884057971,0.4963768115942029,3,0.010869565217391304,55.81475672215113,11.888245838668372,14.552624839948784,13.319297830178854,2
173,939,4,1,43.25,4.329479768786127,4.0,1,0.25,0.01597444089456869,88,0.5086705202312138,0.2138728323699422,0.49710982658959535,0.5028901734104047,4,0.023121387283236993,41.088178571428585,18.397071428571426,20.014285714285716,13.427899808715576,2
259,1403,9,6,28.77777777777778,4.297297297297297,1.5,11,1.2222222222222223,0.018531717747683536,127,0.49034749034749037,0.18532818532818532,0.4594594594594595,0.5405405405405406,2,0.007722007722007722,59.0548991848992,12.171557271557273,15.526555126555127,13.023866798666859,2
272,1516,13,2,20.923076923076923,4.463235294117647,6.5,2,0.15384615384615385,0.0158311345646438,105,0.3860294117647059,0.20955882352941177,0.4742647058823529,0.5257352941176471,9,0.03308823529411765,69.82089743589745,8.680370370370373,10.67806267806268,9.851270322608155,2
220,1166,10,3,22.0,4.1909090909090905,3.3333333333333335,5,0.5,0.018010291595197257,117,0.5318181818181819,0.15,0.4727272727272727,0.5272727272727272,7,0.031818181818181815,64.85307534246577,9.654196347031966,11.86502283105023,11.602472056035307,2
226,1164,12,3,18.833333333333332,4.061946902654867,4.0,2,0.16666666666666666,0.01632302405498282,114,0.504424778761062,0.12389380530973451,0.5088495575221239,0.4911504424778761,8,0.035398230088495575,72.37175000000002,7.822944444444445,10.344444444444445,10.125756701596842,2
161,870,3,1,53.666666666666664,4.3602484472049685,3.0,3,1.0,0.006896551724137931,92,0.5714285714285714,0.18633540372670807,0.5217391304347826,0.4782608695652174,5,0.031055900621118012,31.391666666666694,22.295925925925932,24.069135802469138,14.06817628641468,2
239,1181,1,3,239.0,3.937238493723849,0.3333333333333333,1,1.0,0.002540220152413209,115,0.4811715481171548,0.10460251046025104,0.4476987447698745,0.5523012552301255,8,0.03347280334728033,-143.47364406779656,91.9,96.09491525423729,23.72669961743115,2
165,909,12,5,13.75,4.393939393939394,2.4,2,0.16666666666666666,0.0176017601760176,66,0.4,0.16363636363636364,0.5454545454545454,0.45454545454545453,3,0.01818181818181818,78.02784090909091,5.791893939393944,7.681818181818182,8.344100000000001,2
277,1573,12,3,23.083333333333332,4.548736462093863,4.0,13,1.0833333333333333,0.01652892561983471,161,0.5812274368231047,0.21660649819494585,0.5379061371841155,0.4620938628158845,1,0.0036101083032490976,56.18463709677421,11.19864695340502,12.597491039426524,11.538034831475386,2
156,893,5,5,31.2,4.576923076923077,1.0,9,1.8,0.015677491601343786,87,0.5576923076923077,0.21794871794871795,0.5384615384615384,0.46153846153846156,3,0.019230769230769232,49.351615384615386,14.12671794871795,16.83897435897436,14.554592549557764,2
280,1452,14,1,20.0,3.9964285714285714,14.0,10,0.7142857142857143,0.03787878787878788,128,0.45714285714285713,0.11428571428571428,0.46785714285714286,0.5321428571428571,2,0.007142857142857143,71.38169354838712,8.253827444956478,11.842396313364056,11.20814326018867,2
245,1278,16,4,15.3125,4.114285714285714,4.0,3,0.1875,0.018779342723004695,103,0.4204081632653061,0.11428571428571428,0.4857142857142857,0.5142857142857142,6,0.024489795918367346,79.01854508196725,6.026352459016394,7.247540983606559,7.168621630094336,2
565,3349,38,6,14.868421052631579,4.568141592920354,6.333333333333333,18,0.47368421052631576,0.02717229023589131,297,0.5256637168141592,0.19469026548672566,0.5734513274336284,0.4265486725663717,15,0.02654867256637168,68.23992175273867,7.660868544600941,9.691392801251958,10.25414643259724,2
271,1348,17,9,15.941176470588236,3.782287822878229,1.8888888888888888,0,0.0,0.01483679525222552,135,0.4981549815498155,0.08118081180811808,0.4354243542435424,0.5645756457564576,17,0.06273062730627306,83.5544117647059,5.55078431372549,8.130718954248366,8.124751697461797,2
221,1247,12,2,18.416666666666668,4.389140271493213,6.0,13,1.0833333333333333,0.03287890938251804,131,0.5927601809954751,0.19909502262443438,0.497737556561086,0.502262443438914,5,0.02262443438914027,66.02715120663652,8.625079185520363,11.348567119155355,11.20814326018867,2
191,1059,16,3,11.9375,4.397905759162303,5.333333333333333,3,0.1875,0.024551463644948063,99,0.518324607329843,0.16753926701570682,0.47643979057591623,0.5235602094240838,4,0.020942408376963352,76.45561027486914,5.5609129581151855,6.450392670157068,7.865858978985526,2
183,967,9,1,20.333333333333332,4.103825136612022,9.0,6,0.6666666666666666,0.01861427094105481,107,0.5846994535519126,0.17486338797814208,0.4808743169398907,0.5191256830601093,7,0.03825136612021858,69.02469994058232,8.793547237076648,11.94747474747475,11.429527900616531,2
206,1145,17,3,12.117647058823529,4.446601941747573,5.666666666666667,4,0.23529411764705882,0.01834061135371179,113,0.5485436893203883,0.1796116504854369,0.46601941747572817,0.5339805825242718,2,0.009708737864077669,70.76167444029853,6.51037002487562,7.811069651741294,9.673873057562805,2
285,1703,29,5,9.827586206896552,4.771929824561403,5.8,8,0.27586206896551724,0.029359953024075163,142,0.4982456140350877,0.21052631578947367,0.5964912280701754,0.40350877192982454,20,0.07017543859649122,60.30986062717773,7.305892106211704,6.606704313348553,9.130062681391069,2
604,3413,32,5,18.875,4.526490066225166,6.4,21,0.65625,0.02314679167887489,288,0.4768211920529801,0.20033112582781457,0.5513245033112583,0.44867549668874174,21,0.0347682119205298,60.72361566151923,9.439861748747916,11.694511686143574,11.578365685549247,2
234,1342,14,1,16.714285714285715,4.602564102564102,14.0,1,0.07142857142857142,0.020864381520119227,122,0.5213675213675214,0.20085470085470086,0.5085470085470085,0.49145299145299143,5,0.021367521367521368,61.291724137931055,8.82716748768473,11.283743842364533,11.20814326018867,2
343,1836,17,6,20.176470588235293,4.209912536443149,2.8333333333333335,9,0.5294117647058824,0.015250544662309368,172,0.5014577259475219,0.17784256559766765,0.4518950437317784,0.5481049562682215,16,0.04664723032069971,66.48532841708113,8.99835705710856,11.918984736751845,11.670169846198839,2
213,1159,4,4,53.25,4.347417840375587,1.0,6,1.5,0.010353753235547885,103,0.4835680751173709,0.17370892018779344,0.5117370892018779,0.48826291079812206,2,0.009389671361502348,31.07892857142859,21.96690476190476,23.28571428571429,15.247664890283005,2
303,1660,28,5,10.821428571428571,4.323432343234323,5.6,11,0.39285714285714285,0.030120481927710843,129,0.42574257425742573,0.16501650165016502,0.44224422442244227,0.5577557755775577,0,0.0,74.94694021325209,5.700874587458745,8.885960903782687,9.851270322608155,2
186,1108,11,3,16.90909090909091,4.752688172043011,3.6666666666666665,6,0.5454545454545454,0.02075812274368231,105,0.5645161290322581,0.1881720430107527,0.553763440860215,0.44623655913978494,2,0.010752688172043012,62.17859950859953,8.764766584766583,11.051597051597051,11.20814326018867,2
213,1132,14,4,15.214285714285714,4.154929577464789,3.5,7,0.5,0.030918727915194347,119,0.5586854460093896,0.14553990610328638,0.4413145539906103,0.5586854460093896,8,0.03755868544600939,73.25787914691946,6.785487474610697,9.630467163168586,9.957137785484202,2
215,1092,7,3,30.714285714285715,4.018604651162791,2.3333333333333335,5,0.7142857142857143,0.015567765567765568,105,0.4883720930232558,0.09767441860465116,0.46511627906976744,0.5348837209302325,1,0.004651162790697674,66.00214285714289,11.50619047619048,13.333333333333336,9.236282656511921,2
254,1369,19,5,13.368421052631579,4.2795275590551185,3.8,3,0.15789473684210525,0.016070124178232285,130,0.5118110236220472,0.15748031496062992,0.484251968503937,0.515748031496063,8,0.031496062992125984,75.69203688354747,6.022896808951515,8.3394944053046,9.549672527348893,2
225,1271,9,2,25.0,4.564444444444445,4.5,10,1.1111111111111112,0.015735641227380016,114,0.5066666666666667,0.19111111111111112,0.52,0.48,12,0.05333333333333334,57.431161616161646,11.321515151515154,13.232323232323234,11.645159339076184,2
250,1545,18,3,13.88888888888889,4.976,6.0,7,0.3888888888888889,0.02912621359223301,161,0.644,0.276,0.604,0.396,8,0.032,49.9414202898551,10.483652173913043,12.912674571805008,12.80148409080202,2
152,843,13,4,11.692307692307692,4.368421052631579,3.25,3,0.23076923076923078,0.022538552787663108,87,0.5723684210526315,0.21710526315789475,0.48026315789473684,0.5197368421052632,11,0.07236842105263158,75.3028340080972,5.660789473684211,6.255870445344129,7.32110970712323,2
238,1327,19,2,12.526315789473685,4.42436974789916,9.5,7,0.3684210526315789,0.02562170308967596,146,0.6134453781512605,0.21008403361344538,0.542016806722689,0.4579831932773109,20,0.08403361344537816,72.4501598934044,6.252795913835222,7.858671996446813,9.682069395223575,2
180,987,13,5,13.846153846153847,4.277777777777778,2.6,12,0.9230769230769231,0.02634245187436677,98,0.5444444444444444,0.15,0.5222222222222223,0.4777777777777778,3,0.016666666666666666,67.15957013574662,7.140588235294121,8.524886877828054,9.466822959209587,2
234,1229,8,2,29.25,4.076923076923077,4.0,19,2.375,0.029292107404393815,110,0.4700854700854701,0.1581196581196581,0.43162393162393164,0.5683760683760684,6,0.02564102564102564,64.33937500000003,11.582845744680853,14.98404255319149,12.815532586354998,2
247,1452,15,3,16.466666666666665,4.6923076923076925,5.0,16,1.0666666666666667,0.026859504132231406,139,0.562753036437247,0.2388663967611336,0.5344129554655871,0.46558704453441296,2,0.008097165991902834,55.98995698924733,9.557193548387097,10.968172043010753,11.729898335038438,2
227,1317,13,1,17.46153846153846,4.629955947136564,13.0,15,1.1538461538461537,0.026575550493545937,122,0.5374449339207048,0.21585903083700442,0.5066079295154186,0.4933920704845815,4,0.01762114537444934,58.79398785425104,9.41578947368421,9.997840755735494,11.661520659325951,2
257,1398,13,3,19.76923076923077,4.346303501945525,4.333333333333333,0,0.0,0.012160228898426323,96,0.3735408560311284,0.11673151750972763,0.4357976653696498,0.5642023346303502,3,0.011673151750972763,76.26968584850266,7.628015267175574,9.282912507339988,8.617729084823388,2
152,828,9,2,16.88888888888889,4.2894736842105265,4.5,2,0.2222222222222222,0.013285024154589372,81,0.5328947368421053,0.16447368421052633,0.5197368421052632,0.48026315789473684,4,0.02631578947368421,73.00488455988457,7.327489177489181,10.480808080808082,10.25414643259724,2
234,1439,9,8,26.0,4.944444444444445,1.125,17,1.8888888888888888,0.020847810979847115,113,0.4829059829059829,0.32051282051282054,0.5042735042735043,0.49572649572649574,5,0.021367521367521368,35.513739598629485,14.571776798825258,18.01840430739109,16.18397175987059,2
205,1146,17,4,12.058823529411764,4.463414634146342,4.25,5,0.29411764705882354,0.020942408376963352,131,0.6390243902439025,0.18536585365853658,0.4878048780487805,0.5121951219512195,6,0.02926829268292683,70.10682410895393,6.447354390031876,7.732135612865837,9.168548406835143,2
203,1100,10,2,20.3,4.359605911330049,5.0,1,0.1,0.01090909090909091,113,0.5566502463054187,0.16748768472906403,0.4630541871921182,0.5369458128078818,4,0.019704433497536946,68.2905985221675,8.777246305418721,11.469753694581282,11.003577315987393,2
243,1285,14,4,17.357142857142858,4.1687242798353905,3.5,8,0.5714285714285714,0.0178988326848249,119,0.4897119341563786,0.14814814814814814,0.448559670781893,0.551440329218107,5,0.0205761316872428,70.4989814814815,7.738133450911231,10.07042915931805,10.125756701596842,2
154,913,8,3,19.25,4.824675324675325,2.6666666666666665,5,0.625,0.019715224534501644,93,0.6038961038961039,0.2857142857142857,0.551948051948052,0.44805194805194803,1,0.006493506493506494,52.70534090909095,10.690227272727274,12.375324675324677,12.815532586354998,2
270,1500,19,5,14.210526315789474,4.307407407407408,3.8,8,0.42105263157894735,0.023333333333333334,157,0.5814814814814815,0.12962962962962962,0.5259259259259259,0.4740740740740741,6,0.022222222222222223,78.11751282538476,5.98532015960479,7.9976439293178805,8.371475516178862,2
514,2851,21,4,24.476190476190474,4.441634241245136,5.25,11,0.5238095238095238,0.014380918975797966,207,0.4027237354085603,0.17509727626459143,0.48638132295719844,0.5136186770428015,15,0.029182879377431907,59.98468208092487,11.032386457473162,13.199779796311589,11.675519718221192,2
216,1093,11,3,19.636363636363637,3.990740740740741,3.6666666666666665,0,0.0,0.0192131747483989,97,0.44907407407407407,0.06018518518518518,0.4212962962962963,0.5787037037037037,3,0.013888888888888888,76.45409090909092,7.473737373737375,11.002693602693604,10.23097548852734,2
195,1108,16,4,12.1875,4.512820512820513,4.0,4,0.25,0.023465703971119134,109,0.558974358974359,0.1794871794871795,0.5487179487179488,0.4512820512820513,9,0.046153846153846156,66.63798469387757,7.007908163265306,8.369387755102041,9.017664075816786,2
291,1633,9,3,32.333333333333336,4.505154639175258,3.0,2,0.2222222222222222,0.014084507042253521,139,0.47766323024054985,0.16151202749140894,0.5017182130584192,0.49828178694158076,7,0.024054982817869417,51.9440121350019,14.10188850967008,16.16215396283656,12.457975602129121,2
265,1407,11,3,24.09090909090909,4.1773584905660375,3.6666666666666665,6,0.5454545454545454,0.01990049751243781,131,0.49433962264150944,0.1471698113207547,0.47547169811320755,0.5245283018867924,5,0.018867924528301886,69.42330179114568,9.651361946603583,11.714903683676917,9.573946990214175,2
256,1338,16,3,16.0,4.10546875,5.333333333333333,3,0.1875,0.01569506726457399,135,0.52734375,0.15234375,0.421875,0.578125,10,0.0390625,77.47778051181103,6.396525590551182,9.18464566929134,9.673873057562805,2
197,1150,19,11,10.368421052631579,4.527918781725888,1.7272727272727273,10,0.5263157894736842,0.036521739130434785,102,0.5177664974619289,0.2233502538071066,0.5076142131979695,0.49238578680203043,3,0.015228426395939087,68.16957572502687,6.313770139634801,8.616111707841032,9.682069395223575,2
241,1237,12,1,20.083333333333332,4.070539419087137,12.0,5,0.4166666666666667,0.014551333872271624,132,0.5477178423236515,0.12448132780082988,0.44813278008298757,0.5518672199170125,6,0.024896265560165973,70.36909604519774,8.330000000000005,10.4090395480226,10.125756701596842,2
184,1026,9,8,20.444444444444443,4.445652173913044,1.125,3,0.3333333333333333,0.011695906432748537,112,0.6086956521739131,0.20108695652173914,0.532608695652174,0.4673913043478261,4,0.021739130434782608,67.45997584541065,8.928985507246377,11.221256038647343,10.980518767755715,2
201,1087,13,3,15.461538461538462,4.1940298507462686,4.333333333333333,8,0.6153846153846154,0.02207911683532659,98,0.48756218905472637,0.17412935323383086,0.46766169154228854,0.5323383084577115,1,0.004975124378109453,77.75410881801126,6.331707317073171,8.454033771106943,8.617729084823388,2
444,2563,26,10,17.076923076923077,4.524774774774775,2.6,15,0.5769230769230769,0.027311744049941473,258,0.581081081081081,0.1981981981981982,0.5765765765765766,0.42342342342342343,18,0.04054054054054054,64.7854298642534,8.44633484162896,10.691402714932128,10.80991298281133,2
253,1347,15,4,16.866666666666667,4.205533596837944,3.75,11,0.7333333333333333,0.02301410541945063,134,0.5296442687747036,0.1225296442687747,0.5098814229249012,0.4901185770750988,0,0.0,73.5677981407703,7.155123505976096,9.243134130146084,9.725611199111238,2
321,1722,18,5,17.833333333333332,4.246105919003115,3.6,10,0.5555555555555556,0.01916376306620209,164,0.5109034267912772,0.1588785046728972,0.4766355140186916,0.5233644859813084,10,0.03115264797507788,70.03565917798679,7.893453500522465,10.223685127133402,10.74609503303851,2
271,1448,18,4,15.055555555555555,4.254612546125461,4.5,2,0.1111111111111111,0.015193370165745856,109,0.4022140221402214,0.14391143911439114,0.4944649446494465,0.5055350553505535,1,0.0036900369003690036,71.3654192291923,7.045504305043053,8.531447314473146,9.2995712137729,2
335,1924,22,7,15.227272727272727,4.543283582089552,3.142857142857143,8,0.36363636363636365,0.017671517671517672,183,0.5462686567164179,0.1791044776119403,0.4925373134328358,0.5074626865671642,3,0.008955223880597015,63.414258373205755,8.2762360446571,9.843912812333866,10.63711953065702,2
163,826,15,3,10.866666666666667,3.9447852760736195,5.0,4,0.26666666666666666,0.02784503631961259,86,0.5276073619631901,0.12883435582822086,0.44785276073619634,0.5521472392638037,4,0.024539877300613498,88.36852351738244,3.6332760736196335,6.064458077709612,7.3011,2
175,848,12,3,14.583333333333334,3.7542857142857144,4.0,0,0.0,0.014150943396226415,71,0.4057142857142857,0.08,0.4514285714285714,0.5485714285714286,2,0.011428571428571429,85.67863095238096,4.931785714285713,7.4333333333333345,7.793537801064561,2
223,1281,19,3,11.736842105263158,4.614349775784754,6.333333333333333,7,0.3684210526315789,0.02419984387197502,134,0.600896860986547,0.18834080717488788,0.5739910313901345,0.4260089686098655,8,0.03587443946188341,63.123852544132916,7.408348909657324,9.989200415368641,10.380263240014207,2
202,1003,5,4,40.4,3.896039603960396,1.25,1,0.2,0.006979062811565304,110,0.5445544554455446,0.13366336633663367,0.42574257425742573,0.5742574257425742,11,0.054455445544554455,58.521566502463074,15.182916256157636,17.816354679802956,10.793553405168563,2
236,1324,10,3,23.6,4.529661016949152,3.3333333333333335,17,1.7,0.02416918429003021,141,0.597457627118644,0.18220338983050846,0.559322033898305,0.4406779661016949,5,0.0211864406779661,52.37497247706423,11.36979816513762,13.490642201834863,13.023866798666859,2
203,1166,12,3,16.916666666666668,4.4088669950738915,4.0,10,0.8333333333333334,0.03773584905660377,136,0.6699507389162561,0.17733990147783252,0.5270935960591133,0.4729064039408867,6,0.029556650246305417,65.90016304347829,8.352958937198068,10.185024154589371,10.125756701596842,2
188,1035,10,3,18.8,4.319148936170213,3.3333333333333335,4,0.4,0.014492753623188406,108,0.574468085106383,0.18617021276595744,0.4574468085106383,0.5425531914893617,2,0.010638297872340425,66.25300000000001,8.6888085106383,11.349787234042555,11.602472056035307,2
314,1734,19,6,16.526315789473685,4.337579617834395,3.1666666666666665,6,0.3157894736842105,0.016147635524798153,174,0.554140127388535,0.15605095541401273,0.5382165605095541,0.46178343949044587,5,0.01592356687898089,72.25842601787491,7.338626282687851,9.336246276067527,9.811843763644266,2
187,1114,11,3,17.0,4.828877005347594,3.6666666666666665,4,0.36363636363636365,0.02064631956912029,116,0.6203208556149733,0.2620320855614973,0.5294117647058824,0.47058823529411764,4,0.0213903743315508,63.16688311688313,8.7172582972583,11.528811928811932,11.911945987284739,2
213,1068,15,3,14.2,3.9061032863849765,5.0,2,0.13333333333333333,0.020599250936329586,99,0.4647887323943662,0.0892018779342723,0.47417840375586856,0.5258215962441315,2,0.009389671361502348,81.21073239436619,5.45973708920188,8.68469483568075,9.029198982220553,2
158,906,10,4,15.8,4.658227848101266,2.5,0,0.0,0.011037527593818985,64,0.4050632911392405,0.22784810126582278,0.5189873417721519,0.4810126582278481,3,0.0189873417721519,55.15535161744023,9.927552742616037,14.617158931082983,13.5591,2
154,865,8,3,19.25,4.48051948051948,2.6666666666666665,9,1.125,0.021965317919075144,89,0.577922077922078,0.2012987012987013,0.512987012987013,0.487012987012987,9,0.05844155844155844,62.04430194805197,9.38762987012987,11.596103896103896,10.9516,2
270,1455,17,5,15.882352941176471,4.311111111111111,3.4,1,0.058823529411764705,0.016494845360824743,148,0.5481481481481482,0.1259259259259259,0.4962962962962963,0.5037037037037037,3,0.011111111111111112,72.2744117647059,7.124117647058824,8.575163398692812,9.168548406835143,2
327,1727,19,5,17.210526315789473,4.116207951070336,3.8,4,0.21052631578947367,0.013317892298784018,153,0.46788990825688076,0.1559633027522936,0.47706422018348627,0.5229357798165137,8,0.024464831804281346,74.4965910188315,7.144123611781751,8.963721229679704,9.414487439383343,2
341,1767,19,5,17.94736842105263,4.087976539589443,3.8,2,0.10526315789473684,0.011884550084889643,156,0.4574780058651026,0.14076246334310852,0.4633431085043988,0.5366568914956011,5,0.01466275659824047,71.00402199528673,7.735868028279658,9.440691280439905,9.93914555978268,2
209,1196,15,3,13.933333333333334,4.478468899521531,5.0,8,0.5333333333333333,0.033444816053511704,140,0.6698564593301436,0.22009569377990432,0.569377990430622,0.430622009569378,10,0.04784688995215311,63.82667948717952,7.801653846153847,10.931282051282052,11.341690212594319,2
313,1739,14,4,22.357142857142858,4.460063897763578,3.5,8,0.5714285714285714,0.020126509488211614,148,0.4728434504792332,0.17891373801916932,0.476038338658147,0.5239616613418531,3,0.009584664536741214,60.621094249201306,10.358039707895937,12.904518484710179,12.785403640627713,2
163,967,12,3,13.583333333333334,4.717791411042945,4.0,6,0.5,0.02998965873836608,107,0.656441717791411,0.24539877300613497,0.5828220858895705,0.4171779141104294,7,0.04294478527607362,63.15875,7.865833333333338,9.378787878787879,10.125756701596842,2
215,1163,15,4,14.333333333333334,4.283720930232558,3.75,4,0.26666666666666666,0.021496130696474634,96,0.44651162790697674,0.19069767441860466,0.42790697674418604,0.5720930232558139,4,0.018604651162790697,62.96900000000002,8.053777777777778,12.056296296296296,12.10132525352546,2
316,1969,13,6,24.307692307692307,5.012658227848101,2.1666666666666665,14,1.0769230769230769,0.018283392585068562,180,0.569620253164557,0.2911392405063291,0.5981012658227848,0.40189873417721517,8,0.02531645569620253,39.82059071729961,14.247088607594936,16.356118143459916,14.790194502661404,2
266,1595,19,4,14.0,4.7819548872180455,4.75,9,0.47368421052631576,0.01755485893416928,142,0.5338345864661654,0.22932330827067668,0.5375939849624061,0.462406015037594,4,0.015037593984962405,59.68214285714288,8.412857142857145,10.71278195488722,11.520995432342353,2
213,1072,21,3,10.142857142857142,3.863849765258216,7.0,11,0.5238095238095238,0.03544776119402985,103,0.4835680751173709,0.09389671361502347,0.47417840375586856,0.5258215962441315,8,0.03755868544600939,91.168911971831,3.188852112676056,5.950140845070423,6.961326702584282,2
433,2383,31,5,13.96774193548387,4.390300230946882,6.2,3,0.0967741935483871,0.01678556441460344,209,0.48267898383371827,0.19168591224018475,0.5127020785219399,0.48729792147806006,6,0.013856812933025405,68.67761020881672,7.372332186574926,8.265013201056084,9.494082108488547,2
223,1318,14,3,15.928571428571429,4.771300448430493,4.666666666666667,2,0.14285714285714285,0.015933232169954476,132,0.5919282511210763,0.22869955156950672,0.6322869955156951,0.36771300448430494,17,0.07623318385650224,53.91695945945946,10.33490990990991,12.084684684684685,12.161744961471694,2
315,1726,16,3,19.6875,4.165079365079365,5.333333333333333,12,0.75,0.027230590961761298,161,0.5111111111111111,0.12698412698412698,0.5174603174603175,0.48253968253968255,11,0.03492063492063492,66.99688942307694,8.96079807692308,11.078846153846156,10.270032843473604,2
221,1159,13,1,17.0,4.208144796380091,13.0,7,0.5384615384615384,0.022433132010353754,112,0.5067873303167421,0.1583710407239819,0.48868778280542985,0.5113122171945701,4,0.01809954751131222,69.18998879761016,7.545339805825243,11.775354742345034,11.661520659325951,2
348,1657,22,5,15.818181818181818,3.675287356321839,4.4,3,0.13636363636363635,0.017501508750754374,140,0.40229885057471265,0.07471264367816093,0.4454022988505747,0.5545977011494253,5,0.014367816091954023,88.43299373040752,4.854378265412752,6.787042842215256,5.852544927426893,2
412,2265,21,4,19.61904761904762,4.303398058252427,5.25,40,1.9047619047619047,0.030463576158940398,221,0.5364077669902912,0.1529126213592233,0.44660194174757284,0.5533980582524272,15,0.03640776699029126,65.69389792176042,9.176698044009783,11.798581907090465,11.407655852321103,2
247,1202,12,2,20.583333333333332,3.789473684210526,6.0,4,0.3333333333333333,0.014975041597337771,117,0.47368421052631576,0.10526315789473684,0.4534412955465587,0.5465587044534413,8,0.032388663967611336,78.39473852901487,7.438309716599189,9.690823211875845,8.841846274778883,2
306,1546,17,3,18.0,3.9411764705882355,5.666666666666667,12,0.7058823529411765,0.023932729624838292,126,0.4117647058823529,0.11437908496732026,0.4673202614379085,0.5326797385620915,4,0.013071895424836602,82.67676470588236,6.199281045751636,8.899346405228759,9.478462496947788,2
336,1905,16,3,21.0,4.5476190476190474,5.333333333333333,10,0.625,0.01994750656167979,166,0.49404761904761907,0.17857142857142858,0.48214285714285715,0.5178571428571429,9,0.026785714285714284,64.50022559171597,9.510880177514796,11.881952662721893,11.333407214811011,2
212,1066,16,5,13.25,3.7547169811320753,3.2,5,0.3125,0.020637898686679174,97,0.45754716981132076,0.11320754716981132,0.3915094339622642,0.6084905660377359,6,0.02830188679245283,83.80617005813957,4.908299418604653,8.537790697674419,9.017664075816786,2
198,1024,11,3,18.0,4.0606060606060606,3.6666666666666665,2,0.18181818181818182,0.013671875,98,0.494949494949495,0.1111111111111111,0.5,0.5,2,0.010101010101010102,80.49081772498862,6.526761078117865,8.643398812243033,8.841846274778883,2
280,1572,18,4,15.555555555555555,4.353571428571429,4.5,13,0.7222222222222222,0.027989821882951654,153,0.5464285714285714,0.175,0.5,0.5,6,0.02142857142857143,68.37611111111113,7.586666666666666,10.079365079365079,10.504223727775692,2
194,1113,14,4,13.857142857142858,4.561855670103093,3.5,10,0.7142857142857143,0.0215633423180593,109,0.5618556701030928,0.17525773195876287,0.5876288659793815,0.41237113402061853,8,0.041237113402061855,70.54509067357513,6.844459659511475,9.452109548482605,9.957137785484202,2
834,4791,39,21,21.384615384615383,4.568345323741007,1.8571428571428572,33,0.8461538461538461,0.01878522229179712,373,0.447242206235012,0.20983213429256595,0.565947242206235,0.434052757793765,10,0.011990407673860911,58.67101774213151,10.452132701421803,12.542666180580873,11.95083700844419,2
289,1641,12,7,24.083333333333332,4.5121107266435985,1.7142857142857142,17,1.4166666666666667,0.018890920170627667,127,0.43944636678200694,0.2179930795847751,0.43252595155709345,0.5674740484429066,11,0.03806228373702422,56.75000000000003,11.306111111111111,14.738888888888889,13.5591,2
228,1272,13,3,17.53846153846154,4.456140350877193,4.333333333333333,6,0.46153846153846156,0.01650943396226415,122,0.5350877192982456,0.17982456140350878,0.5657894736842105,0.4342105263157895,12,0.05263157894736842,65.74850983097622,8.35022421524664,11.166471196964473,11.20814326018867,2
256,1504,17,4,15.058823529411764,4.71484375,4.25,9,0.5294117647058824,0.018617021276595744,136,0.53125,0.21484375,0.58203125,0.41796875,9,0.03515625,56.38857536764709,9.135284926470593,10.086029411764706,10.590485417798838,2
163,1006,9,4,18.11111111111111,4.134969325153374,2.25,10,1.1111111111111112,0.02485089463220676,102,0.6257668711656442,0.147239263803681,0.4601226993865031,0.5398773006134969,4,0.024539877300613498,70.38738286479253,8.02381526104418,11.233199464524766,10.980518767755715,2
160,838,3,4,53.333333333333336,4.175,0.75,1,0.3333333333333333,0.011933174224343675,100,0.625,0.125,0.475,0.525,4,0.025,40.55743099787688,20.60343949044586,24.500212314225053,15.903189008614273,2
205,1149,14,5,14.642857142857142,4.453658536585366,2.8,2,0.14285714285714285,0.018276762402088774,108,0.526829268292683,0.18048780487804877,0.5707317073170731,0.4292682926829268,10,0.04878048780487805,70.95088235294119,6.983053221288518,8.965826330532213,9.606745405546679,2
433,2363,26,3,16.653846153846153,4.341801385681293,8.666666666666666,6,0.23076923076923078,0.01946677951756242,199,0.45958429561200925,0.15242494226327943,0.5265588914549654,0.47344110854503463,3,0.006928406466512702,69.64101967799644,7.654418604651166,9.87119856887299,10.125756701596842,2
175,960,6,1,29.166666666666668,4.371428571428571,6.0,0,0.0,0.007291666666666667,101,0.5771428571428572,0.18857142857142858,0.46285714285714286,0.5371428571428571,7,0.04,55.011144067796636,12.915000000000003,15.867796610169492,14.314028922438442,2
162,921,10,4,16.2,4.41358024691358,2.5,15,1.5,0.03908794788273615,116,0.7160493827160493,0.18518518518518517,0.5864197530864198,0.41358024691358025,3,0.018518518518518517,68.58542546583853,7.6927267080745345,10.663602484472051,11.20814326018867,2
538,3022,29,22,18.551724137931036,4.4646840148698885,1.3181818181818181,11,0.3793103448275862,0.01985440105890139,180,0.3345724907063197,0.2211895910780669,0.46654275092936803,0.533457249070632,17,0.031598513011152414,63.69833333333334,9.000587484035762,11.522349936143039,11.20814326018867,2
216,1218,19,7,11.368421052631579,4.449074074074074,2.7142857142857144,8,0.42105263157894735,0.027093596059113302,122,0.5648148148148148,0.17592592592592593,0.46296296296296297,0.5370370370370371,2,0.009259259259259259,64.23035885167468,6.8893620414673045,10.633067517278045,10.542938554032801,2
234,1405,18,4,13.0,4.6923076923076925,4.5,9,0.5,0.027758007117437724,122,0.5213675213675214,0.23076923076923078,0.49145299145299143,0.5085470085470085,1,0.004273504273504274,62.32718750000001,8.21472074468085,12.172872340425533,12.161744961471694,2
177,975,9,2,19.666666666666668,4.372881355932203,4.5,9,1.0,0.02666666666666667,120,0.6779661016949152,0.1694915254237288,0.4971751412429379,0.5028248587570622,6,0.03389830508474576,61.062870762711896,10.23875,11.109887005649718,10.125756701596842,2
612,3164,71,25,8.619718309859154,3.911764705882353,2.84,9,0.1267605633802817,0.05025284450063211,273,0.44607843137254904,0.09477124183006536,0.4918300653594771,0.5081699346405228,12,0.0196078431372549,88.08991041315348,3.603227836665866,5.719694049626597,7.0958314945682925,2
240,1306,20,4,12.0,4.291666666666667,5.0,0,0.0,0.018376722817764167,133,0.5541666666666667,0.15416666666666667,0.49166666666666664,0.5083333333333333,6,0.025,75.06223535564857,5.7583661087866105,7.290460251046025,9.255337874911486,2
259,1446,18,3,14.38888888888889,4.355212355212355,6.0,18,1.0,0.029737206085753802,135,0.5212355212355212,0.18532818532818532,0.5752895752895753,0.4247104247104247,3,0.011583011583011582,65.58723172792565,7.741032953105197,10.102999577524294,11.095144083064902,2
199,986,11,3,18.09090909090909,3.864321608040201,3.6666666666666665,5,0.45454545454545453,0.02231237322515213,107,0.5376884422110553,0.12060301507537688,0.4120603015075377,0.5879396984924623,1,0.005025125628140704,79.2154408405665,6.704650525354044,9.04540886249429,9.339509955726097,2
238,1170,10,4,23.8,3.7857142857142856,2.5,7,0.7,0.01623931623931624,124,0.5210084033613446,0.09663865546218488,0.3907563025210084,0.6092436974789915,12,0.05042016806722689,79.70481330472106,7.930476394849787,10.693390557939916,8.841846274778883,2
189,1074,8,1,23.625,4.529100529100529,8.0,5,0.625,0.032588454376163874,108,0.5714285714285714,0.2222222222222222,0.5555555555555556,0.4444444444444444,14,0.07407407407407407,54.17354612299465,11.510207219251342,12.558556149732622,11.93303328291395,2
396,2095,28,16,14.142857142857142,4.088383838383838,1.75,5,0.17857142857142858,0.017183770883054894,168,0.42424242424242425,0.10353535353535354,0.48737373737373735,0.5126262626262627,5,0.012626262626262626,79.28858627204033,5.722514393666788,7.5857862540482195,8.418075326091056,2
205,1111,9,3,22.77777777777778,4.209756097560976,3.0,14,1.5555555555555556,0.034203420342034205,116,0.5658536585365853,0.14146341463414633,0.4926829268292683,0.5073170731707317,3,0.014634146341463415,66.96976806903993,9.604627831715217,11.485652642934198,10.25414643259724,2
199,1022,9,1,22.11111111111111,4.080402010050252,9.0,3,0.3333333333333333,0.011741682974559686,113,0.5678391959798995,0.1407035175879397,0.457286432160804,0.542713567839196,9,0.04522613065326633,69.1831769960916,9.102680067001675,11.256504745951982,10.25414643259724,2
211,1160,3,1,70.33333333333333,4.402843601895735,3.0,2,0.6666666666666666,0.007758620689655172,111,0.5260663507109005,0.15165876777251186,0.4928909952606635,0.5071090047393365,11,0.052132701421800945,18.395352112676065,28.331924882629114,31.40469483568075,16.32212239822248,2
317,1703,21,3,15.095238095238095,4.233438485804417,7.0,19,0.9047619047619048,0.02701115678214915,132,0.416403785488959,0.13564668769716087,0.501577287066246,0.49842271293375395,1,0.0031545741324921135,73.17000000000003,6.780000000000001,9.936507936507937,10.608840637214634,2
302,1598,18,5,16.77777777777778,4.129139072847682,3.6,15,0.8333333333333334,0.023153942428035045,159,0.5264900662251656,0.12582781456953643,0.4768211920529801,0.5231788079470199,8,0.026490066225165563,75.75031653746771,6.847945736434109,10.144038390550019,10.380263240014207,2
344,1832,21,6,16.38095238095238,4.203488372093023,3.5,6,0.2857142857142857,0.0212882096069869,146,0.42441860465116277,0.15406976744186046,0.43023255813953487,0.5697674418604651,2,0.005813953488372093,76.46331851311955,6.854768221574343,8.842507288629738,8.841846274778883,2
184,921,11,1,16.727272727272727,3.902173913043478,11.0,2,0.18181818181818182,0.014115092290988056,102,0.5543478260869565,0.10869565217391304,0.45652173913043476,0.5434782608695652,2,0.010869565217391304,80.88833992094864,6.132549407114627,8.212648221343875,8.575989854853784,2
425,2138,25,5,17.0,3.9647058823529413,5.0,0,0.0,0.012628624883068288,176,0.41411764705882353,0.1011764705882353,0.43529411764705883,0.5647058823529412,5,0.011764705882352941,85.87035294117649,5.505411764705883,7.647058823529412,8.109356740369918,2
154,811,6,3,25.666666666666668,4.123376623376624,2.0,5,0.8333333333333334,0.013563501849568433,94,0.6103896103896104,0.17532467532467533,0.5714285714285714,0.42857142857142855,5,0.032467532467532464,67.64500000000004,10.283333333333335,12.964102564102564,10.504223727775692,2
159,761,4,3,39.75,3.660377358490566,1.3333333333333333,1,0.25,0.006570302233902759,87,0.5471698113207547,0.06918238993710692,0.49056603773584906,0.5094339622641509,10,0.06289308176100629,63.266108490566054,14.309984276729562,18.164150943396226,11.698219412168324,2
287,1814,15,5,19.133333333333333,5.128919860627177,3.0,11,0.7333333333333333,0.015986769570011026,166,0.578397212543554,0.27526132404181186,0.578397212543554,0.42160278745644597,9,0.0313588850174216,49.10909111880048,11.195972318339098,13.104590542099192,12.68835289967788,2
241,1338,19,5,12.68421052631579,4.419087136929461,3.8,7,0.3684210526315789,0.025411061285500747,130,0.5394190871369294,0.2074688796680498,0.47717842323651455,0.5228215767634855,10,0.04149377593360996,65.44805788982262,7.415406162464986,9.994771241830065,10.504223727775692,2
213,1159,3,1,71.0,4.300469483568075,3.0,19,6.333333333333333,0.024158757549611734,92,0.431924882629108,0.16901408450704225,0.47417840375586856,0.5258215962441315,2,0.009389671361502348,17.627726574500798,28.770230414746546,30.77665130568356,14.06817628641468,2
283,1559,15,12,18.866666666666667,4.318021201413427,1.25,9,0.6,0.02052597819114817,142,0.5017667844522968,0.15547703180212014,0.49823321554770317,0.5017667844522968,7,0.024734982332155476,66.49841724941727,8.720825174825176,10.144149184149185,9.888512548439397,2
245,1302,16,3,15.3125,4.142857142857143,5.333333333333333,3,0.1875,0.014592933947772658,103,0.4204081632653061,0.17551020408163265,0.4897959183673469,0.5102040816326531,3,0.012244897959183673,66.87712773904384,7.828523406374504,10.89651394422311,10.820120047756994,2
286,1560,9,3,31.77777777777778,4.3776223776223775,3.0,4,0.4444444444444444,0.010256410256410256,144,0.5034965034965035,0.16783216783216784,0.458041958041958,0.541958041958042,5,0.017482517482517484,50.66289972899732,14.114959349593498,16.518621757646148,14.232682905230785,2
260,1377,21,4,12.380952380952381,4.096153846153846,5.25,12,0.5714285714285714,0.04139433551198257,140,0.5384615384615384,0.12307692307692308,0.4576923076923077,0.5423076923076923,3,0.011538461538461539,79.0609109311741,5.631457489878546,8.704453441295547,9.414487439383343,2
156,789,10,1,15.6,3.967948717948718,10.0,5,0.5,0.025348542458808618,97,0.6217948717948718,0.15384615384615385,0.4935897435897436,0.5064102564102564,5,0.03205128205128205,71.9949090909091,7.043272727272729,9.536623376623377,9.888512548439397,2
307,1695,13,5,23.615384615384617,4.390879478827362,2.6,1,0.07692307692307693,0.010029498525073746,136,0.44299674267100975,0.21172638436482086,0.4788273615635179,0.5211726384364821,7,0.02280130293159609,59.82470223325065,10.839032258064517,14.699751861042182,13.397384779245865,2
160,899,6,4,26.666666666666668,4.525,1.5,7,1.1666666666666667,0.01668520578420467,101,0.63125,0.20625,0.5,0.5,6,0.0375,49.16708333333335,13.026250000000001,14.66666666666667,13.81666964889586,2
196,1045,10,5,19.6,4.1479591836734695,2.0,23,2.3,0.031578947368421054,88,0.4489795918367347,0.1326530612244898,0.4744897959183674,0.5255102040816326,1,0.00510204081632653,70.83181632653063,8.248897959183676,11.309387755102042,10.793553405168563,2
334,1740,18,3,18.555555555555557,4.110778443113772,6.0,14,0.7777777777777778,0.021839080459770115,147,0.44011976047904194,0.11976047904191617,0.46407185628742514,0.5359281437125748,3,0.008982035928143712,79.49682810848893,7.051993659739345,9.89475167312434,9.325443323948027,2
255,1563,21,5,12.142857142857142,4.886274509803922,4.2,15,0.7142857142857143,0.03198976327575176,164,0.6431372549019608,0.2784313725490196,0.6078431372549019,0.39215686274509803,7,0.027450980392156862,60.86064102564106,7.846263736263737,9.721611721611723,10.712014347399686,2
303,1589,19,9,15.947368421052632,4.0561056105610565,2.111111111111111,16,0.8421052631578947,0.02957835116425425,160,0.528052805280528,0.1188118811881188,0.5082508250825083,0.49174917491749176,21,0.06930693069306931,81.7573319437207,5.8175924960917165,8.09511898558277,8.6894789155246,2
248,1346,11,3,22.545454545454547,4.342741935483871,3.6666666666666665,3,0.2727272727272727,0.01188707280832095,135,0.5443548387096774,0.15725806451612903,0.5282258064516129,0.4717741935483871,5,0.020161290322580645,69.3876181818182,9.227236363636365,10.850909090909092,10.23097548852734,2
193,1093,11,3,17.545454545454547,4.533678756476684,3.6666666666666665,0,0.0,0.01555352241537054,106,0.5492227979274611,0.16062176165803108,0.5544041450777202,0.44559585492227977,7,0.03626943005181347,63.894125874125876,8.751328671328675,9.552447552447552,9.573946990214175,2
275,1566,27,5,10.185185185185185,4.567272727272727,5.4,11,0.4074074074074074,0.041507024265644954,127,0.4618181818181818,0.1890909090909091,0.5309090909090909,0.4690909090909091,2,0.007272727272727273,75.66018240044558,5.15372598162072,8.452018936229463,9.53975657930432,2
154,880,9,2,17.11111111111111,4.4935064935064934,4.5,3,0.3333333333333333,0.019318181818181818,82,0.5324675324675324,0.2727272727272727,0.44155844155844154,0.5584415584415584,3,0.01948051948051948,59.820468975469,9.166450216450219,11.519769119769121,11.429527900616531,2
216,1137,17,3,12.705882352941176,4.101851851851852,5.666666666666667,5,0.29411764705882354,0.03518029903254178,110,0.5092592592592593,0.1527777777777778,0.46296296296296297,0.5370370370370371,4,0.018518518518518517,73.05883928571428,6.32970238095238,8.678571428571429,9.673873057562805,2
262,1453,12,4,21.833333333333332,4.4541984732824424,3.0,2,0.16666666666666666,0.012388162422573986,123,0.46946564885496184,0.20610687022900764,0.4847328244274809,0.5152671755725191,4,0.015267175572519083,62.29477735368958,9.994465648854963,12.855470737913487,12.161744961471694,2
240,1224,12,4,20.0,3.970833333333333,3.0,3,0.25,0.012254901960784314,116,0.48333333333333334,0.15,0.4625,0.5375,6,0.025,76.59558539944906,7.585743801652892,9.719559228650139,8.841846274778883,2
284,1576,13,3,21.846153846153847,4.464788732394366,4.333333333333333,7,0.5384615384615384,0.0133248730964467,133,0.46830985915492956,0.16901408450704225,0.4612676056338028,0.5387323943661971,0,0.0,62.2294637053088,10.006760563380286,11.97789815817985,10.891193690592665,2
387,2208,22,11,17.59090909090909,4.454780361757106,2.0,14,0.6363636363636364,0.025815217391304348,223,0.5762273901808785,0.21705426356589147,0.5452196382428941,0.45478036175710596,11,0.028423772609819122,64.3755761099366,8.650299506694854,11.27408973455485,11.389717465364857,2
453,2450,28,6,16.178571428571427,4.317880794701987,4.666666666666667,23,0.8214285714285714,0.028979591836734694,229,0.5055187637969095,0.16114790286975716,0.5055187637969095,0.49448123620309054,4,0.008830022075055188,66.73870882403142,7.943865847414234,9.563270182625022,10.504223727775692,2
270,1454,11,4,24.545454545454547,4.2555555555555555,2.75,10,0.9090909090909091,0.019944979367262722,138,0.5111111111111111,0.13703703703703704,0.44814814814814813,0.5518518518518518,5,0.018518518518518517,68.80803030303032,9.75976430976431,11.744107744107746,10.23097548852734,2
210,1065,10,1,21.0,3.9904761904761905,10.0,7,0.7,0.018779342723004695,105,0.5,0.1,0.4523809523809524,0.5476190476190477,0,0.0,78.7583421052632,7.466263157894737,10.84803827751196,10.125756701596842,2
192,1000,12,1,16.0,4.083333333333333,12.0,8,0.6666666666666666,0.035,109,0.5677083333333334,0.15104166666666666,0.46875,0.53125,2,0.010416666666666666,71.93475806451615,7.076505376344091,9.855913978494625,10.31748142421505,2
252,1449,13,4,19.384615384615383,4.607142857142857,3.25,3,0.23076923076923078,0.01725327812284334,129,0.5119047619047619,0.24603174603174602,0.5396825396825397,0.4603174603174603,3,0.011904761904761904,58.82095923996326,9.85155378486056,12.344590867300031,11.95083700844419,2
193,1060,13,3,14.846153846153847,4.357512953367876,4.333333333333333,5,0.38461538461538464,0.020754716981132074,114,0.5906735751295337,0.15025906735751296,0.5233160621761658,0.47668393782383417,2,0.010362694300518135,68.59206058190516,7.380310880829018,10.498047030689518,10.727762888450027,2
238,1318,16,1,14.875,4.378151260504202,16.0,15,0.9375,0.03110773899848255,142,0.5966386554621849,0.17647058823529413,0.5042016806722689,0.4957983193277311,5,0.02100840336134454,67.38495518207284,7.8022016806722725,11.052549019607845,11.20814326018867,2
205,1153,10,4,20.5,4.4975609756097565,2.5,13,1.3,0.026886383347788378,124,0.6048780487804878,0.22926829268292684,0.4975609756097561,0.5024390243902439,1,0.004878048780487805,61.84842537313435,9.626114427860696,11.622089552238807,11.407655852321103,2
180,984,9,4,20.0,4.35,2.25,2,0.2222222222222222,0.012195121951219513,104,0.5777777777777777,0.18888888888888888,0.5388888888888889,0.46111111111111114,7,0.03888888888888889,66.21500000000003,8.992222222222225,11.111111111111112,11.645159339076184,2
169,888,11,1,15.363636363636363,4.153846153846154,11.0,2,0.18181818181818182,0.016891891891891893,91,0.5384615384615384,0.13609467455621302,0.47337278106508873,0.5266272189349113,14,0.08284023668639054,79.03675324675326,6.029458874458875,9.204329004329004,9.339509955726097,2
290,1719,21,4,13.80952380952381,4.63103448275862,5.25,8,0.38095238095238093,0.01861547411285631,129,0.44482758620689655,0.1896551724137931,0.5103448275862069,0.4896551724137931,2,0.006896551724137931,66.68039548022601,7.44857142857143,10.771589991928975,11.111384760643409,2
226,1148,15,3,15.066666666666666,3.9513274336283186,5.0,0,0.0,0.017421602787456445,102,0.45132743362831856,0.11504424778761062,0.45132743362831856,0.5486725663716814,4,0.017699115044247787,82.69973684210528,5.770200501253132,9.321303258145363,9.606745405546679,2
220,1211,10,4,22.0,4.413636363636364,2.5,5,0.5,0.01568951279933939,120,0.5454545454545454,0.15454545454545454,0.4909090909090909,0.509090909090909,8,0.03636363636363636,62.535267123287696,9.977484018264843,12.047671232876713,11.979248473330827,2
194,1071,13,4,14.923076923076923,4.319587628865979,3.25,3,0.23076923076923078,0.015873015873015872,122,0.6288659793814433,0.17525773195876287,0.5257731958762887,0.4742268041237113,4,0.020618556701030927,68.08498430141289,7.508367346938776,10.52056514913658,11.362043627235082,2
159,861,6,4,26.5,4.283018867924528,1.5,3,0.5,0.022067363530778164,99,0.6226415094339622,0.16352201257861634,0.44025157232704404,0.559748427672956,5,0.031446540880503145,61.77375527426163,11.18506329113924,12.811814345991563,10.864195022040775,2
163,893,8,3,20.375,4.3496932515337425,2.6666666666666665,7,0.875,0.019036954087346025,101,0.6196319018404908,0.15337423312883436,0.49693251533742333,0.5030674846625767,6,0.03680981595092025,67.81817868098163,8.861771472392636,11.09478527607362,10.411451182825502,2
220,1236,25,4,8.8,4.345454545454546,6.25,2,0.08,0.03559870550161812,148,0.6727272727272727,0.15454545454545454,0.5409090909090909,0.4590909090909091,5,0.022727272727272728,81.74040000000002,4.0046,5.493037037037038,7.554174236665414,2
219,1342,15,3,14.6,4.65296803652968,5.0,4,0.26666666666666666,0.01788375558867362,121,0.5525114155251142,0.2465753424657534,0.5296803652968036,0.4703196347031963,13,0.0593607305936073,56.58833333333337,9.010000000000002,11.321212121212122,11.341690212594319,2
263,1444,15,4,17.533333333333335,4.338403041825095,3.75,3,0.2,0.013850415512465374,122,0.46387832699619774,0.16730038022813687,0.4828897338403042,0.5171102661596958,6,0.022813688212927757,69.94777528089888,7.925033707865172,10.715505617977529,10.65027996061788,2
170,1064,8,3,21.25,5.017647058823529,2.6666666666666665,11,1.375,0.023496240601503758,103,0.6058823529411764,0.3,0.5176470588235295,0.4823529411764706,6,0.03529411764705882,44.17406976744189,13.202159468438541,17.037873754152823,15.343465313023842,2
205,1034,11,2,18.636363636363637,3.9804878048780488,5.5,2,0.18181818181818182,0.013539651837524178,101,0.4926829268292683,0.11219512195121951,0.4195121951219512,0.5804878048780487,5,0.024390243902439025,73.74370588235297,8.041490196078431,10.12078431372549,9.642632912329528,2
199,1014,9,3,22.11111111111111,3.9849246231155777,3.0,3,0.3333333333333333,0.011834319526627219,94,0.4723618090452261,0.12060301507537688,0.45226130653266333,0.5477386934673367,7,0.035175879396984924,75.14544444444446,8.298666666666666,10.68888888888889,8.841846274778883,2
226,1390,17,3,13.294117647058824,4.982300884955753,5.666666666666667,12,0.7058823529411765,0.025899280575539568,129,0.5707964601769911,0.33185840707964603,0.5221238938053098,0.4778761061946903,6,0.02654867256637168,52.21669182717335,9.27877667881312,10.981363872982824,11.892052765847286,2
206,1071,23,3,8.956521739130435,3.966019417475728,7.666666666666667,11,0.4782608695652174,0.031746031746031744,119,0.5776699029126213,0.12135922330097088,0.5097087378640777,0.49029126213592233,9,0.043689320388349516,77.66064363143633,5.256544715447156,7.092140921409214,8.515128840125781,2
221,1295,10,3,22.1,4.751131221719457,3.3333333333333335,8,0.8,0.014671814671814672,138,0.6244343891402715,0.25339366515837103,0.5248868778280543,0.4751131221719457,4,0.01809954751131222,45.827934389140296,12.357506787330319,16.07981900452489,14.696529576185021,2
336,2084,22,7,15.272727272727273,5.020833333333333,3.142857142857143,19,0.8636363636363636,0.02495201535508637,217,0.6458333333333334,0.27976190476190477,0.6220238095238095,0.37797619047619047,5,0.01488095238095238,44.041822325421435,11.574277605779155,13.988923288613691,13.5591,2
184,967,15,3,12.266666666666667,4.119565217391305,5.0,8,0.5333333333333333,0.02688728024819028,99,0.5380434782608695,0.16304347826086957,0.391304347826087,0.6086956521739131,3,0.016304347826086956,83.03888524590165,4.7078907103825145,7.2843715846994535,8.238735603445708,2
183,969,4,1,45.75,4.163934426229508,4.0,15,3.75,0.02786377708978328,103,0.5628415300546448,0.12021857923497267,0.46994535519125685,0.5300546448087432,7,0.03825136612021858,47.598750000000024,17.985833333333336,19.611475409836068,10.686352973137792,2
171,988,10,3,17.1,4.56140350877193,3.3333333333333335,7,0.7,0.01720647773279352,92,0.5380116959064327,0.17543859649122806,0.47368421052631576,0.5263157894736842,5,0.029239766081871343,59.85744736842105,9.158532163742692,12.92187134502924,12.340626583579944,2
183,975,5,1,36.6,4.262295081967213,5.0,4,0.8,0.013333333333333334,116,0.6338797814207651,0.12568306010928962,0.4918032786885246,0.5081967213114754,5,0.0273224043715847,49.48927868852461,15.449027322404373,17.044371584699455,11.979248473330827,2
186,971,5,8,37.2,4.134408602150538,0.625,0,0.0,0.008238928939237899,101,0.543010752688172,0.0967741935483871,0.489247311827957,0.510752688172043,9,0.04838709677419355,53.158000000000015,14.986999999999998,17.11130434782609,12.340626583579944,2
163,893,6,3,27.166666666666668,4.41717791411043,2.0,1,0.16666666666666666,0.011198208286674132,92,0.5644171779141104,0.2147239263803681,0.48466257668711654,0.5153374233128835,5,0.03067484662576687,59.886600204499004,11.655306748466263,13.811451942740286,11.855464076750408,2
305,1618,25,5,12.2,4.108196721311476,5.0,0,0.0,0.027194066749072928,174,0.5704918032786885,0.12131147540983607,0.4852459016393443,0.5147540983606558,12,0.03934426229508197,80.11562631578948,5.105689473684212,6.837684210526317,8.109356740369918,2
254,1353,17,4,14.941176470588236,4.177165354330708,4.25,6,0.35294117647058826,0.020694752402069475,144,0.5669291338582677,0.12992125984251968,0.5551181102362205,0.4448818897637795,3,0.011811023622047244,80.42403659101437,5.75359425660028,7.8662343677628535,7.928766900206845,2
159,997,14,3,11.357142857142858,5.1257861635220126,4.666666666666667,0,0.0,0.023069207622868605,88,0.5534591194968553,0.27044025157232704,0.6415094339622641,0.3584905660377358,8,0.050314465408805034,49.20405063291139,9.200036166365283,9.577576853526223,10.290406445055957,2
231,1340,14,3,16.5,4.484848484848484,4.666666666666667,13,0.9285714285714286,0.025373134328358207,149,0.645021645021645,0.18181818181818182,0.5670995670995671,0.4329004329004329,8,0.03463203463203463,66.00346153846155,8.524871794871796,9.935042735042735,10.560738912317856,2
411,2188,6,2,68.5,4.245742092457421,3.0,1,0.16666666666666666,0.003656307129798903,151,0.36739659367396593,0.1678832116788321,0.4282238442822384,0.5717761557177615,10,0.024330900243309004,22.170320512820552,27.391346153846154,30.714102564102564,16.728156217252725,2
226,1225,14,3,16.142857142857142,4.3053097345132745,4.666666666666667,11,0.7857142857142857,0.02122448979591837,118,0.5221238938053098,0.1592920353982301,0.4778761061946903,0.5221238938053098,4,0.017699115044247787,75.52876106194692,6.734917825537295,9.819974715549938,9.784248007369934,2
510,2884,28,6,18.214285714285715,4.484313725490196,4.666666666666667,3,0.10714285714285714,0.015603328710124827,277,0.5431372549019607,0.19607843137254902,0.5470588235294118,0.45294117647058824,15,0.029411764705882353,63.853255813953496,8.931251384274638,11.867552602436323,11.561104654884861,2
154,837,10,3,15.4,4.324675324675325,3.3333333333333335,0,0.0,0.014336917562724014,87,0.564935064935065,0.18181818181818182,0.474025974025974,0.525974025974026,3,0.01948051948051948,72.11669354838712,7.051129032258064,9.296774193548387,9.642632912329528,2
275,1509,7,5,39.285714285714285,4.352727272727273,1.4,1,0.14285714285714285,0.010603048376408217,149,0.5418181818181819,0.13818181818181818,0.5127272727272727,0.48727272727272725,24,0.08727272727272728,47.59709090909092,16.380155844155848,17.45974025974026,11.765960540728905,2
255,1371,12,1,21.25,4.23921568627451,12.0,11,0.9166666666666666,0.037199124726477024,148,0.5803921568627451,0.13333333333333333,0.49411764705882355,0.5058823529411764,12,0.047058823529411764,62.53423409405259,9.52631742738589,12.01673582295989,11.538034831475386,2
213,1202,19,4,11.210526315789474,4.516431924882629,4.75,3,0.15789473684210525,0.020798668885191347,99,0.4647887323943662,0.22535211267605634,0.5258215962441315,0.47417840375586856,6,0.028169014084507043,66.76899184581174,6.731401037805782,9.179046207066964,10.186864033877495,2
225,1139,10,4,22.5,3.933333333333333,2.5,0,0.0,0.012291483757682178,111,0.49333333333333335,0.08444444444444445,0.4533333333333333,0.5466666666666666,3,0.013333333333333334,78.70750442477878,7.895681415929207,10.278938053097347,8.238735603445708,2
245,1302,21,5,11.666666666666666,4.179591836734694,4.2,2,0.09523809523809523,0.023809523809523808,120,0.4897959183673469,0.12653061224489795,0.5020408163265306,0.49795918367346936,4,0.0163265306122449,79.58346994535522,5.045526932084307,7.2705698672911785,8.269060116576782,2
180,974,15,4,12.0,4.1,3.75,9,0.6,0.03696098562628337,87,0.48333333333333334,0.1388888888888889,0.4888888888888889,0.5111111111111111,4,0.022222222222222223,84.88806557377049,4.449967213114757,7.2843715846994535,8.021203637495837,2
204,1011,10,3,20.4,3.8823529411764706,3.3333333333333335,0,0.0,0.010880316518298714,107,0.5245098039215687,0.12745098039215685,0.4264705882352941,0.5735294117647058,6,0.029411764705882353,74.15841176470592,7.983647058823532,10.316862745098039,9.642632912329528,2
333,1849,22,7,15.136363636363637,4.33033033033033,3.142857142857143,15,0.6818181818181818,0.03948080043266631,179,0.5375375375375375,0.16816816816816818,0.5585585585585585,0.44144144144144143,2,0.006006006006006006,66.77089864158833,7.719865651589789,9.963337811613673,10.398101306919678,2
210,1193,9,5,23.333333333333332,4.609523809523809,1.8,3,0.3333333333333333,0.01173512154233026,126,0.6,0.21428571428571427,0.5047619047619047,0.49523809523809526,7,0.03333333333333333,53.22337606837607,11.577179487179489,13.282905982905982,12.650343791298138,2
216,1176,12,3,18.0,4.333333333333333,4.0,10,0.8333333333333334,0.0195578231292517,108,0.5,0.17592592592592593,0.5092592592592593,0.49074074074074076,7,0.032407407407407406,72.63166666666666,7.600370370370371,11.088888888888889,10.686352973137792,2
230,1177,12,3,19.166666666666668,4.026086956521739,4.0,4,0.3333333333333333,0.013593882752761258,114,0.4956521739130435,0.11739130434782609,0.4217391304347826,0.5782608695652174,6,0.02608695652173913,77.0598863636364,7.2932575757575755,9.085281385281386,8.841846274778883,2
189,993,11,1,17.181818181818183,4.079365079365079,11.0,2,0.18181818181818182,0.013091641490433032,115,0.6084656084656085,0.13756613756613756,0.4444444444444444,0.5555555555555556,1,0.005291005291005291,75.76107655502395,6.983205741626797,9.645933014354068,10.018931242160765,2
213,1254,16,3,13.3125,4.633802816901408,5.333333333333333,6,0.375,0.023923444976076555,122,0.5727699530516432,0.2112676056338028,0.5446009389671361,0.45539906103286387,10,0.046948356807511735,67.13238636363637,7.31159090909091,8.772727272727272,9.673873057562805,2
156,846,13,3,12.0,4.230769230769231,4.333333333333333,7,0.5384615384615384,0.02364066193853428,85,0.5448717948717948,0.14102564102564102,0.47435897435897434,0.5256410256410257,8,0.05128205128205128,87.53519230769233,4.107500000000002,6.173076923076923,7.010146845296333,2
593,3150,29,2,20.448275862068964,4.254637436762226,14.5,5,0.1724137931034483,0.010793650793650795,254,0.42833052276559863,0.10286677908937605,0.463743676222597,0.5362563237774031,25,0.04215851602023609,73.0897807757167,8.144692678955636,9.730743734372275,9.668497473035632,2
190,1010,20,10,9.5,4.08421052631579,2.0,10,0.5,0.030693069306930693,106,0.5578947368421052,0.14210526315789473,0.5210526315789473,0.4789473684210526,6,0.031578947368421054,80.02605263157895,4.581578947368424,7.578947368421052,8.6894789155246,2
260,1436,20,4,13.0,4.326923076923077,5.0,9,0.45,0.03064066852367688,165,0.6346153846153846,0.18461538461538463,0.5615384615384615,0.43846153846153846,12,0.046153846153846156,75.10370689655174,6.386072796934869,8.865134099616858,9.586721724236664,2
415,2450,21,11,19.761904761904763,4.6891566265060245,1.9090909090909092,15,0.7142857142857143,0.022040816326530613,191,0.4602409638554217,0.23132530120481928,0.5204819277108433,0.4795180722891566,10,0.024096385542168676,58.4264285714286,10.07857142857143,13.80952380952381,12.865540314611906,2
353,1696,22,1,16.045454545454547,3.7308781869688383,22.0,0,0.0,0.012971698113207548,142,0.40226628895184136,0.06232294617563739,0.42776203966005666,0.5722379603399433,22,0.06232294617563739,90.36882896764253,4.652121212121212,6.775346687211094,6.112484441749459,2
191,1060,8,2,23.875,4.4188481675392675,4.0,8,1.0,0.020754716981132074,108,0.5654450261780105,0.17277486910994763,0.4869109947643979,0.5130890052356021,5,0.02617801047120419,57.85900582901557,11.182480569948186,13.587823834196891,12.161744961471694,2
199,1174,13,1,15.307692307692308,4.728643216080402,13.0,5,0.38461538461538464,0.02129471890971039,117,0.5879396984924623,0.19597989949748743,0.5628140703517588,0.4371859296482412,10,0.05025125628140704,56.705615384615385,9.172,10.753846153846155,11.20814326018867,2
277,1491,13,3,21.307692307692307,4.256317689530686,4.333333333333333,6,0.46153846153846156,0.019450033534540577,100,0.36101083032490977,0.16606498194945848,0.44404332129963897,0.555956678700361,3,0.010830324909747292,65.2773449131514,9.486093189964155,11.451998897160188,10.21488967967688,2
470,2883,21,6,22.38095238095238,4.73404255319149,3.5,21,1.0,0.02046479361775928,221,0.4702127659574468,0.23617021276595745,0.5106382978723404,0.48936170212765956,2,0.00425531914893617,47.971053382663854,12.44364799154334,15.717928118393235,14.696529576185021,2
251,1506,7,4,35.857142857142854,4.888446215139442,1.75,0,0.0,0.006640106241699867,147,0.5856573705179283,0.24701195219123506,0.5537848605577689,0.44621513944223107,14,0.055776892430278883,38.10893700787403,16.958278965129356,18.29381327334083,14.554592549557764,2
171,970,9,5,19.0,4.415204678362573,1.8,10,1.1111111111111112,0.03608247422680412,113,0.6608187134502924,0.2046783625730994,0.5380116959064327,0.4619883040935672,8,0.04678362573099415,65.40155172413796,10.312331691297207,12.471592775041053,10.608840637214634,2
214,1115,13,5,16.46153846153846,4.070093457943925,2.6,10,0.7692307692307693,0.025112107623318385,116,0.5420560747663551,0.1261682242990654,0.40654205607476634,0.5934579439252337,5,0.02336448598130841,74.31682661927331,7.261812796208531,10.25608214849921,10.125756701596842,2
200,1116,9,3,22.22222222222222,4.505,3.0,5,0.5555555555555556,0.014336917562724014,87,0.435,0.22,0.455,0.545,3,0.015,64.14744444444447,9.832666666666665,11.88888888888889,11.855464076750408,2
387,2000,36,9,10.75,3.9405684754521966,4.0,15,0.4166666666666667,0.039,202,0.5219638242894057,0.08785529715762273,0.49870801033591733,0.5012919896640827,39,0.10077519379844961,89.12390155440417,3.5681376757957075,6.069459659511473,7.110495986334442,2
292,1525,19,4,15.368421052631579,4.0993150684931505,4.75,11,0.5789473684210527,0.02622950819672131,129,0.4417808219178082,0.136986301369863,0.4589041095890411,0.541095890410959,2,0.00684931506849315,84.32714852198991,5.315328046142756,7.654217736121125,7.85451343220497,2
237,1319,13,4,18.23076923076923,4.362869198312236,3.25,19,1.4615384615384615,0.026535253980288095,133,0.5611814345991561,0.20253164556962025,0.5611814345991561,0.4388185654008439,3,0.012658227848101266,59.606923076923096,9.436170212765958,10.805237315875614,11.95083700844419,2
412,2490,23,3,17.91304347826087,4.888349514563107,7.666666666666667,8,0.34782608695652173,0.027309236947791166,220,0.5339805825242718,0.24029126213592233,0.5218446601941747,0.47815533980582525,13,0.03155339805825243,54.00054612937433,10.155832449628846,12.398727465535524,12.043149292134785,2
163,914,9,3,18.11111111111111,4.441717791411043,3.0,4,0.4444444444444444,0.019693654266958426,90,0.5521472392638037,0.22699386503067484,0.49079754601226994,0.50920245398773,4,0.024539877300613498,65.05042005420057,8.713008130081299,10.947425474254743,10.504223727775692,2
245,1306,12,3,20.416666666666668,4.183673469387755,4.0,20,1.6666666666666667,0.02909647779479326,129,0.5265306122448979,0.1346938775510204,0.46530612244897956,0.5346938775510204,3,0.012244897959183673,70.3917486338798,8.492459016393443,10.756284153005465,10.125756701596842,2
184,1224,7,11,26.285714285714285,5.385869565217392,0.6363636363636364,9,1.2857142857142858,0.016339869281045753,121,0.657608695652174,0.34782608695652173,0.6358695652173914,0.3641304347826087,6,0.03260869565217391,32.42500000000004,15.408753799392098,17.338601823708206,15.719379583869454,2
188,983,13,3,14.461538461538462,4.111702127659575,4.333333333333333,8,0.6153846153846154,0.026449643947100712,112,0.5957446808510638,0.13297872340425532,0.5,0.5,1,0.005319148936170213,71.89450843274373,6.805026737967914,9.6041135335253,10.21488967967688,2
357,2083,16,6,22.3125,4.663865546218488,2.6666666666666665,11,0.6875,0.022083533365338453,195,0.5462184873949579,0.20168067226890757,0.5966386554621849,0.40336134453781514,11,0.03081232492997199,53.526739495798324,11.706005602240896,14.337927170868348,13.023866798666859,2
330,1675,17,4,19.41176470588235,3.966666666666667,4.25,8,0.47058823529411764,0.020298507462686566,156,0.4727272727272727,0.09090909090909091,0.47878787878787876,0.5212121212121212,2,0.006060606060606061,78.1913861738049,7.190236360405191,8.875848587169006,8.671277953709914,2
310,1659,16,3,19.375,4.2064516129032254,5.333333333333333,17,1.0625,0.03074141048824593,156,0.5032258064516129,0.16129032258064516,0.45483870967741935,0.5451612903225806,5,0.016129032258064516,64.74655844155845,9.693896103896105,11.52727272727273,10.7630783206399,2
186,1006,9,3,20.666666666666668,4.327956989247312,3.0,4,0.4444444444444444,0.018886679920477135,99,0.532258064516129,0.12903225806451613,0.489247311827957,0.510752688172043,1,0.005376344086021506,71.69381720430111,8.393655913978495,10.41720430107527,10.25414643259724,2
222,1149,14,1,15.857142857142858,4.108108108108108,14.0,0,0.0,0.012184508268059183,117,0.527027027027027,0.13513513513513514,0.42792792792792794,0.5720720720720721,2,0.009009009009009009,79.46432432432434,6.115006435006439,7.784298584298584,7.957251820313856,2
227,1246,15,7,15.133333333333333,4.299559471365638,2.142857142857143,11,0.7333333333333333,0.023274478330658106,127,0.5594713656387665,0.16299559471365638,0.46255506607929514,0.5374449339207048,2,0.00881057268722467,70.28805309734516,7.465891276864731,9.996965865992415,10.451354775682146,2
226,1294,16,4,14.125,4.579646017699115,4.0,10,0.625,0.021638330757341576,117,0.5176991150442478,0.16371681415929204,0.5707964601769911,0.42920353982300885,6,0.02654867256637168,67.21178001101322,7.409204295154186,8.670594713656389,9.978442167317969,2
271,1460,9,2,30.11111111111111,4.3099630996309966,4.5,9,1.0,0.013013698630136987,131,0.4833948339483395,0.15498154981549817,0.5608856088560885,0.43911439114391143,5,0.01845018450184502,55.79106209150329,12.985637254901963,15.177124183006535,12.261556223090622,2
159,806,9,1,17.666666666666668,3.943396226415094,9.0,12,1.3333333333333333,0.02729528535980149,88,0.5534591194968553,0.1069182389937107,0.4779874213836478,0.5220125786163522,1,0.006289308176100629,79.25028832630099,6.5667932489451495,8.541209563994375,8.515128840125781,2
397,2125,27,5,14.703703703703704,4.2569269521410575,5.4,6,0.2222222222222222,0.016941176470588234,179,0.4508816120906801,0.163727959697733,0.4534005037783375,0.5465994962216625,19,0.04785894206549118,76.584696969697,6.220909090909089,9.301010101010101,9.906371001090498,2
536,2729,26,1,20.615384615384617,4.044776119402985,26.0,0,0.0,0.009527299377061194,111,0.20708955223880596,0.11194029850746269,0.39552238805970147,0.6044776119402985,6,0.011194029850746268,72.89993685419061,8.21268656716418,11.977497129735937,11.20814326018867,2
189,1043,14,4,13.5,4.417989417989418,3.5,3,0.21428571428571427,0.01725790987535954,111,0.5873015873015873,0.18518518518518517,0.5026455026455027,0.4973544973544973,4,0.021164021164021163,70.48488095238098,6.781878306878308,10.056084656084657,10.7630783206399,2
268,1342,9,3,29.77777777777778,3.951492537313433,3.0,1,0.1111111111111111,0.00894187779433681,127,0.47388059701492535,0.10820895522388059,0.44402985074626866,0.5559701492537313,4,0.014925373134328358,67.99591904171832,11.200495662949198,12.699049979347379,8.841846274778883,2
176,1085,13,3,13.538461538461538,4.909090909090909,4.333333333333333,12,0.9230769230769231,0.030414746543778803,109,0.6193181818181818,0.25,0.5795454545454546,0.42045454545454547,3,0.017045454545454544,57.46888500931101,8.94928770949721,12.000186219739293,12.161744961471694,2
200,1056,15,3,13.333333333333334,4.15,5.0,10,0.6666666666666666,0.02462121212121212,95,0.475,0.175,0.43,0.57,3,0.015,78.66866666666668,5.599,7.533333333333335,8.648137234880735,2
191,1011,4,3,47.75,4.198952879581152,1.3333333333333333,11,2.75,0.01483679525222552,113,0.5916230366492147,0.13089005235602094,0.450261780104712,0.5497382198952879,5,0.02617801047120419,44.43375000000002,18.986250000000002,21.700000000000003,15.579741850924794,2
211,1203,14,3,15.071428571428571,4.611374407582939,4.666666666666667,5,0.35714285714285715,0.015793848711554447,139,0.6587677725118484,0.1990521327014218,0.5308056872037915,0.46919431279620855,22,0.10426540284360189,63.76796116504855,8.020416088765604,10.351733703190014,10.914260884657427,2
242,1330,18,3,13.444444444444445,4.2272727272727275,6.0,6,0.3333333333333333,0.02330827067669173,130,0.5371900826446281,0.19008264462809918,0.48760330578512395,0.512396694214876,5,0.02066115702479339,72.34338169140804,6.577860998650472,8.889698605488078,9.586721724236664,2
175,1028,9,3,19.444444444444443,4.6971428571428575,3.0,5,0.5555555555555556,0.02237354085603113,95,0.5428571428571428,0.22857142857142856,0.5485714285714286,0.4514285714285714,4,0.022857142857142857,56.38858757062147,10.280000000000005,11.934463276836158,12.261556223090622,2
417,2180,23,4,18.130434782608695,4.136690647482014,5.75,7,0.30434782608695654,0.014220183486238533,163,0.3908872901678657,0.15587529976019185,0.4556354916067146,0.5443645083932853,7,0.016786570743405275,71.67804347826088,7.733381642512079,10.774879227053141,11.119845054232373,2
200,1043,25,3,8.0,4.06,8.333333333333334,2,0.08,0.03547459252157239,102,0.51,0.095,0.42,0.58,1,0.005,90.85000000000002,2.5749999999999993,4.800000000000001,7.087006719466743,2
245,1294,14,4,17.5,4.183673469387755,3.5,8,0.5714285714285714,0.019319938176197836,121,0.49387755102040815,0.1673469387755102,0.46122448979591835,0.5387755102040817,7,0.02857142857142857,69.94188775510207,7.851326530612244,11.408163265306124,11.491704259439757,2
182,992,13,3,14.0,4.28021978021978,4.333333333333333,6,0.46153846153846156,0.021169354838709676,93,0.510989010989011,0.16483516483516483,0.489010989010989,0.510989010989011,1,0.005494505494505495,74.76449832775921,6.347391304347827,8.705016722408027,9.265573868473778,2
398,2279,18,1,22.11111111111111,4.5954773869346734,18.0,13,0.7222222222222222,0.017112768758227294,202,0.507537688442211,0.1934673366834171,0.535175879396985,0.4648241206030151,8,0.020100502512562814,57.86825846627485,10.667082283795136,12.449426252448923,11.538034831475386,2
173,984,9,5,19.22222222222222,4.46242774566474,1.8,2,0.2222222222222222,0.014227642276422764,92,0.5317919075144508,0.16184971098265896,0.5491329479768786,0.4508670520231214,8,0.046242774566473986,65.24160130718957,8.851960784313725,12.496732026143793,11.855464076750408,2
179,1003,10,3,17.9,4.4636871508379885,3.3333333333333335,5,0.5,0.01694915254237288,99,0.553072625698324,0.1564245810055866,0.5251396648044693,0.4748603351955307,8,0.0446927374301676,60.06749450549455,9.402505494505494,11.016263736263737,11.20814326018867,2
333,1829,10,4,33.3,4.381381381381382,2.5,5,0.5,0.01038819026790596,158,0.4744744744744745,0.1891891891891892,0.48348348348348347,0.5165165165165165,12,0.036036036036036036,49.632733727810674,14.733420118343194,16.24189349112426,12.68835289967788,2
355,1879,17,3,20.88235294117647,4.191549295774648,5.666666666666667,14,0.8235294117647058,0.020223523150612027,170,0.4788732394366197,0.1352112676056338,0.4647887323943662,0.5352112676056338,1,0.0028169014084507044,68.59742273180461,8.864509803921571,10.476304420073115,9.478462496947788,2
223,1160,12,1,18.583333333333332,4.0807174887892375,12.0,2,0.16666666666666666,0.01896551724137931,128,0.5739910313901345,0.14349775784753363,0.4977578475336323,0.5022421524663677,5,0.02242152466367713,72.26439648729448,7.796513452914798,10.12391629297459,9.928628108626363,2
219,1121,8,1,27.375,4.082191780821918,8.0,1,0.125,0.009812667261373774,104,0.4748858447488584,0.1232876712328767,0.3881278538812785,0.6118721461187214,0,0.0,63.931566780821925,11.14287100456621,13.68972602739726,11.45678717892309,2
317,1591,5,4,63.4,3.968454258675079,1.25,0,0.0,0.0043997485857950975,122,0.38485804416403785,0.10410094637223975,0.42902208201892744,0.5709779179810726,14,0.04416403785488959,20.602856583072125,30.197766457680256,32.777742946708464,11.698219412168324,2
226,1181,9,4,25.11111111111111,4.15929203539823,2.25,0,0.0,0.009314140558848433,106,0.4690265486725664,0.13716814159292035,0.5486725663716814,0.45132743362831856,16,0.07079646017699115,66.81946647087616,10.205256975036711,11.14615761135585,8.515128840125781,2
306,1670,12,4,25.5,4.294117647058823,3.0,16,1.3333333333333333,0.020958083832335328,165,0.5392156862745098,0.1830065359477124,0.49673202614379086,0.5032679738562091,10,0.032679738562091505,58.00346320346321,11.545324675324679,13.773160173160173,12.457975602129121,2
170,911,7,3,24.285714285714285,4.270588235294118,2.3333333333333335,3,0.42857142857142855,0.019758507135016465,95,0.5588235294117647,0.18235294117647058,0.43529411764705883,0.5647058823529412,0,0.0,67.72617647058824,9.846134453781513,11.361344537815127,9.236282656511921,2
224,1405,10,12,22.4,5.040178571428571,0.8333333333333334,9,0.9,0.023487544483985764,151,0.6741071428571429,0.2767857142857143,0.5803571428571429,0.41964285714285715,3,0.013392857142857142,41.11750000000001,13.11388888888889,14.68888888888889,14.117786864225405,2
304,1787,14,5,21.714285714285715,4.733552631578948,2.8,11,0.7857142857142857,0.01846670397313934,133,0.4375,0.28618421052631576,0.47368421052631576,0.5263157894736842,9,0.029605263157894735,45.1504712175242,12.732913907284772,17.10687722873153,15.402047736947555,2
239,1229,18,5,13.277777777777779,3.937238493723849,3.6,2,0.1111111111111111,0.01871440195280716,107,0.4476987447698745,0.08786610878661087,0.4435146443514644,0.5564853556485355,13,0.05439330543933055,82.56391329614134,5.041889818688983,7.319479311947932,8.344100000000001,2
450,2768,20,5,22.5,4.96,4.0,13,0.65,0.02167630057803468,196,0.43555555555555553,0.2866666666666667,0.5133333333333333,0.4866666666666667,4,0.008888888888888889,44.68950000000001,12.615666666666666,16.46666666666667,15.381575749822971,2
176,963,10,6,17.6,4.221590909090909,1.6666666666666667,4,0.4,0.014537902388369679,85,0.48295454545454547,0.19318181818181818,0.4431818181818182,0.5568181818181818,3,0.017045454545454544,78.15631767955803,6.854635359116024,10.554917127071825,10.125756701596842,2
165,899,6,2,27.5,4.296969696969697,3.0,7,1.1666666666666667,0.02224694104560623,112,0.6787878787878788,0.09090909090909091,0.5818181818181818,0.41818181818181815,4,0.024242424242424242,58.32954498977509,11.872484662576685,13.566053169734154,11.538034831475386,2
227,1305,10,3,22.7,4.590308370044053,3.3333333333333335,9,0.9,0.022988505747126436,124,0.5462555066079295,0.21585903083700442,0.4977973568281938,0.5022026431718062,3,0.013215859030837005,56.050894736842125,11.10550877192983,13.155087719298246,12.161744961471694,2
239,1473,15,5,15.933333333333334,4.7907949790794975,3.0,3,0.2,0.018329938900203666,125,0.5230125523012552,0.27615062761506276,0.502092050209205,0.497907949790795,2,0.008368200836820083,50.62495592286504,10.206132231404961,13.064903581267217,13.023866798666859,2
239,1298,15,3,15.933333333333334,4.364016736401673,5.0,0,0.0,0.01848998459167951,123,0.5146443514644351,0.13389121338912133,0.49372384937238495,0.5062761506276151,11,0.04602510460251046,73.14300139470014,7.0156317991631845,9.553249651324967,10.047579312681364,2
167,927,10,1,16.7,4.467065868263473,10.0,0,0.0,0.011866235167206042,93,0.5568862275449101,0.18562874251497005,0.41317365269461076,0.5868263473053892,4,0.023952095808383235,66.91157142857146,8.10009523809524,10.291428571428572,10.577609850970193,2
197,1097,12,4,16.416666666666668,4.401015228426396,3.0,17,1.4166666666666667,0.03190519598906107,109,0.5532994923857868,0.16751269035532995,0.5177664974619289,0.48223350253807107,6,0.030456852791878174,67.89240259740261,8.216233766233767,9.984415584415585,10.63711953065702,2
184,1083,9,4,20.444444444444443,4.75,2.25,8,0.8888888888888888,0.02123730378578024,103,0.5597826086956522,0.22282608695652173,0.5434782608695652,0.45652173913043476,4,0.021739130434782608,58.38516516516519,10.22234234234234,11.465465465465467,10.74609503303851,2
197,1127,6,3,32.833333333333336,4.6395939086294415,2.0,3,0.5,0.013309671694764862,86,0.4365482233502538,0.2436548223350254,0.48223350253807107,0.5177664974619289,0,0.0,36.94673011844333,16.262715736040608,17.803384094754655,15.021129683784007,2
173,874,13,6,13.307692307692308,3.8439306358381504,2.1666666666666665,1,0.07692307692307693,0.020594965675057208,87,0.5028901734104047,0.06358381502890173,0.4393063583815029,0.5606936416184971,7,0.04046242774566474,86.77030503978781,4.481724137931035,8.80212201591512,9.265573868473778,2
171,995,12,4,14.25,4.456140350877193,3.0,5,0.4166666666666667,0.019095477386934675,111,0.6491228070175439,0.1871345029239766,0.5555555555555556,0.4444444444444444,6,0.03508771929824561,73.74829457364343,6.533720930232558,8.291472868217054,8.841846274778883,2
225,1228,7,3,32.142857142857146,4.395555555555555,2.3333333333333335,5,0.7142857142857143,0.016286644951140065,120,0.5333333333333333,0.13333333333333333,0.43555555555555553,0.5644444444444444,4,0.017777777777777778,54.60445945945948,13.52181467181467,15.568597168597169,12.785403640627713,2
201,1223,15,3,13.4,4.9502487562189055,5.0,4,0.26666666666666666,0.022076860179885527,119,0.5920398009950248,0.24875621890547264,0.5671641791044776,0.43283582089552236,2,0.009950248756218905,58.968328358208964,8.363363184079603,11.529154228855724,11.729898335038438,2
211,1079,12,2,17.583333333333332,4.037914691943128,6.0,3,0.25,0.023169601482854494,88,0.41706161137440756,0.13270142180094788,0.44075829383886256,0.5592417061611374,6,0.02843601895734597,79.12820102685625,6.590722748815168,9.308214849921011,8.841846274778883,2
236,1318,11,4,21.454545454545453,4.466101694915254,2.75,5,0.45454545454545453,0.012139605462822459,128,0.5423728813559322,0.15677966101694915,0.5169491525423728,0.4830508474576271,12,0.05084745762711865,62.885350978135804,9.840575373993094,10.643498273878022,9.573946990214175,2
281,1644,19,3,14.789473684210526,4.647686832740214,6.333333333333333,9,0.47368421052631576,0.01824817518248175,134,0.47686832740213525,0.18149466192170818,0.5800711743772242,0.4199288256227758,4,0.014234875444839857,64.76342105263159,7.93947368421053,9.218383988139363,10.064110947511566,2
206,1113,8,2,25.75,4.310679611650485,4.0,8,1.0,0.019766397124887692,112,0.5436893203883495,0.1650485436893204,0.49514563106796117,0.5048543689320388,4,0.019417475728155338,59.028970588235325,11.360882352941179,13.141176470588235,11.93303328291395,2
359,2032,21,14,17.095238095238095,4.481894150417827,1.5,13,0.6190476190476191,0.021161417322834646,172,0.479108635097493,0.1977715877437326,0.47075208913649025,0.5292479108635098,3,0.008356545961002786,64.89826007326008,8.513406593406597,10.23003663003663,9.957137785484202,2
240,1501,10,8,24.0,4.808333333333334,1.25,12,1.2,0.02664890073284477,135,0.5625,0.26666666666666666,0.5708333333333333,0.42916666666666664,6,0.025,46.54250000000002,12.605638297872343,15.697872340425533,14.836745963215662,2
231,1197,11,4,21.0,4.077922077922078,2.75,9,0.8181818181818182,0.02172096908939014,119,0.5151515151515151,0.12554112554112554,0.45021645021645024,0.5497835497835498,5,0.021645021645021644,75.64987012987015,7.924675324675324,10.477922077922079,9.80015041476705,2
249,1364,13,3,19.153846153846153,4.393574297188755,4.333333333333333,2,0.15384615384615385,0.013929618768328446,109,0.43775100401606426,0.20080321285140562,0.4979919678714859,0.5020080321285141,22,0.08835341365461848,68.5568825301205,8.851897590361446,11.030923694779117,10.504223727775692,2
245,1439,14,2,17.5,4.689795918367347,7.0,19,1.3571428571428572,0.03127171646977067,138,0.563265306122449,0.2530612244897959,0.46530612244897956,0.5346938775510204,1,0.004081632653061225,53.349475524475565,10.442727272727275,13.231277813095994,13.149919865122353,2
318,1658,17,8,18.705882352941178,4.078616352201258,2.125,8,0.47058823529411764,0.018697225572979495,151,0.4748427672955975,0.1320754716981132,0.46226415094339623,0.5377358490566038,11,0.03459119496855346,76.03336134453782,7.257422969187676,9.443510737628385,9.007467420416297,2
207,1105,14,3,14.785714285714286,4.207729468599034,4.666666666666667,3,0.21428571428571427,0.019909502262443438,102,0.4927536231884058,0.14492753623188406,0.5169082125603864,0.4830917874396135,2,0.00966183574879227,77.39271739130437,6.137781228433404,9.585783298826778,9.784248007369934,2
164,907,10,5,16.4,4.420731707317073,2.0,0,0.0,0.017640573318632856,97,0.5914634146341463,0.20121951219512196,0.5060975609756098,0.49390243902439024,7,0.042682926829268296,69.75866666666668,7.5539259259259275,10.67753086419753,10.793553405168563,2
279,1586,21,4,13.285714285714286,4.440860215053763,5.25,11,0.5238095238095238,0.03026481715006305,157,0.5627240143369175,0.16487455197132617,0.5519713261648745,0.44802867383512546,2,0.007168458781362007,70.2403225806452,6.762754736303126,10.045468509984639,10.504223727775692,2
375,1928,16,6,23.4375,4.058666666666666,2.6666666666666665,11,0.6875,0.01504149377593361,135,0.36,0.096,0.4746666666666667,0.5253333333333333,7,0.018666666666666668,76.11153750000001,8.465824999999999,11.615000000000002,10.270032843473604,2
186,1124,7,3,26.571428571428573,4.887096774193548,2.3333333333333335,3,0.42857142857142855,0.013345195729537367,112,0.6021505376344086,0.27419354838709675,0.532258064516129,0.46774193548387094,6,0.03225806451612903,45.68758064516132,13.487910906298001,16.004915514592934,14.554592549557764,2
184,957,8,2,23.0,4.086956521739131,4.0,4,0.5,0.01671891327063741,100,0.5434782608695652,0.08695652173913043,0.45108695652173914,0.5489130434782609,2,0.010869565217391304,71.78258445945949,8.991993243243247,10.763513513513514,9.827888789773866,2
178,1061,8,1,22.25,4.837078651685394,8.0,9,1.125,0.019792648444863337,110,0.6179775280898876,0.24719101123595505,0.5112359550561798,0.4887640449438202,8,0.0449438202247191,54.499564606741586,11.185252808988768,11.37191011235955,11.20814326018867,2
156,882,11,3,14.181818181818182,4.448717948717949,3.6666666666666665,20,1.8181818181818181,0.04081632653061224,93,0.5961538461538461,0.1858974358974359,0.5192307692307693,0.4807692307692308,4,0.02564102564102564,74.63853372434018,6.349325513196483,8.733137829912025,9.80015041476705,2
207,1186,19,6,10.894736842105264,4.502415458937198,3.1666666666666665,14,0.7368421052631579,0.031197301854974706,113,0.5458937198067633,0.1932367149758454,0.5990338164251208,0.40096618357487923,3,0.014492753623188406,71.5333638443936,5.988415967454873,8.029392321383169,9.414487439383343,2
246,1401,10,3,24.6,4.504065040650406,3.3333333333333335,9,0.9,0.021413276231263382,150,0.6097560975609756,0.21138211382113822,0.4959349593495935,0.5040650406504065,4,0.016260162601626018,56.40579554655871,11.52802024291498,13.442753036437248,12.161744961471694,2
324,1774,21,3,15.428571428571429,4.3734567901234565,7.0,2,0.09523809523809523,0.014656144306651634,171,0.5277777777777778,0.16049382716049382,0.5555555555555556,0.4444444444444444,35,0.10802469135802469,72.8408924148607,7.111595975232202,9.06061919504644,9.642632912329528,2
268,1293,18,18,14.88888888888889,3.667910447761194,1.0,4,0.2222222222222222,0.018561484918793503,107,0.39925373134328357,0.04477611940298507,0.3843283582089552,0.6156716417910447,3,0.011194029850746268,91.97053897180764,4.130099502487564,6.403316749585406,6.139981653823899,2
227,1158,8,1,28.375,4.039647577092511,8.0,5,0.625,0.012953367875647668,120,0.5286343612334802,0.11894273127753303,0.4669603524229075,0.5330396475770925,5,0.022026431718061675,65.85552037444936,11.122946035242293,13.993171806167403,12.815532586354998,2
221,3318,4,3,55.25,4.013574660633484,1.3333333333333333,2,0.5,0.0018083182640144665,120,0.5429864253393665,0.13122171945701358,0.4841628959276018,0.5158371040723982,9,0.04072398190045249,34.38339932126699,22.189174208144795,24.271945701357467,14.90622815163357,2
280,1531,17,4,16.470588235294116,4.246428571428571,4.25,10,0.5882352941176471,0.022860875244937948,160,0.5714285714285714,0.18214285714285713,0.45,0.55,4,0.014285714285714285,71.61576850094879,7.34750579801813,9.575458570524985,10.194018383442646,2
169,866,12,4,14.083333333333334,4.017751479289941,3.0,0,0.0,0.020785219399538105,106,0.6272189349112426,0.09467455621301775,0.4437869822485207,0.5562130177514792,4,0.023668639053254437,85.01335526315789,4.941769005847956,7.571345029239765,8.07648339933343,2
257,1422,9,4,28.555555555555557,4.443579766536965,2.25,7,0.7777777777777778,0.011954992967651195,159,0.6186770428015564,0.16342412451361868,0.5214007782101168,0.4785992217898833,4,0.01556420233463035,56.7406589147287,12.466744186046515,14.257364341085273,11.855464076750408,2
225,1258,11,3,20.454545454545453,4.453333333333333,3.6666666666666665,11,1.0,0.02066772655007949,122,0.5422222222222223,0.18222222222222223,0.49333333333333335,0.5066666666666667,4,0.017777777777777778,65.75363636363639,9.16949494949495,11.026262626262627,10.436869588844216,2
189,1124,14,2,13.5,4.777777777777778,7.0,9,0.6428571428571429,0.020462633451957295,110,0.582010582010582,0.2328042328042328,0.5291005291005291,0.4708994708994709,6,0.031746031746031744,50.789642857142894,9.528968253968255,11.114285714285714,11.35114627814755,2
196,1054,11,3,17.818181818181817,4.260204081632653,3.6666666666666665,9,0.8181818181818182,0.024667931688804556,117,0.5969387755102041,0.16326530612244897,0.46938775510204084,0.5306122448979592,3,0.015306122448979591,67.79874125874127,8.206713286713288,10.98834498834499,11.022393298168332,2
355,2151,29,14,12.241379310344827,4.853521126760564,2.0714285714285716,10,0.3448275862068966,0.023709902370990237,189,0.532394366197183,0.2591549295774648,0.5605633802816902,0.4394366197183099,8,0.022535211267605635,60.7882402234637,7.84738778655365,9.072009246773261,10.004066432519934,2
332,1814,17,5,19.529411764705884,4.358433734939759,3.4,0,0.0,0.016538037486218304,166,0.5,0.1686746987951807,0.46686746987951805,0.5331325301204819,18,0.05421686746987952,67.50240609496814,8.69574769666903,11.185258681785967,11.442366930564873,2
241,1235,14,3,17.214285714285715,4.045643153526971,4.666666666666667,0,0.0,0.011336032388663968,113,0.46887966804979253,0.12033195020746888,0.43983402489626555,0.5601659751037344,9,0.03734439834024896,77.03054979253115,6.791621221102549,9.375340841730884,9.784248007369934,2
161,855,12,3,13.416666666666666,4.198757763975156,4.0,4,0.3333333333333333,0.021052631578947368,89,0.5527950310559007,0.13043478260869565,0.422360248447205,0.577639751552795,5,0.031055900621118012,77.61459886128367,5.766723602484472,8.844927536231884,9.516144504307135,2
194,1199,8,3,24.25,5.072164948453608,2.6666666666666665,8,1.0,0.01751459549624687,134,0.6907216494845361,0.30927835051546393,0.5721649484536082,0.42783505154639173,3,0.015463917525773196,36.43433573298432,14.108684554973824,15.623298429319371,14.554592549557764,2
291,1539,16,1,18.1875,4.237113402061856,16.0,0,0.0,0.011046133853151396,146,0.5017182130584192,0.140893470790378,0.4948453608247423,0.5051546391752577,18,0.061855670103092786,78.95325000000001,7.016749999999998,9.068888888888889,7.793537801064561,2
210,1109,10,3,21.0,4.152380952380953,3.3333333333333335,7,0.7,0.018935978358881875,113,0.5380952380952381,0.14285714285714285,0.5238095238095238,0.47619047619047616,5,0.023809523809523808,76.7616279620853,7.794450236966828,10.525308056872039,9.888512548439397,2
158,806,11,3,14.363636363636363,4.006329113924051,3.6666666666666665,3,0.2727272727272727,0.017369727047146403,88,0.5569620253164557,0.11392405063291139,0.4810126582278481,0.5189873417721519,4,0.02531645569620253,81.95464326812427,5.396628308400462,8.2771001150748,9.095868883498916,2
238,1371,20,15,11.9,4.57563025210084,1.3333333333333333,6,0.3,0.024799416484318017,112,0.47058823529411764,0.24789915966386555,0.5042016806722689,0.4957983193277311,7,0.029411764705882353,71.05565966386558,6.304781512605043,9.297815126050422,10.577609850970193,2
226,1184,12,4,18.833333333333332,4.053097345132743,3.0,12,1.0,0.02787162162162162,132,0.584070796460177,0.084070796460177,0.5176991150442478,0.4823008849557522,2,0.008849557522123894,71.84680016019225,8.364789747697241,10.54529435322387,10.23097548852734,2
211,1026,15,1,14.066666666666666,3.7819905213270144,15.0,1,0.06666666666666667,0.01949317738791423,83,0.3933649289099526,0.0947867298578199,0.3981042654028436,0.6018957345971564,1,0.004739336492890996,81.49477409162719,5.386995260663507,8.659842022116903,9.029198982220553,2
302,1588,20,5,15.1,4.1092715231788075,4.0,14,0.7,0.027707808564231738,137,0.45364238410596025,0.15562913907284767,0.47019867549668876,0.5298013245033113,7,0.023178807947019868,74.41313576158942,6.631450331125826,8.953907284768212,9.642632912329528,2
242,1234,14,4,17.285714285714285,4.033057851239669,3.5,0,0.0,0.013776337115072933,110,0.45454545454545453,0.14049586776859505,0.4090909090909091,0.5909090909090909,0,0.0,76.37347107438019,6.901015348288077,9.889492325855961,10.451354775682146,2
245,1283,16,5,15.3125,4.146938775510204,3.2,3,0.1875,0.0171473109898675,118,0.4816326530612245,0.17959183673469387,0.47346938775510206,0.5265306122448979,6,0.024489795918367346,68.27018442622955,7.525532786885247,10.854098360655739,11.45678717892309,2
314,1767,22,3,14.272727272727273,4.471337579617835,7.333333333333333,4,0.18181818181818182,0.021505376344086023,160,0.5095541401273885,0.21019108280254778,0.49363057324840764,0.5063694267515924,11,0.03503184713375796,67.45260084925691,7.565632393084623,10.566939642098879,10.813802987103665,2
194,1004,11,1,17.636363636363637,4.097938144329897,11.0,1,0.09090909090909091,0.014940239043824702,110,0.5670103092783505,0.12371134020618557,0.4639175257731959,0.5360824742268041,4,0.020618556701030927,77.73305998125586,6.798491096532334,8.704029990627928,8.296473431620573,2
216,1146,7,4,30.857142857142858,4.162037037037037,1.75,15,2.142857142857143,0.02443280977312391,121,0.5601851851851852,0.14351851851851852,0.4675925925925926,0.5324074074074074,1,0.004629629629629629,59.97333333333336,12.560026455026456,14.75026455026455,11.765960540728905,2
230,1304,6,2,38.333333333333336,4.573913043478261,3.0,1,0.16666666666666666,0.013803680981595092,111,0.4826086956521739,0.21304347826086956,0.49130434782608695,0.508695652173913,6,0.02608695652173913,38.396578947368425,17.344035087719302,19.76140350877193,16.32212239822248,2
265,1393,10,4,26.5,4.162264150943396,2.5,9,0.9,0.01722900215362527,117,0.44150943396226416,0.14339622641509434,0.4716981132075472,0.5283018867924528,5,0.018867924528301886,66.59809090909094,10.52872727272727,12.681212121212122,10.355215969177355,2
206,1135,12,1,17.166666666666668,4.218446601941747,12.0,7,0.5833333333333334,0.02026431718061674,123,0.5970873786407767,0.16990291262135923,0.48058252427184467,0.5194174757281553,0,0.0,72.74393653516296,7.900891938250432,10.727958833619212,10.23097548852734,2
385,2217,13,4,29.615384615384617,4.607792207792208,3.25,9,0.6923076923076923,0.015336039693279206,158,0.4103896103896104,0.22597402597402597,0.5012987012987012,0.4987012987012987,4,0.01038961038961039,42.83318425760288,14.68046511627907,17.07565096402306,14.985893962826673,2
529,2672,27,5,19.59259259259259,3.958412098298677,5.4,9,0.3333333333333333,0.014221556886227544,233,0.44045368620037806,0.11342155009451796,0.4706994328922495,0.5293005671077504,23,0.043478260869565216,79.96375611460519,6.982536687631029,9.512229210342417,8.841846274778883,2
313,1673,21,2,14.904761904761905,4.252396166134186,10.5,3,0.14285714285714285,0.020322773460848775,151,0.48242811501597443,0.14696485623003194,0.476038338658147,0.5239616613418531,10,0.03194888178913738,72.45553391053393,7.4041125541125545,10.480808080808082,10.74609503303851,2
169,950,12,3,14.083333333333334,4.5266272189349115,4.0,2,0.16666666666666666,0.022105263157894735,90,0.5325443786982249,0.20710059171597633,0.4437869822485207,0.5562130177514792,1,0.005917159763313609,75.40195512820516,6.240961538461541,7.52682445759369,8.344100000000001,2
262,1365,9,4,29.11111111111111,3.954198473282443,2.25,0,0.0,0.005860805860805861,123,0.46946564885496184,0.1297709923664122,0.4770992366412214,0.5229007633587787,11,0.04198473282442748,67.11054720133667,11.241177944862159,14.077861319966585,11.20814326018867,2
186,1120,15,5,12.4,4.811827956989247,3.0,7,0.4666666666666667,0.025,117,0.6290322580645161,0.27419354838709675,0.5860215053763441,0.41397849462365593,12,0.06451612903225806,59.36422103386809,8.076278074866313,10.334260249554369,11.072351349416056,2
178,906,11,1,16.181818181818183,4.022471910112359,11.0,2,0.18181818181818182,0.016556291390728478,101,0.5674157303370787,0.1348314606741573,0.47191011235955055,0.5280898876404494,0,0.0,80.1452860061287,6.100684371807969,8.495199182839633,9.339509955726097,2
188,1062,4,6,47.0,4.4787234042553195,0.6666666666666666,5,1.25,0.013182674199623353,103,0.5478723404255319,0.2074468085106383,0.5212765957446809,0.4787234042553192,7,0.03723404255319149,29.941447368421052,20.88342105263158,21.94736842105263,14.554592549557764,2
210,1201,13,5,16.153846153846153,4.5285714285714285,2.6,3,0.23076923076923078,0.018318068276436304,110,0.5238095238095238,0.2,0.48095238095238096,0.5190476190476191,3,0.014285714285714285,60.32574214517879,8.91549295774648,11.999855543517516,12.502718667466524,2
186,1153,12,3,15.5,5.064516129032258,4.0,8,0.6666666666666666,0.02515177797051171,117,0.6290322580645161,0.26344086021505375,0.5913978494623656,0.40860215053763443,3,0.016129032258064516,44.808709016393465,10.797937158469946,13.531693989071039,12.885471636013051,2
299,1877,15,17,19.933333333333334,5.05685618729097,0.8823529411764706,9,0.6,0.02290889717634523,132,0.4414715719063545,0.3010033444816054,0.5551839464882943,0.44481605351170567,9,0.030100334448160536,46.77896124031008,11.719720930232562,13.342281284606868,13.133204557630332,2
160,838,10,3,16.0,4.0125,3.3333333333333335,2,0.2,0.014319809069212411,79,0.49375,0.18125,0.425,0.575,8,0.05,71.62625000000001,7.243750000000002,10.15,10.355215969177355,2
181,1067,11,2,16.454545454545453,4.773480662983426,5.5,3,0.2727272727272727,0.016869728209934397,119,0.6574585635359116,0.2265193370165746,0.5524861878453039,0.44751381215469616,0,0.0,54.77433066933068,9.729760239760243,11.453346653346655,11.741389052700956,2
264,1455,12,13,22.0,4.367424242424242,0.9230769230769231,13,1.0833333333333333,0.019243986254295534,135,0.5113636363636364,0.1856060606060606,0.5227272727272727,0.4772727272727273,5,0.01893939393939394,65.24889892268696,9.603127376425856,12.721039290240812,12.311054993355175,2
162,829,11,2,14.727272727272727,4.012345679012346,5.5,5,0.45454545454545453,0.024125452352231604,89,0.5493827160493827,0.13580246913580246,0.4691358024691358,0.5308641975308642,2,0.012345679012345678,84.30904040404042,5.158574635241305,7.372390572390572,7.686295010490155,2
273,1584,17,4,16.058823529411764,4.714285714285714,4.25,3,0.17647058823529413,0.01452020202020202,139,0.5091575091575091,0.23076923076923078,0.5311355311355311,0.46886446886446886,2,0.007326007326007326,54.54548079010203,9.611560668547863,10.952116344692861,10.843485225782072,2
230,1152,12,12,19.166666666666668,3.8869565217391306,1.0,3,0.25,0.016493055555555556,106,0.4608695652173913,0.11304347826086956,0.4217391304347826,0.5782608695652174,3,0.013043478260869565,82.91607168850072,6.435032751091704,9.554730713245997,8.841846274778883,2
180,1006,12,5,15.0,4.405555555555556,2.4,3,0.25,0.019880715705765408,112,0.6222222222222222,0.19444444444444445,0.5055555555555555,0.49444444444444446,4,0.022222222222222223,71.29000000000002,7.042222222222225,9.555555555555555,10.125756701596842,2
365,2159,9,4,40.55555555555556,4.76986301369863,2.25,12,1.3333333333333333,0.024548402037980546,190,0.5205479452054794,0.2273972602739726,0.5315068493150685,0.4684931506849315,19,0.052054794520547946,32.56579803560467,18.70937384898711,20.50877839165132,16.04434344847333,2
302,1629,12,3,25.166666666666668,4.327814569536423,4.0,7,0.5833333333333334,0.011663597298956415,143,0.4735099337748344,0.1490066225165563,0.4735099337748344,0.5264900662251656,1,0.0033112582781456954,61.67427704194263,10.909105960264903,13.245474613686534,11.20814326018867,2
169,1043,9,1,18.77777777777778,4.988165680473373,9.0,6,0.6666666666666666,0.029721955896452542,99,0.5857988165680473,0.28994082840236685,0.6094674556213018,0.3905325443786982,1,0.005917159763313609,46.534285714285744,11.985714285714284,15.06666666666667,14.191785591663535,2
158,898,6,3,26.333333333333332,4.613924050632911,2.0,4,0.6666666666666666,0.011135857461024499,80,0.5063291139240507,0.2468354430379747,0.5126582278481012,0.4873417721518987,4,0.02531645569620253,49.458565400843895,12.902784810126583,14.583966244725739,13.023866798666859,2
183,1041,9,5,20.333333333333332,4.540983606557377,1.8,14,1.5555555555555556,0.024975984630163303,112,0.6120218579234973,0.20218579234972678,0.5136612021857924,0.48633879781420764,2,0.01092896174863388,60.339114774114805,9.866996336996337,12.924053724053724,12.261556223090622,2
195,1120,8,3,24.375,4.333333333333333,2.6666666666666665,4,0.5,0.010714285714285714,109,0.558974358974359,0.13333333333333333,0.5333333333333333,0.4666666666666667,9,0.046153846153846156,65.46194479695434,10.246237309644673,11.677411167512691,9.516144504307135,2
301,1726,19,4,15.842105263157896,4.445182724252492,4.75,10,0.5263157894736842,0.022595596755504054,187,0.6212624584717608,0.17940199335548174,0.5149501661129569,0.4850498338870432,2,0.006644518272425249,67.2385200625326,7.842675004342539,9.94330380406462,10.426177893888326,2
191,1122,11,3,17.363636363636363,4.7591623036649215,3.6666666666666665,3,0.2727272727272727,0.0196078431372549,103,0.5392670157068062,0.23036649214659685,0.5340314136125655,0.46596858638743455,7,0.03664921465968586,58.537727272727295,9.340348162475824,10.027852998065764,10.23097548852734,2
225,1272,11,5,20.454545454545453,4.364444444444445,2.2,7,0.6363636363636364,0.01729559748427673,105,0.4666666666666667,0.16444444444444445,0.4311111111111111,0.5688888888888889,2,0.008888888888888889,73.9953733766234,7.997353896103899,9.752597402597402,9.80015041476705,2
159,924,12,3,13.25,4.628930817610063,4.0,3,0.25,0.022727272727272728,108,0.6792452830188679,0.22012578616352202,0.5534591194968553,0.44654088050314467,2,0.012578616352201259,67.53449378881989,7.839310559006215,9.918260869565218,10.793553405168563,2
340,1787,16,4,21.25,4.16764705882353,4.0,7,0.4375,0.01846670397313934,162,0.4764705882352941,0.14705882352941177,0.49117647058823527,0.5088235294117647,3,0.008823529411764706,70.59688495575223,9.026949852507375,11.753864306784662,10.355215969177355,2
223,1327,12,5,18.583333333333332,4.820627802690583,2.4,8,0.6666666666666666,0.02260738507912585,124,0.5560538116591929,0.26905829596412556,0.5605381165919282,0.43946188340807174,10,0.04484304932735426,57.227025993883814,9.790412844036698,10.385932721712539,10.125756701596842,2
362,2152,20,5,18.1,4.734806629834254,4.0,19,0.95,0.026022304832713755,157,0.43370165745856354,0.2541436464088398,0.4889502762430939,0.511049723756906,4,0.011049723756906077,59.87965217391309,9.478391304347824,11.490434782608695,11.20814326018867,2
166,948,15,3,11.066666666666666,4.596385542168675,5.0,3,0.2,0.02109704641350211,96,0.5783132530120482,0.19879518072289157,0.4879518072289157,0.5120481927710844,2,0.012048192771084338,63.386363636363654,7.150909090909092,10.460606060606061,10.793553405168563,2
186,1026,9,4,20.666666666666668,4.424731182795699,2.25,4,0.4444444444444444,0.016569200779727095,87,0.46774193548387094,0.20430107526881722,0.46774193548387094,0.532258064516129,2,0.010752688172043012,65.78091397849464,9.218387096774197,12.567741935483873,12.457975602129121,2
242,1421,16,4,15.125,4.458677685950414,4.0,14,0.875,0.029556650246305417,132,0.5454545454545454,0.17768595041322313,0.5330578512396694,0.4669421487603306,6,0.024793388429752067,62.709258106355406,8.76904280155642,10.588741893644618,10.65027996061788,2
238,1356,12,5,19.833333333333332,4.554621848739496,2.4,1,0.08333333333333333,0.019174041297935103,108,0.453781512605042,0.23949579831932774,0.47058823529411764,0.5294117647058824,3,0.012605042016806723,60.42419303797472,9.737816455696205,13.30084388185654,13.023866798666859,2
212,1115,10,2,21.2,4.202830188679245,5.0,0,0.0,0.013452914798206279,112,0.5283018867924528,0.14622641509433962,0.4716981132075472,0.5283018867924528,1,0.0047169811320754715,71.18681132075473,8.596867924528304,11.687547169811321,11.003577315987393,2
213,1188,9,3,23.666666666666668,4.488262910798122,3.0,7,0.7777777777777778,0.020202020202020204,106,0.49765258215962443,0.17370892018779344,0.4507042253521127,0.5492957746478874,0,0.0,58.09784037558687,11.03530516431925,12.846948356807514,11.645159339076184,2
384,2096,25,1,15.36,4.3671875,25.0,5,0.2,0.02051526717557252,170,0.4427083333333333,0.18489583333333334,0.4557291666666667,0.5442708333333334,5,0.013020833333333334,74.34750236220474,6.675384776902888,9.140619422572179,10.172246626331159,2
189,1043,13,3,14.538461538461538,4.137566137566138,4.333333333333333,3,0.23076923076923078,0.023969319271332695,110,0.582010582010582,0.12698412698412698,0.48677248677248675,0.5132275132275133,8,0.042328042328042326,72.83294348508635,6.846122448979592,9.09199372056515,9.265573868473778,2
295,1629,20,5,14.75,4.430508474576271,4.0,4,0.2,0.015346838551258441,133,0.45084745762711864,0.17966101694915254,0.49830508474576274,0.5016949152542373,8,0.02711864406779661,73.13697033898306,6.722500000000004,9.561016949152544,10.241411754978124,3
315,1746,12,4,26.25,4.349206349206349,3.0,9,0.75,0.013172966781214204,152,0.48253968253968255,0.16507936507936508,0.45396825396825397,0.546031746031746,6,0.01904761904761905,60.408392857142886,11.35480158730159,13.674603174603176,11.855464076750408,3
308,1651,22,5,14.0,4.224025974025974,4.4,11,0.5,0.02301635372501514,138,0.44805194805194803,0.1590909090909091,0.461038961038961,0.538961038961039,7,0.022727272727272728,75.82944255256147,6.149341131181522,8.578560852827954,9.573946990214175,3
379,2213,25,5,15.16,4.704485488126649,5.0,7,0.28,0.01807501129688206,198,0.5224274406332454,0.22691292875989447,0.5382585751978892,0.46174142480211083,4,0.010554089709762533,61.8354210526316,8.41063157894737,9.553684210526317,10.444984826868176,3
322,1930,14,3,23.0,4.866459627329193,4.666666666666667,3,0.21428571428571427,0.017616580310880828,183,0.5683229813664596,0.2577639751552795,0.5745341614906833,0.4254658385093168,17,0.052795031055900624,47.48187500000003,12.314910714285716,14.892857142857146,13.484332010920856,3
218,9980,13,4,16.76923076923077,4.6192660550458715,3.25,17,1.3076923076923077,0.003907815631262525,115,0.5275229357798165,0.21559633027522937,0.48623853211009177,0.5137614678899083,1,0.0045871559633027525,60.93505494505496,9.040714285714284,10.820879120879122,11.20814326018867,3
353,1911,16,3,22.0625,4.215297450424929,5.333333333333333,21,1.3125,0.03349031920460492,155,0.43909348441926344,0.14447592067988668,0.48441926345609065,0.5155807365439093,3,0.0084985835694051,64.98949317226891,9.737645308123252,12.174299719887955,11.45678717892309,3
413,2271,18,3,22.944444444444443,4.397094430992736,6.0,9,0.5,0.017173051519154558,191,0.46246973365617433,0.1549636803874092,0.5157384987893463,0.48426150121065376,4,0.009685230024213076,62.51608695652176,10.253429951690823,11.905314009661836,11.095144083064902,3
276,1561,17,2,16.235294117647058,4.492753623188406,8.5,17,1.0,0.029468289557975657,162,0.5869565217391305,0.16304347826086957,0.5362318840579711,0.463768115942029,8,0.028985507246376812,68.62382333032491,7.988589801444046,9.957490974729243,10.270032843473604,3
304,1638,15,5,20.266666666666666,4.286184210526316,3.0,12,0.8,0.016483516483516484,151,0.4967105263157895,0.16447368421052633,0.5,0.5,1,0.003289473684210526,67.99130701754389,8.810710526315791,11.132982456140352,10.65027996061788,3
364,1847,21,5,17.333333333333332,3.9862637362637363,4.2,8,0.38095238095238093,0.016242555495397944,176,0.4835164835164835,0.10989010989010989,0.4423076923076923,0.5576923076923077,4,0.01098901098901099,75.32471074380169,7.04729634002361,8.67737111373475,9.725611199111238,3
418,2177,11,5,38.0,4.136363636363637,2.2,1,0.09090909090909091,0.007349563619660083,176,0.42105263157894735,0.1339712918660287,0.45933014354066987,0.5406698564593302,23,0.05502392344497608,52.07487524408768,15.458771967888918,17.336602299848124,11.741389052700956,3
293,1781,10,3,29.3,4.856655290102389,3.3333333333333335,11,1.1,0.023582257158899493,193,0.658703071672355,0.24573378839590443,0.5665529010238908,0.4334470989761092,10,0.034129692832764506,41.00925000000004,14.694083333333335,16.936666666666667,15.112257680678326,3
309,1737,16,3,19.3125,4.527508090614886,5.333333333333333,11,0.6875,0.017846862406447898,149,0.48220064724919093,0.19093851132686085,0.46601941747572817,0.5339805825242718,7,0.022653721682847898,64.85028822815536,9.011777912621358,10.961245954692558,11.080906280650957,3
554,3170,26,5,21.307692307692307,4.617328519855596,5.2,16,0.6153846153846154,0.017665615141955835,234,0.4223826714801444,0.2148014440433213,0.5216606498194946,0.47833935018050544,7,0.01263537906137184,55.34386822194202,10.785619307832423,13.473476250525431,13.087092788941725,3
517,2794,30,4,17.233333333333334,4.307543520309478,7.5,12,0.4,0.015748031496062992,223,0.43133462282398455,0.16634429400386846,0.5125725338491296,0.4874274661508704,6,0.01160541586073501,66.32902445302446,8.297281853281856,10.072689832689832,10.577609850970193,3
385,2073,23,5,16.73913043478261,4.298701298701299,4.6,6,0.2608695652173913,0.017366136034732273,155,0.4025974025974026,0.16883116883116883,0.44935064935064933,0.5506493506493506,7,0.01818181818181818,69.48894886363638,7.9032102272727265,10.835984848484848,11.389717465364857,3
492,2595,23,7,21.391304347826086,4.144308943089431,3.2857142857142856,15,0.6521739130434783,0.02157996146435453,198,0.4024390243902439,0.14634146341463414,0.43902439024390244,0.5609756097560976,22,0.044715447154471545,66.93987730061352,9.707379491673972,12.422670172363425,11.013438906972478,3
475,2616,27,5,17.59259259259259,4.378947368421053,5.4,23,0.8518518518518519,0.029434250764525993,215,0.45263157894736844,0.19157894736842104,0.4610526315789474,0.5389473684210526,11,0.023157894736842106,64.17236824930659,8.485839451786589,11.395529450155001,11.356394951697197,3
247,1302,18,5,13.722222222222221,4.153846153846154,3.6,8,0.4444444444444444,0.019969278033794162,133,0.5384615384615384,0.1214574898785425,0.43724696356275305,0.562753036437247,5,0.020242914979757085,77.13852339181288,5.9090350877193,8.565811965811966,9.150863307647796,3
463,2479,26,5,17.807692307692307,4.174946004319654,5.2,17,0.6538461538461539,0.02581686163775716,199,0.4298056155507559,0.14254859611231102,0.45788336933045354,0.5421166306695464,21,0.04535637149028078,72.0362551724138,7.822537931034482,10.613655172413793,10.264317810270406,3
694,4331,42,5,16.523809523809526,4.913544668587896,8.4,49,1.1666666666666667,0.0355576079427384,321,0.46253602305475505,0.24639769452449567,0.5850144092219021,0.414985590778098,5,0.007204610951008645,53.87507302823761,10.273867791842477,13.030704316780266,12.723304580811352,3
179,958,7,3,25.571428571428573,4.240223463687151,2.3333333333333335,7,1.0,0.014613778705636743,64,0.3575418994413408,0.17318435754189945,0.4245810055865922,0.5754189944134078,1,0.00558659217877095,62.723575418994415,10.863304070231447,16.038627294493217,14.138980108339055,3
397,2375,19,4,20.894736842105264,4.869017632241814,4.75,13,0.6842105263157895,0.015157894736842105,204,0.5138539042821159,0.26700251889168763,0.5214105793450882,0.47858942065491183,10,0.02518891687657431,47.78007894736842,11.825026315789476,13.921052631578949,13.023866798666859,3
450,2337,28,6,16.071428571428573,4.06,4.666666666666667,19,0.6785714285714286,0.021822849807445442,172,0.38222222222222224,0.10666666666666667,0.4711111111111111,0.5288888888888889,7,0.015555555555555555,81.87560698447895,5.840787931580618,7.684542286981312,8.306716005460428,3
416,2407,22,23,18.90909090909091,4.627403846153846,0.9565217391304348,18,0.8181818181818182,0.019941836310760283,206,0.4951923076923077,0.1971153846153846,0.5096153846153846,0.49038461538461536,28,0.0673076923076923,61.392788355712085,9.359935064935069,11.964296720228925,11.654831186984918,3
390,2109,25,5,15.6,4.282051282051282,5.0,9,0.36,0.020862968231389285,177,0.45384615384615384,0.14615384615384616,0.4641025641025641,0.5358974358974359,13,0.03333333333333333,70.38278846153847,7.479294871794874,11.115384615384617,10.9516,3
277,1395,15,4,18.466666666666665,3.9819494584837547,3.75,2,0.13333333333333333,0.012186379928315413,130,0.4693140794223827,0.1407942238267148,0.4693140794223827,0.5306859205776173,4,0.01444043321299639,75.96800000000002,7.085333333333335,8.917752808988764,8.841846274778883,3
299,1749,17,4,17.58823529411765,4.739130434782608,4.25,11,0.6470588235294118,0.018867924528301886,138,0.46153846153846156,0.2909698996655518,0.5551839464882943,0.44481605351170567,1,0.0033444816053511705,54.318023620401334,10.325549749163883,12.95994983277592,12.709666756460706,3
373,2020,19,19,19.63157894736842,4.294906166219839,1.0,9,0.47368421052631576,0.014356435643564357,153,0.4101876675603217,0.18230563002680966,0.5093833780160858,0.4906166219839142,2,0.005361930294906166,66.69983208691971,8.833071821645266,11.39150557358544,11.418023490513043,3
331,1784,14,4,23.642857142857142,4.305135951661631,3.5,6,0.42857142857142855,0.014013452914798207,137,0.41389728096676737,0.15709969788519637,0.486404833836858,0.513595166163142,3,0.00906344410876133,61.09143356643358,11.044545454545453,13.305361305361306,11.807384569943707,3
529,2737,39,5,13.564102564102564,4.024574669187145,7.8,28,0.717948717948718,0.0288637194008038,167,0.31568998109640833,0.1323251417769376,0.4952741020793951,0.504725897920605,1,0.001890359168241966,74.6473809176276,6.204478178368124,8.213477351238263,9.661875296680812,3
384,2212,15,4,25.6,4.645833333333333,3.75,4,0.26666666666666666,0.017179023508137433,162,0.421875,0.21614583333333334,0.5234375,0.4765625,7,0.018229166666666668,47.62073593073592,12.993506493506498,14.734199134199134,13.454273218885966,3
433,2221,17,5,25.470588235294116,4.076212471131639,3.4,3,0.17647058823529413,0.00945520036019811,176,0.4064665127020785,0.08083140877598152,0.5381062355658198,0.4618937644341801,20,0.046189376443418015,72.15510120907489,9.52274419236517,11.296780328759679,8.313332769828598,3
379,1991,24,4,15.791666666666666,4.174142480211081,6.0,4,0.16666666666666666,0.0155700652938222,179,0.47229551451187335,0.16094986807387862,0.5013192612137203,0.49868073878627966,7,0.018469656992084433,72.72360872911172,7.038934696569925,9.271811785400176,10.222266870305534,3
320,1639,29,3,11.03448275862069,3.96875,9.666666666666666,6,0.20689655172413793,0.023184868822452714,164,0.5125,0.128125,0.471875,0.528125,2,0.00625,82.53644859813087,4.496990009668064,6.047523901600602,7.75315229805767,3
571,3003,27,6,21.14814814814815,4.0140105078809105,4.5,42,1.5555555555555556,0.03163503163503163,194,0.3397548161120841,0.09632224168126094,0.43257443082311736,0.5674255691768827,9,0.01576182136602452,75.79013172966782,8.043127147766324,10.615349369988547,9.444778638647367,3
406,2089,30,6,13.533333333333333,3.9113300492610836,5.0,2,0.06666666666666667,0.018190521780756343,142,0.3497536945812808,0.06896551724137931,0.4433497536945813,0.5566502463054187,12,0.029556650246305417,92.30606379585328,3.845913875598086,6.43457735247209,7.168621630094336,3
387,2210,25,5,15.48,4.511627906976744,5.0,21,0.84,0.02398190045248869,213,0.5503875968992248,0.19121447028423771,0.5322997416020672,0.46770025839793283,8,0.020671834625323,65.03405728900258,8.073794373401537,9.836562659846548,10.53366545652748,3
404,2106,21,5,19.238095238095237,4.094059405940594,4.2,16,0.7619047619047619,0.023741690408357077,194,0.4801980198019802,0.14108910891089108,0.44554455445544555,0.5544554455445545,7,0.017326732673267328,73.36708850289499,7.793541297412265,9.462790972468392,9.362217197678863,3
406,2170,23,5,17.652173913043477,4.120689655172414,4.6,24,1.0434782608695652,0.035944700460829496,184,0.45320197044334976,0.11330049261083744,0.5172413793103449,0.4827586206896552,7,0.017241379310344827,75.87567627494458,7.305986696230601,9.796008869179602,9.457814108942454,3
495,2745,35,7,14.142857142857142,4.313131313131313,5.0,18,0.5142857142857142,0.027686703096539162,234,0.4727272727272727,0.17373737373737375,0.5151515151515151,0.48484848484848486,9,0.01818181818181818,70.07431214421253,7.109492409867176,9.544971537001897,10.125756701596842,3
455,2376,26,6,17.5,4.054945054945055,4.333333333333333,11,0.4230769230769231,0.0180976430976431,194,0.42637362637362636,0.12087912087912088,0.47692307692307695,0.5230769230769231,13,0.02857142857142857,77.3466194331984,6.828070175438597,8.769770580296898,9.367010060515213,3
420,2291,27,9,15.555555555555555,4.242857142857143,3.0,14,0.5185185185185185,0.02007856831078132,176,0.41904761904761906,0.14523809523809525,0.48333333333333334,0.5166666666666667,8,0.01904761904761905,74.38012375143643,6.740026518164946,9.262300008839388,9.906371001090498,3
255,1301,13,3,19.615384615384617,3.980392156862745,4.333333333333333,17,1.3076923076923077,0.02536510376633359,121,0.4745098039215686,0.11764705882352941,0.4392156862745098,0.5607843137254902,0,0.0,75.75779224712296,7.5465354330708685,10.177589339794066,9.466822959209587,3
370,2014,14,2,26.428571428571427,4.381081081081081,7.0,5,0.35714285714285715,0.010923535253227408,164,0.44324324324324327,0.1891891891891892,0.4540540540540541,0.5459459459459459,25,0.06756756756756757,60.198108108108144,11.428494208494207,13.922779922779922,12.416235457179464,3
503,2779,22,4,22.863636363636363,4.449304174950298,5.5,6,0.2727272727272727,0.01583303346527528,252,0.5009940357852882,0.18886679920477137,0.49502982107355864,0.5049701789264414,13,0.02584493041749503,65.44616865869855,10.069510529311327,12.350749383418707,11.111384760643409,3
362,1972,20,1,18.1,4.314917127071824,20.0,23,1.15,0.02586206896551724,195,0.5386740331491713,0.16574585635359115,0.5220994475138122,0.47790055248618785,9,0.024861878453038673,68.52754639889199,8.185234072022162,11.65213296398892,11.308507894218259,3
308,1667,21,5,14.666666666666666,4.26948051948052,4.2,4,0.19047619047619047,0.016196760647870425,145,0.4707792207792208,0.1461038961038961,0.5064935064935064,0.4935064935064935,4,0.012987012987012988,72.92809217577708,6.76642168121268,9.13924360741081,9.725611199111238,3
605,3014,39,8,15.512820512820513,3.88099173553719,4.875,13,0.3333333333333333,0.02023888520238885,196,0.3239669421487603,0.08264462809917356,0.42644628099173554,0.5735537190082645,2,0.003305785123966942,84.25576817122271,5.361157024793389,8.32083068446705,8.69343788997812,3
216,1277,11,8,19.636363636363637,4.717592592592593,1.375,5,0.45454545454545453,0.01957713390759593,97,0.44907407407407407,0.24537037037037038,0.5,0.5,3,0.013888888888888888,51.69487012987014,10.791645021645024,12.3982683982684,12.563389971838223,3
356,2015,9,5,39.55555555555556,4.601123595505618,1.8,7,0.7777777777777778,0.008436724565756825,127,0.35674157303370785,0.22752808988764045,0.5056179775280899,0.4943820224719101,4,0.011235955056179775,40.02375156054934,17.503520599250937,19.53008739076155,15.172626615295595,3
402,2035,19,4,21.157894736842106,3.985074626865672,4.75,8,0.42105263157894735,0.016216216216216217,180,0.44776119402985076,0.12189054726368159,0.4427860696517413,0.5572139303482587,5,0.012437810945273632,75.69807894736842,7.931026315789477,11.021052631578948,10.426177893888326,3
399,2236,24,5,16.625,4.340852130325815,4.8,15,0.625,0.020125223613595707,180,0.45112781954887216,0.17042606516290726,0.44611528822055135,0.5538847117794486,17,0.042606516290726815,73.59137771064842,7.347696623152444,10.284129895350091,10.074871250255047,3
462,2501,25,25,18.48,4.20995670995671,1.0,13,0.52,0.024790083966413436,181,0.3917748917748918,0.1645021645021645,0.5086580086580087,0.49134199134199136,11,0.023809523809523808,73.31254827586207,7.644520689655174,11.303310344827587,10.962023055922355,3
249,1431,15,5,16.6,4.610441767068273,3.0,13,0.8666666666666667,0.02166317260656883,133,0.5341365461847389,0.20481927710843373,0.5020080321285141,0.4979919678714859,2,0.008032128514056224,69.03178313253015,7.754682730923697,9.210281124497994,9.558583805096642,3
439,2344,13,29,33.76923076923077,4.2027334851936216,0.4482758620689655,10,0.7692307692307693,0.012798634812286689,177,0.4031890660592255,0.14578587699316628,0.4510250569476082,0.5489749430523918,18,0.04100227790432802,53.63790209790211,13.976037296037298,17.675524475524476,14.332717204346928,3
270,1581,21,5,12.857142857142858,4.681481481481481,4.2,9,0.42857142857142855,0.025932953826691967,130,0.48148148148148145,0.18888888888888888,0.5148148148148148,0.48518518518518516,3,0.011111111111111112,65.57563636363638,7.392090909090911,10.280000000000001,10.899274998029323,3
343,1792,7,5,49.0,4.128279883381924,1.4,4,0.5714285714285714,0.015625,161,0.46938775510204084,0.14868804664723032,0.4956268221574344,0.5043731778425656,3,0.008746355685131196,40.08652173913045,19.912008281573495,23.424430641821946,15.532846611407376,3
349,2037,15,4,23.266666666666666,4.710601719197708,3.75,14,0.9333333333333333,0.019636720667648502,157,0.4498567335243553,0.24068767908309455,0.5128939828080229,0.4871060171919771,14,0.04011461318051576,53.43657780979828,11.963460271716755,13.60304652120214,12.28987398476788,3
304,1592,14,4,21.714285714285715,4.108552631578948,3.5,3,0.21428571428571427,0.014447236180904523,146,0.48026315789473684,0.12828947368421054,0.4375,0.5625,3,0.009868421052631578,70.69631578947372,8.793045112781957,11.185714285714287,11.062562989136584,3
339,1909,14,4,24.214285714285715,4.533923303834809,3.5,8,0.5714285714285714,0.01676270298585647,157,0.4631268436578171,0.18289085545722714,0.5103244837758112,0.4896755162241888,5,0.014749262536873156,52.49078358208956,11.882441364605544,12.795309168443495,11.899873341045819,3
363,1867,14,4,25.928571428571427,4.011019283746556,3.5,12,0.8571428571428571,0.017675415104445636,191,0.5261707988980716,0.1184573002754821,0.5068870523415978,0.4931129476584022,9,0.024793388429752067,69.58126712328769,10.031007827788653,12.401174168297457,9.957137785484202,3
452,2431,20,6,22.6,4.274336283185841,3.3333333333333335,9,0.45,0.016454134101192924,188,0.415929203539823,0.15486725663716813,0.47345132743362833,0.5265486725663717,8,0.017699115044247787,64.1353162251656,9.940630242825609,11.973907284768211,10.899274998029323,3
377,2245,18,3,20.944444444444443,4.80106100795756,6.0,10,0.5555555555555556,0.0200445434298441,170,0.4509283819628647,0.246684350132626,0.5517241379310345,0.4482758620689655,15,0.03978779840848806,51.45809523809527,11.2989417989418,12.42116402116402,11.645159339076184,3
208,1152,12,3,17.333333333333332,4.240384615384615,4.0,2,0.16666666666666666,0.014756944444444444,123,0.5913461538461539,0.14903846153846154,0.5096153846153846,0.49038461538461536,8,0.038461538461538464,69.81609496124032,7.972383720930235,10.887596899224807,10.864195022040775,3
319,1846,11,4,29.0,4.70846394984326,2.75,7,0.6363636363636364,0.02112676056338028,145,0.45454545454545453,0.25391849529780564,0.5266457680250783,0.47335423197492166,8,0.025078369905956112,48.4266924290221,14.379940063091485,15.70839116719243,13.187427743715652,3
264,1495,12,3,22.0,4.450757575757576,4.0,16,1.3333333333333333,0.024080267558528427,107,0.4053030303030303,0.22348484848484848,0.5454545454545454,0.45454545454545453,4,0.015151515151515152,52.57211477987423,11.412688679245285,14.569182389937106,13.6886701853816,3
477,2622,40,1,11.925,4.337526205450734,40.0,20,0.5,0.031655225019069415,244,0.5115303983228512,0.15723270440251572,0.4716981132075472,0.5283018867924528,13,0.027253668763102725,75.23586357039191,5.803899371069182,7.827318174487985,8.914623046629139,3
204,1088,12,1,17.0,4.21078431372549,12.0,14,1.1666666666666667,0.025735294117647058,128,0.6274509803921569,0.14215686274509803,0.4950980392156863,0.5049019607843137,4,0.0196078431372549,70.14470588235295,7.698823529411765,10.133333333333335,10.504223727775692,3
515,2827,31,5,16.612903225806452,4.351456310679612,6.2,12,0.3870967741935484,0.01556420233463035,202,0.39223300970873787,0.15145631067961166,0.4815533980582524,0.5184466019417475,4,0.007766990291262136,71.98875629311954,7.377505127727023,8.931841630927963,9.698958519613793,3
361,1998,24,6,15.041666666666666,4.2797783933518,4.0,8,0.3333333333333333,0.01951951951951952,171,0.47368421052631576,0.16620498614958448,0.5623268698060941,0.4376731301939058,8,0.0221606648199446,72.93500000000003,6.812777777777779,9.555555555555555,10.02789654360092,3
337,1850,17,5,19.823529411764707,4.3916913946587535,3.4,13,0.7647058823529411,0.016756756756756756,145,0.43026706231454004,0.16913946587537093,0.5044510385756676,0.49554896142433236,4,0.011869436201780416,69.47910281026358,8.493105253971024,11.2528539012044,11.20814326018867,3
331,1721,18,4,18.38888888888889,4.096676737160121,4.5,10,0.5555555555555556,0.023242300987797792,143,0.43202416918429004,0.13293051359516617,0.4380664652567976,0.5619335347432024,2,0.006042296072507553,75.17030303030306,7.329090909090912,10.121212121212121,9.861636050157227,3
236,1396,12,5,19.666666666666668,4.63135593220339,2.4,6,0.5,0.014326647564469915,118,0.5,0.21610169491525424,0.5254237288135594,0.4745762711864407,13,0.05508474576271186,57.65820578231293,10.28923469387755,13.554421768707483,12.745084868956482,3
253,1313,19,5,13.31578947368421,4.07905138339921,3.8,7,0.3684210526315789,0.02284843869002285,128,0.5059288537549407,0.13438735177865613,0.48616600790513836,0.5138339920948617,1,0.003952569169960474,79.03436271401398,5.491333756076941,7.651743817374762,9.134995656068206,3
681,4158,32,30,21.28125,4.856093979441997,1.0666666666666667,28,0.875,0.03294853294853295,257,0.37738619676945667,0.28634361233480177,0.5594713656387665,0.44052863436123346,29,0.042584434654919234,49.3286486226624,11.756232873419549,14.559703860391327,13.642876446229504,3
428,2411,31,5,13.806451612903226,4.490654205607477,6.2,23,0.7419354838709677,0.022397345499792616,189,0.441588785046729,0.18925233644859812,0.572429906542056,0.42757009345794394,9,0.02102803738317757,69.08406843533317,7.053394633705157,8.980524570394936,10.527976200630611,3
362,2074,18,3,20.11111111111111,4.610497237569061,6.0,11,0.6111111111111112,0.018804243008678882,192,0.5303867403314917,0.19337016574585636,0.48342541436464087,0.5165745856353591,5,0.013812154696132596,60.92443216697362,9.757753222836097,11.69085328422345,11.538034831475386,3
412,2173,17,5,24.235294117647058,4.194174757281553,3.4,8,0.47058823529411764,0.013345605154164749,158,0.38349514563106796,0.1650485436893204,0.5,0.5,19,0.04611650485436893,57.18423472301545,11.303997715591091,12.703826384922902,11.442366930564873,3
229,1281,15,4,15.266666666666667,4.344978165938865,3.75,4,0.26666666666666666,0.01717408274785324,127,0.5545851528384279,0.1703056768558952,0.519650655021834,0.48034934497816595,8,0.034934497816593885,65.86129113924052,7.9981603375527435,10.708185654008439,10.934197308810441,3
277,1543,17,4,16.294117647058822,4.418772563176895,4.25,11,0.6470588235294118,0.02138690861957226,121,0.4368231046931408,0.20216606498194944,0.5270758122743683,0.4729241877256318,5,0.018050541516245487,67.59719636055863,7.893402454506987,10.713838341091833,11.08844711333714,3
409,2043,32,7,12.78125,3.8312958435207825,4.571428571428571,11,0.34375,0.024473813020068527,176,0.43031784841075793,0.07579462102689487,0.48166259168704156,0.5183374083129584,1,0.0024449877750611247,91.27860518292685,3.7107774390243904,5.9054878048780495,6.907726486568896,3
260,1393,13,7,20.0,4.223076923076923,1.8571428571428572,5,0.38461538461538464,0.017946877243359655,134,0.5153846153846153,0.15,0.49615384615384617,0.5038461538461538,6,0.023076923076923078,68.09500000000004,8.73,11.230769230769232,11.051253699011982,3
422,2334,22,5,19.181818181818183,4.393364928909953,4.4,7,0.3181818181818182,0.013710368466152529,227,0.5379146919431279,0.16824644549763032,0.5545023696682464,0.44549763033175355,23,0.054502369668246446,66.43724711907812,8.803132735808791,10.750149381135296,10.92785942931718,3
278,1534,11,4,25.272727272727273,4.4496402877697845,2.75,4,0.36363636363636365,0.013689700130378096,149,0.5359712230215827,0.20503597122302158,0.48201438848920863,0.5179856115107914,14,0.050359712230215826,54.83357728913687,11.867010173941583,14.116048572366262,13.319297830178854,3
344,1843,31,6,11.096774193548388,4.215116279069767,5.166666666666667,3,0.0967741935483871,0.02278893109061313,169,0.49127906976744184,0.13953488372093023,0.4883720930232558,0.5116279069767442,11,0.03197674418604651,80.68337209302328,4.952485966319166,6.489013632718525,7.990435384864732,3
664,3554,32,5,20.75,4.245481927710843,6.4,18,0.5625,0.019977490151941474,241,0.3629518072289157,0.17319277108433734,0.42168674698795183,0.5783132530120482,11,0.016566265060240965,69.86166385135138,8.685433558558561,10.967642642642645,10.481140341803084,3
387,1949,28,7,13.821428571428571,3.883720930232558,4.0,18,0.6428571428571429,0.025141097998973832,177,0.4573643410852713,0.09302325581395349,0.4883720930232558,0.5116279069767442,1,0.002583979328165375,84.79120466321244,4.857413027387125,7.172316802368616,7.957251820313856,3
267,1436,16,3,16.6875,4.284644194756554,5.333333333333333,4,0.25,0.01532033426183844,119,0.44569288389513106,0.1647940074906367,0.50187265917603,0.49812734082397003,13,0.04868913857677903,73.18028891509437,7.166733490566038,9.794811320754718,10.270032843473604,3
402,2287,22,5,18.272727272727273,4.567164179104478,4.4,4,0.18181818181818182,0.014429383471797114,214,0.5323383084577115,0.21144278606965175,0.5174129353233831,0.48258706467661694,4,0.009950248756218905,60.273969054636154,9.38048175017003,11.480435275447745,11.20814326018867,3
404,2364,20,3,20.2,4.584158415841584,6.666666666666667,15,0.75,0.031302876480541454,221,0.5470297029702971,0.20297029702970298,0.5445544554455446,0.45544554455445546,16,0.039603960396039604,57.25725074356653,10.594677356782622,12.59790508211561,12.396398192541,3
268,1628,15,18,17.866666666666667,4.902985074626866,0.8333333333333334,6,0.4,0.019041769041769043,122,0.4552238805970149,0.26492537313432835,0.5,0.5,6,0.022388059701492536,57.175254901960784,9.789352941176471,11.370980392156865,11.341690212594319,3
331,1855,10,4,33.1,4.4894259818731115,2.5,13,1.3,0.022641509433962263,174,0.525679758308157,0.18731117824773413,0.5166163141993958,0.48338368580060426,12,0.03625377643504532,50.784357142857175,14.349206686930092,17.29373860182371,14.265292616868656,3
189,1017,13,4,14.538461538461538,4.28042328042328,3.25,10,0.7692307692307693,0.02359882005899705,107,0.5661375661375662,0.15873015873015872,0.5132275132275133,0.48677248677248675,6,0.031746031746031744,72.58042498937529,6.594696132596685,7.558181045473863,8.139509932561175,3
410,2411,22,6,18.636363636363637,4.829268292682927,3.6666666666666665,8,0.36363636363636365,0.01244296972210701,164,0.4,0.25121951219512195,0.5536585365853659,0.44634146341463415,11,0.026829268292682926,47.58569912321184,11.071195200738348,12.645869866174436,12.324508414480071,3
346,1805,21,5,16.476190476190474,4.118497109826589,4.2,8,0.38095238095238093,0.01662049861495845,129,0.37283236994219654,0.1416184971098266,0.4421965317919075,0.5578034682080925,3,0.008670520231213872,75.19259152215803,6.864616019818332,8.787007982383704,9.725611199111238,3
259,1460,17,5,15.235294117647058,4.517374517374518,3.4,8,0.47058823529411764,0.01986301369863014,143,0.5521235521235521,0.16216216216216217,0.5444015444015444,0.4555984555984556,3,0.011583011583011582,69.20746990688168,7.391146945264595,9.955121508062684,10.328600350310264,3
310,1631,17,4,18.235294117647058,4.103225806451613,4.25,10,0.5882352941176471,0.028816676885346414,118,0.38064516129032255,0.13870967741935483,0.45483870967741935,0.5451612903225806,9,0.02903225806451613,72.06940227703987,7.737248576850096,10.132827324478178,9.916854025145753,3
404,2060,25,5,16.16,4.014851485148514,5.0,6,0.24,0.016019417475728156,130,0.3217821782178218,0.10148514851485149,0.47029702970297027,0.5297029702970297,3,0.007425742574257425,81.08096417910448,5.944881592039803,8.62105472636816,8.726425361277474,3
309,1630,24,4,12.875,4.119741100323624,6.0,8,0.3333333333333333,0.02883435582822086,168,0.5436893203883495,0.11974110032362459,0.4692556634304207,0.5307443365695793,3,0.009708737864077669,78.23274891774895,5.99103896103896,7.5549783549783545,8.11559375814309,3
306,1756,15,6,20.4,4.594771241830065,2.5,18,1.2,0.02619589977220957,150,0.49019607843137253,0.2222222222222222,0.5032679738562091,0.49673202614379086,1,0.0032679738562091504,52.96367543859654,10.906763157894737,14.159298245614037,13.454273218885966,3
315,1826,9,9,35.0,4.561904761904762,1.0,10,1.1111111111111112,0.014786418400876232,144,0.45714285714285713,0.1746031746031746,0.5047619047619047,0.49523809523809526,11,0.03492063492063492,46.64641025641026,15.36525641025641,17.84102564102564,13.901157680251561,3
237,1215,12,3,19.75,4.0548523206751055,4.0,4,0.3333333333333333,0.01316872427983539,116,0.48945147679324896,0.12236286919831224,0.4388185654008439,0.5611814345991561,3,0.012658227848101266,76.13052215189876,7.547099156118147,10.431645569620253,10.31748142421505,3
312,1680,17,5,18.352941176470587,4.2756410256410255,3.4,8,0.47058823529411764,0.02023809523809524,161,0.5160256410256411,0.17307692307692307,0.5032051282051282,0.4967948717948718,6,0.019230769230769232,67.05824093215563,8.480045104303702,10.68738958842323,11.08844711333714,3
362,2085,17,5,21.294117647058822,4.679558011049724,3.4,8,0.47058823529411764,0.012949640287769784,148,0.4088397790055249,0.2430939226519337,0.5027624309392266,0.4972375690607735,6,0.016574585635359115,50.530483949812634,11.486778556297864,13.923480527945252,14.213455907419831,3
607,3323,31,5,19.580645161290324,4.377265238879737,6.2,12,0.3870967741935484,0.01685224195004514,247,0.40691927512355847,0.17627677100494235,0.46787479406919275,0.5321252059308073,2,0.0032948929159802307,66.04165242469558,8.888179876094856,11.038581499679557,10.943184182609196,3
422,2403,26,26,16.23076923076923,4.535545023696683,1.0,11,0.4230769230769231,0.019558884727424054,175,0.4146919431279621,0.15165876777251186,0.5402843601895735,0.4597156398104265,26,0.061611374407582936,67.21738488945735,7.906472684085514,9.707326877398138,9.75724932402239,3
248,1350,22,6,11.272727272727273,4.286290322580645,3.6666666666666665,12,0.5454545454545454,0.03111111111111111,135,0.5443548387096774,0.13709677419354838,0.4959677419354839,0.5040322580645161,14,0.056451612903225805,77.49994623655914,5.383456221198159,7.465745007680493,8.563005593585519,3
455,2509,14,5,32.5,4.36043956043956,2.8,23,1.6428571428571428,0.019131127939418093,149,0.3274725274725275,0.1824175824175824,0.4725274725274725,0.5274725274725275,3,0.006593406593406593,52.06068681318685,14.071813186813188,14.934065934065934,12.416235457179464,3
242,1352,12,2,20.166666666666668,4.471074380165289,6.0,14,1.1666666666666667,0.021449704142011833,130,0.5371900826446281,0.15702479338842976,0.5247933884297521,0.47520661157024796,1,0.004132231404958678,70.95913035961274,8.351213692946057,9.693084370677731,8.344100000000001,3
440,2474,20,5,22.0,4.465909090909091,4.0,18,0.9,0.020614389652384803,210,0.4772727272727273,0.18409090909090908,0.5022727272727273,0.49772727272727274,3,0.006818181818181818,61.97497297297299,10.130162162162161,11.222342342342342,10.467255456243755,3
272,1504,12,3,22.666666666666668,4.3786764705882355,4.0,9,0.75,0.025930851063829786,144,0.5294117647058824,0.19117647058823528,0.5,0.5,4,0.014705882352941176,55.295942496924994,11.156983394833947,13.904182041820418,12.885471636013051,3
517,2583,27,5,19.14814814814815,3.897485493230174,5.4,14,0.5185185185185185,0.019744483159117306,180,0.3481624758220503,0.11798839458413926,0.43907156673114117,0.5609284332688588,7,0.013539651837524178,78.02596796405017,7.077999565122855,9.370761759802857,9.250403328903449,3
332,1982,21,7,15.80952380952381,4.798192771084337,3.0,3,0.14285714285714285,0.01564076690211907,140,0.42168674698795183,0.24397590361445784,0.5271084337349398,0.47289156626506024,5,0.015060240963855422,59.52449626865675,9.118022388059703,12.550746268656717,12.773325707644965,3
226,9457,12,5,18.833333333333332,3.982300884955752,2.4,0,0.0,0.0013746431214973036,92,0.40707964601769914,0.12831858407079647,0.42920353982300885,0.5707964601769911,5,0.022123893805309734,84.77668879056048,6.11340707964602,8.241297935103246,6.816661863887846,3
379,2122,15,4,25.266666666666666,4.435356200527704,3.75,18,1.2,0.01885014137606032,167,0.44063324538258575,0.22163588390501318,0.48812664907651715,0.5118733509234829,4,0.010554089709762533,56.3744375,11.75597916666667,14.823333333333336,13.662883650711645,3
291,1599,15,3,19.4,4.391752577319588,5.0,2,0.13333333333333333,0.011882426516572859,133,0.4570446735395189,0.22336769759450173,0.44673539518900346,0.5532646048109966,4,0.013745704467353952,68.76580180180181,8.57018918918919,10.460900900900903,10.65027996061788,3
340,2020,15,8,22.666666666666668,4.697058823529412,1.875,17,1.1333333333333333,0.019801980198019802,150,0.4411764705882353,0.23529411764705882,0.4852941176470588,0.5147058823529411,5,0.014705882352941176,47.32264705882352,12.692016806722691,16.067226890756302,14.756829357015494,3
189,1000,11,3,17.181818181818183,4.068783068783069,3.6666666666666665,5,0.45454545454545453,0.025,114,0.6031746031746031,0.12698412698412698,0.4497354497354497,0.5502645502645502,2,0.010582010582010581,72.06398781630742,7.589212746016873,9.941143392689785,9.80015041476705,3
383,1997,27,8,14.185185185185185,4.120104438642298,3.375,3,0.1111111111111111,0.015523284927391086,170,0.44386422976501305,0.10182767624020887,0.4281984334203655,0.5718015665796344,11,0.028720626631853787,80.88873416497438,5.500968958514651,7.553969635431777,8.401726058763845,3
350,2061,18,5,19.444444444444443,4.731428571428571,3.6,18,1.0,0.022319262493934983,170,0.4857142857142857,0.22,0.5028571428571429,0.49714285714285716,3,0.008571428571428572,60.75102895148672,9.685328638497655,11.156494522691705,11.319583603955667,3
473,2564,24,4,19.708333333333332,4.3150105708245245,6.0,24,1.0,0.019110764430577222,211,0.44608879492600423,0.15856236786469344,0.47568710359408034,0.5243128964059197,3,0.006342494714587738,67.5325215821001,8.735996300211415,10.082064834390415,9.516144504307135,3
292,1777,12,4,24.333333333333332,4.97945205479452,3.0,15,1.25,0.020821609454136185,160,0.547945205479452,0.2773972602739726,0.565068493150685,0.4349315068493151,10,0.03424657534246575,44.87704774614477,12.81723309608541,16.341755634638197,15.021129683784007,3
263,1580,13,3,20.23076923076923,4.855513307984791,4.333333333333333,15,1.1538461538461537,0.02531645569620253,116,0.44106463878326996,0.24714828897338403,0.5095057034220533,0.49049429657794674,1,0.0038022813688212928,47.595769230769264,11.58923076923077,14.30769230769231,13.518907172268552,3
612,2939,23,5,26.608695652173914,3.7107843137254903,4.6,17,0.7391304347826086,0.013610071452875128,217,0.3545751633986928,0.07679738562091504,0.4444444444444444,0.5555555555555556,18,0.029411764705882353,77.21185577942738,9.132569812654648,12.191587133262637,9.318704503766252,3
443,2424,19,4,23.31578947368421,4.3589164785553045,4.75,15,0.7894736842105263,0.01773927392739274,184,0.4153498871331828,0.19413092550790068,0.46952595936794583,0.5304740406320542,6,0.013544018058690745,62.72150798344178,10.329379065641636,11.705499704316972,10.186864033877495,3
349,1890,17,8,20.529411764705884,4.329512893982808,2.125,4,0.23529411764705882,0.013227513227513227,155,0.44412607449856734,0.16045845272206305,0.45558739255014324,0.5444126074498568,10,0.02865329512893983,64.80664158686731,9.247113543091658,12.163885088919288,11.892052765847286,3
468,2436,22,15,21.272727272727273,4.094017094017094,1.4666666666666666,6,0.2727272727272727,0.016420361247947456,166,0.3547008547008547,0.16452991452991453,0.4081196581196581,0.5918803418803419,4,0.008547008547008548,74.8021627253344,8.121958712928862,10.830044582283389,9.80015041476705,3
349,1820,17,5,20.529411764705884,4.126074498567335,3.4,2,0.11764705882352941,0.012087912087912088,147,0.42120343839541546,0.11461318051575932,0.4899713467048711,0.5100286532951289,33,0.09455587392550144,74.04233785822022,8.061213340036868,10.424065694653931,9.478462496947788,3
384,1943,5,6,76.8,4.036458333333333,0.8333333333333334,0,0.0,0.006176016469377252,154,0.4010416666666667,0.1015625,0.4114583333333333,0.5885416666666666,5,0.013020833333333334,22.47206250000005,29.2041875,32.178333333333335,13.968273953766033,3
265,1514,15,3,17.666666666666668,4.607547169811321,5.0,6,0.4,0.015852047556142668,142,0.5358490566037736,0.20754716981132076,0.5132075471698113,0.4867924528301887,4,0.01509433962264151,60.14827272727274,9.24218181818182,11.130909090909093,11.072351349416056,3
367,2087,18,5,20.38888888888889,4.523160762942779,3.6,15,0.8333333333333334,0.02539530426449449,168,0.45776566757493187,0.1771117166212534,0.5286103542234333,0.4713896457765668,3,0.008174386920980926,61.67988292011022,9.666184573002756,12.253994490358128,11.429527900616531,3
345,2054,25,6,13.8,4.753623188405797,4.166666666666667,12,0.48,0.0311587147030185,184,0.5333333333333333,0.2144927536231884,0.5333333333333333,0.4666666666666667,7,0.020289855072463767,65.06381559220392,7.943053473263369,9.960219890054972,10.374825546531014,3
329,1801,26,5,12.653846153846153,4.285714285714286,5.2,0,0.0,0.01665741254858412,148,0.44984802431610943,0.1762917933130699,0.48936170212765956,0.5106382978723404,6,0.0182370820668693,74.99976331360949,6.027928994082842,8.276923076923078,9.265573868473778,3
405,2323,31,6,13.064516129032258,4.57037037037037,5.166666666666667,12,0.3870967741935484,0.024537236332328884,178,0.43950617283950616,0.21481481481481482,0.5209876543209877,0.47901234567901235,5,0.012345679012345678,59.58745608431812,8.185649952091985,9.866368572341106,10.807276698888536,3
415,2273,14,12,29.642857142857142,4.320481927710843,1.1666666666666667,25,1.7857142857142858,0.01891772987241531,179,0.43132530120481927,0.1710843373493976,0.5084337349397591,0.491566265060241,6,0.014457831325301205,55.672596153846186,12.875975274725274,16.02032967032967,13.925175675911131,3
300,1593,21,5,14.285714285714286,4.17,4.2,13,0.6190476190476191,0.022598870056497175,145,0.48333333333333334,0.13333333333333333,0.5,0.5,8,0.02666666666666667,78.73716500553714,5.837873754152824,7.593798449612404,8.418075326091056,3
407,2070,21,5,19.38095238095238,4.002457002457002,4.2,10,0.47619047619047616,0.01884057971014493,190,0.4668304668304668,0.11302211302211303,0.47911547911547914,0.5208845208845209,10,0.02457002457002457,74.26774622199062,8.18282959874935,10.980510682647214,10.30751831280988,3
340,1723,18,4,18.88888888888889,3.9205882352941175,4.5,10,0.5555555555555556,0.028438769587928032,178,0.5235294117647059,0.10882352941176471,0.4970588235294118,0.5029411764705882,3,0.008823529411764706,78.06821981424152,7.368163054695561,9.918403852769178,9.325443323948027,3
216,1171,8,3,27.0,4.226851851851852,2.6666666666666665,5,0.625,0.014517506404782237,108,0.5,0.16666666666666666,0.4861111111111111,0.5138888888888888,2,0.009259259259259259,60.867045454545476,11.60136363636364,13.545454545454545,12.815532586354998,3
672,3964,26,23,25.846153846153847,4.760416666666667,1.1304347826086956,29,1.1153846153846154,0.01639757820383451,189,0.28125,0.2619047619047619,0.5029761904761905,0.49702380952380953,5,0.00744047619047619,44.05588733233981,13.782219970193744,16.339576751117736,14.947721391685242,3
474,2663,19,5,24.94736842105263,4.4978902953586495,3.8,19,1.0,0.01877581674802854,192,0.4050632911392405,0.1729957805907173,0.5168776371308017,0.4831223628691983,16,0.03375527426160337,56.04126915389743,11.640317566067065,14.704685765045525,13.531616421267348,3
365,2011,25,6,14.6,4.375342465753425,4.166666666666667,8,0.32,0.0174042764793635,176,0.4821917808219178,0.16712328767123288,0.5424657534246575,0.4575342465753425,5,0.0136986301369863,72.2488497237569,6.779299447513814,9.438408839779006,10.53366545652748,3
278,1869,25,5,11.12,4.489208633093525,5.0,6,0.24,0.02247191011235955,129,0.46402877697841727,0.1906474820143885,0.5251798561151079,0.4748201438848921,5,0.017985611510791366,69.25683309352519,6.361907913669068,8.908431654676258,9.984395529734659,3
234,1448,11,2,21.272727272727273,5.02991452991453,5.5,14,1.2727272727272727,0.026933701657458564,116,0.49572649572649574,0.28205128205128205,0.5384615384615384,0.46153846153846156,3,0.01282051282051282,43.57686520376177,12.420799373040754,14.12601880877743,14.02287970970757,3
447,2551,24,6,18.625,4.505592841163311,4.0,23,0.9583333333333334,0.025872206977655823,201,0.44966442953020136,0.19463087248322147,0.5302013422818792,0.4697986577181208,17,0.03803131991051454,63.95658028455286,9.00704268292683,10.798263118994827,10.686352973137792,3
328,1896,14,4,23.428571428571427,4.6189024390243905,3.5,7,0.5,0.0189873417721519,157,0.47865853658536583,0.24085365853658536,0.5121951219512195,0.4878048780487805,9,0.027439024390243903,55.268694029850764,11.494978678038382,13.034115138592751,11.629938488055164,3
475,2423,10,4,47.5,4.07578947368421,2.5,0,0.0,0.008254230293025175,157,0.33052631578947367,0.12,0.40210526315789474,0.5978947368421053,6,0.01263157894736842,49.44397368421053,18.163210526315797,20.68421052631579,11.979248473330827,3
270,1499,21,5,12.857142857142858,4.4148148148148145,4.2,11,0.5238095238095238,0.0266844563042028,145,0.5370370370370371,0.16296296296296298,0.5037037037037037,0.4962962962962963,3,0.011111111111111112,70.45405472636817,6.602814498933903,9.283866382373846,10.181067101454742,3
299,1546,11,4,27.181818181818183,4.130434782608695,2.75,0,0.0,0.007761966364812419,164,0.5484949832775919,0.0903010033444816,0.5652173913043478,0.43478260869565216,20,0.06688963210702341,68.05783858998147,10.406425479282621,13.548051948051949,11.567385478589937,3
247,1327,23,4,10.73913043478261,4.165991902834008,5.75,2,0.08695652173913043,0.02110022607385079,129,0.5222672064777328,0.1902834008097166,0.4534412955465587,0.5465587044534413,7,0.02834008097165992,69.22177777777779,7.0546666666666695,10.035555555555556,10.74609503303851,3
560,3174,24,5,23.333333333333332,4.526785714285714,4.8,4,0.16666666666666666,0.017328292375551356,224,0.4,0.20357142857142857,0.4714285714285714,0.5285714285714286,11,0.019642857142857142,56.627053571428576,11.230099206349209,12.836243386243389,11.855464076750408,3
417,2235,18,4,23.166666666666668,4.244604316546763,4.5,26,1.4444444444444444,0.023266219239373602,200,0.47961630695443647,0.16786570743405277,0.46522781774580335,0.5347721822541966,2,0.004796163069544364,60.74789529914531,10.527660256410261,12.225213675213675,11.319583603955667,3
305,1636,17,4,17.941176470588236,4.150819672131147,4.25,7,0.4117647058823529,0.022004889975550123,113,0.3704918032786885,0.13114754098360656,0.47540983606557374,0.5245901639344263,1,0.003278688524590164,70.47933232456971,7.973644789105354,9.632759599016456,9.478462496947788,3
288,1551,17,5,16.941176470588236,4.232638888888889,3.4,9,0.5294117647058824,0.019342359767891684,170,0.5902777777777778,0.13194444444444445,0.4756944444444444,0.5243055555555556,12,0.041666666666666664,74.91625833838691,7.062514655346678,10.00857085102082,9.916854025145753,3
449,2812,23,10,19.52173913043478,4.859688195991091,2.3,25,1.0869565217391304,0.02275960170697013,234,0.5211581291759465,0.24498886414253898,0.5879732739420935,0.41202672605790647,5,0.011135857461024499,51.804304347826104,10.894212560386475,13.51497584541063,13.236681829239998,3
469,2911,25,6,18.76,5.0341151385927505,4.166666666666667,17,0.68,0.017519752662315355,180,0.3837953091684435,0.302771855010661,0.5458422174840085,0.4541577825159915,6,0.01279317697228145,47.94282790697676,11.272520930232563,14.925293868921779,14.206526018710303,3
320,1877,14,1,22.857142857142858,4.775,14.0,7,0.5,0.018114011720831113,171,0.534375,0.2125,0.5375,0.4625,7,0.021875,51.90123040752354,11.680754590237349,14.004567845947157,13.371156678226303,3
389,2234,21,21,18.523809523809526,4.506426735218509,1.0,21,1.0,0.023276633840644583,194,0.4987146529562982,0.18508997429305912,0.46786632390745503,0.532133676092545,2,0.005141388174807198,60.37215081405314,9.440455380095482,12.242428693842577,12.457975602129121,3
262,1499,18,1,14.555555555555555,4.519083969465649,18.0,13,0.7222222222222222,0.03135423615743829,151,0.5763358778625954,0.22137404580152673,0.5114503816793893,0.48854961832061067,9,0.03435114503816794,68.72762677484788,7.487302231237326,9.97259409510931,10.460712293590639,3
314,1662,12,5,26.166666666666668,4.2165605095541405,2.4,6,0.5,0.015042117930204572,127,0.40445859872611467,0.12101910828025478,0.47770700636942676,0.5222929936305732,10,0.03184713375796178,65.23061040339704,10.661496815286629,13.141825902335459,11.698219412168324,3
349,1784,31,8,11.258064516129032,3.951289398280802,3.875,11,0.3548387096774194,0.02858744394618834,140,0.40114613180515757,0.08022922636103152,0.45558739255014324,0.5444126074498568,3,0.008595988538681949,86.3249699602551,4.015544874757371,5.420131250577687,7.1029339738359605,3
217,1126,17,4,12.764705882352942,4.04147465437788,4.25,3,0.17647058823529413,0.023978685612788632,110,0.5069124423963134,0.12903225806451613,0.423963133640553,0.576036866359447,3,0.013824884792626729,75.75071293033342,5.864732989970182,8.23952290593657,9.478462496947788,3
352,2005,19,4,18.526315789473685,4.346590909090909,4.75,24,1.263157894736842,0.026433915211970076,190,0.5397727272727273,0.17045454545454544,0.5056818181818182,0.4943181818181818,5,0.014204545454545454,67.37965311004787,8.463672248803828,10.137799043062202,10.771109862388435,3
289,1610,17,4,17.0,4.42560553633218,4.25,8,0.47058823529411764,0.019254658385093167,126,0.4359861591695502,0.18339100346020762,0.45674740484429066,0.5432525951557093,4,0.01384083044982699,62.9188635380623,8.970637975778548,12.069290657439447,12.494345625449444,3
532,2785,26,5,20.46153846153846,4.114661654135339,5.2,20,0.7692307692307693,0.017953321364452424,225,0.42293233082706766,0.13345864661654136,0.5357142857142857,0.4642857142857143,13,0.02443609022556391,71.93708662832498,8.33742990654206,9.800862688713156,8.841846274778883,3
287,1607,8,5,35.875,4.487804878048781,1.6,8,1.0,0.015556938394523958,128,0.445993031358885,0.1986062717770035,0.5087108013937283,0.4912891986062718,2,0.006968641114982578,46.0490938581315,15.8108607266436,17.2181660899654,12.602617957971052,3
451,2491,17,6,26.529411764705884,4.383592017738359,2.8333333333333335,7,0.4117647058823529,0.011641910879164994,216,0.4789356984478936,0.15521064301552107,0.49667405764966743,0.5033259423503326,1,0.0022172949002217295,60.34778448497306,11.534962753660416,14.00791163627023,12.827911418992354,3
219,1275,10,4,21.9,4.698630136986301,2.5,10,1.0,0.0196078431372549,125,0.5707762557077626,0.228310502283105,0.5296803652968036,0.4703196347031963,2,0.0091324200913242,59.05855479452056,10.462415525114157,12.595616438356164,11.979248473330827,3
400,2341,17,4,23.529411764705884,4.7125,4.25,5,0.29411764705882354,0.013242204186245195,191,0.4775,0.21,0.535,0.465,20,0.05,56.898647058823556,11.168470588235298,13.611764705882354,12.319762396917735,3
243,1353,17,3,14.294117647058824,4.444444444444445,5.666666666666667,6,0.35294117647058826,0.019955654101995565,152,0.6255144032921811,0.1934156378600823,0.5267489711934157,0.4732510288065844,9,0.037037037037037035,71.77873845405934,6.784078755469132,9.165192027224114,9.916854025145753,3
402,2184,24,5,16.75,4.300995024875622,4.8,9,0.375,0.02197802197802198,180,0.44776119402985076,0.15422885572139303,0.4900497512437811,0.5099502487562189,15,0.03731343283582089,74.40913114939924,7.40891067785083,10.083926547268193,9.80015041476705,3
348,1842,13,6,26.76923076923077,4.244252873563219,2.1666666666666665,0,0.0,0.007057546145494028,139,0.3994252873563218,0.16091954022988506,0.4367816091954023,0.5632183908045977,11,0.031609195402298854,69.29526525198942,10.24425287356322,11.972060123784262,9.466822959209587,3
376,2054,27,5,13.925925925925926,4.273936170212766,5.4,10,0.37037037037037035,0.02044790652385589,179,0.47606382978723405,0.14893617021276595,0.5345744680851063,0.4654255319148936,9,0.023936170212765957,75.89086744639377,6.170467836257313,8.050682261208577,8.841846274778883,3
668,4017,30,3,22.266666666666666,4.931137724550898,10.0,30,1.0,0.019915359721184963,305,0.4565868263473054,0.28892215568862273,0.5568862275449101,0.4431137724550898,9,0.01347305389221557,43.42113380281694,12.494464788732397,14.466791862284822,13.662883650711645,3
332,1826,22,5,15.090909090909092,4.367469879518072,4.4,8,0.36363636363636365,0.019715224534501644,133,0.4006024096385542,0.21385542168674698,0.45481927710843373,0.5451807228915663,7,0.02108433734939759,72.63084376701146,6.900370168753405,10.384104518236256,10.63711953065702,3
343,1977,25,5,13.72,4.63265306122449,5.0,0,0.0,0.018715225088517955,171,0.49854227405247814,0.21282798833819241,0.5393586005830904,0.4606413994169096,2,0.0058309037900874635,62.43281516034986,7.959633819241983,9.453014577259475,10.078955797065145,3
372,2237,17,6,21.88235294117647,4.798387096774194,2.8333333333333335,11,0.6470588235294118,0.016540008940545373,185,0.49731182795698925,0.24731182795698925,0.5349462365591398,0.4650537634408602,16,0.043010752688172046,48.556871657754016,11.952032085561502,13.933689839572194,13.681092451943961,3
281,1434,19,3,14.789473684210526,3.98576512455516,6.333333333333333,7,0.3684210526315789,0.02301255230125523,136,0.48398576512455516,0.12099644128113879,0.4128113879003559,0.5871886120996441,7,0.02491103202846975,83.47026315789476,5.304094811496828,8.064501679731244,8.371475516178862,3
313,1794,16,6,19.5625,4.575079872204473,2.6666666666666665,13,0.8125,0.0189520624303233,153,0.48881789137380194,0.20766773162939298,0.5271565495207667,0.4728434504792332,3,0.009584664536741214,57.15980769230771,10.131025641025644,12.15897435897436,12.273956033585218,3
242,1367,9,4,26.88888888888889,4.5,2.25,2,0.2222222222222222,0.019019751280175568,120,0.49586776859504134,0.1859504132231405,0.47520661157024796,0.5247933884297521,7,0.028925619834710745,58.070359477124214,11.729215686274511,13.939122315592904,12.457975602129121,3
340,1724,11,4,30.90909090909091,3.9529411764705884,2.75,7,0.6363636363636364,0.015661252900232018,164,0.4823529411764706,0.10588235294117647,0.4647058823529412,0.5352941176470588,9,0.026470588235294117,62.566021994134914,13.0040146627566,15.986041055718477,11.979248473330827,3
643,3539,49,3,13.122448979591837,4.309486780715397,16.333333333333332,35,0.7142857142857143,0.03899406612037298,329,0.5116640746500778,0.16329704510108864,0.4727838258164852,0.5272161741835147,5,0.007776049766718507,72.75718226175856,6.499294984565342,9.012261426627278,9.795417494402004,3
454,2433,25,5,18.16,4.213656387665198,5.0,25,1.0,0.025893958076448828,186,0.40969162995594716,0.14537444933920704,0.44273127753303965,0.5572687224669604,3,0.006607929515418502,68.14900000000002,9.07736507936508,11.238095238095239,10.398101306919678,3
383,2064,20,6,19.15,4.240208877284595,3.3333333333333335,12,0.6,0.020348837209302327,186,0.4856396866840731,0.1618798955613577,0.4960835509138381,0.5039164490861618,12,0.031331592689295036,68.71102906976745,8.482598191214471,10.22062015503876,10.355215969177355,3
296,1631,16,5,18.5,4.391891891891892,3.2,16,1.0,0.022685469037400367,123,0.4155405405405405,0.16554054054054054,0.4831081081081081,0.5168918918918919,3,0.010135135135135136,69.81330479452056,8.055582191780822,10.587671232876714,10.270032843473604,3
383,2137,21,5,18.238095238095237,4.360313315926893,4.2,13,0.6190476190476191,0.01731399157697707,183,0.47780678851174935,0.16449086161879894,0.5404699738903395,0.4595300261096606,16,0.04177545691906005,69.62472440944885,8.055268091488568,10.511736032995877,10.290406445055957,3
369,1954,20,5,18.45,4.157181571815718,4.0,8,0.4,0.022517911975435005,158,0.4281842818428184,0.14634146341463414,0.43360433604336046,0.5663956639566395,3,0.008130081300813009,73.14996567505722,7.868032036613272,10.464759725400459,10.882677951670543,3
436,2316,22,7,19.818181818181817,4.135321100917431,3.142857142857143,14,0.6363636363636364,0.017271157167530225,216,0.4954128440366973,0.14678899082568808,0.4954128440366973,0.5045871559633027,21,0.0481651376146789,75.42915261209379,7.729617441382146,10.570300287947347,9.68802393474861,3
364,2212,22,6,16.545454545454547,4.818681318681318,3.6666666666666665,22,1.0,0.028481012658227847,198,0.5439560439560439,0.25,0.5412087912087912,0.45879120879120877,3,0.008241758241758242,56.46238329238332,9.562063882063882,11.7002457002457,11.827085581835497,3
320,1785,15,4,21.333333333333332,4.403125,3.75,19,1.2666666666666666,0.02857142857142857,116,0.3625,0.15625,0.478125,0.521875,0,0.0,63.304791666666674,9.729375000000001,13.283333333333331,12.573866699077325,3
473,2735,22,7,21.5,4.636363636363637,3.142857142857143,6,0.2727272727272727,0.014259597806215722,182,0.38477801268498946,0.2029598308668076,0.5137420718816068,0.48625792811839325,11,0.023255813953488372,56.68443779904308,10.716770334928231,12.846889952153113,12.324508414480071,3
541,3093,25,5,21.64,4.436229205175601,5.0,41,1.64,0.03685741998060136,143,0.2643253234750462,0.2088724584103512,0.5434380776340111,0.4565619223659889,8,0.014787430683918669,57.80675997867155,10.85853062157221,13.431109079829373,12.602617957971052,3
253,1396,17,8,14.882352941176471,4.2727272727272725,2.125,21,1.2352941176470589,0.032234957020057305,144,0.5691699604743083,0.15019762845849802,0.4901185770750988,0.5098814229249012,6,0.023715415019762844,72.04846774193551,7.060645161290321,9.425806451612903,10.820120047756994,3
231,1255,13,4,17.76923076923077,4.298701298701299,3.25,10,0.7692307692307693,0.0199203187250996,137,0.5930735930735931,0.1645021645021645,0.4805194805194805,0.5194805194805194,5,0.021645021645021644,71.3021883289125,7.747586206896553,10.06949602122016,10.035473477838034,3
637,3488,47,5,13.553191489361701,4.21978021978022,9.4,28,0.5957446808510638,0.029529816513761468,313,0.4913657770800628,0.15698587127158556,0.5054945054945055,0.4945054945054945,17,0.026687598116169546,74.93419836956525,6.263899456521742,8.127717391304348,9.144314351596472,3
212,1187,12,3,17.666666666666668,4.363207547169812,4.0,16,1.3333333333333333,0.02695871946082561,118,0.5566037735849056,0.19339622641509435,0.4716981132075472,0.5283018867924528,2,0.009433962264150943,58.01144379844962,9.61889534883721,12.934108527131784,13.023866798666859,3
304,1851,13,11,23.384615384615383,4.944078947368421,1.1818181818181819,15,1.1538461538461537,0.019448946515397084,180,0.5921052631578947,0.27960526315789475,0.5394736842105263,0.4605263157894737,12,0.039473684210526314,41.50874936321958,13.240860927152315,16.04727457972491,14.879552855430394,3
280,1548,12,3,23.333333333333332,4.478571428571429,4.0,2,0.16666666666666666,0.0103359173126615,153,0.5464285714285714,0.17857142857142858,0.5357142857142857,0.4642857142857143,5,0.017857142857142856,58.5510491606715,10.847877697841728,12.57601918465228,11.538034831475386,3
225,1359,16,3,14.0625,4.888888888888889,5.333333333333333,8,0.5,0.0235467255334805,123,0.5466666666666666,0.26222222222222225,0.56,0.44,3,0.013333333333333334,55.905357142857156,8.93964285714286,12.564285714285715,12.38480682065935,3
263,1443,10,3,26.3,4.330798479087452,3.3333333333333335,9,0.9,0.015246015246015246,128,0.4866920152091255,0.18631178707224336,0.5285171102661597,0.4714828897338403,9,0.034220532319391636,52.99292696629216,12.500902621722847,15.174382022471912,13.348371206891418,3
276,1705,13,5,21.23076923076923,4.996376811594203,2.6,9,0.6923076923076923,0.015249266862170088,174,0.6304347826086957,0.2753623188405797,0.532608695652174,0.4673913043478261,3,0.010869565217391304,46.854623715634574,12.017472924187725,13.866037211885587,13.023866798666859,3
508,2772,18,5,28.22222222222222,4.253937007874016,3.6,26,1.4444444444444444,0.0183982683982684,176,0.3464566929133858,0.17913385826771652,0.46653543307086615,0.5334645669291339,13,0.025590551181102362,57.118184601924796,12.303674540682412,15.068416447944006,13.731508374201276,3
503,2830,25,5,20.12,4.351888667992048,5.0,1,0.04,0.009893992932862191,143,0.28429423459244535,0.18290258449304175,0.47514910536779326,0.5248508946322068,11,0.02186878727634195,66.804294488189,8.98952440944882,12.065007874015748,11.602472056035307,3
185,1070,17,5,10.882352941176471,4.508108108108108,3.4,8,0.47058823529411764,0.03364485981308411,102,0.5513513513513514,0.22702702702702704,0.5405405405405406,0.4594594594594595,4,0.021621621621621623,66.63630252100842,6.726834733893558,8.891503267973857,10.056822442137396,3
468,2410,33,30,14.181818181818182,3.948717948717949,1.1,23,0.696969696969697,0.024066390041493777,177,0.3782051282051282,0.10256410256410256,0.4423076923076923,0.5576923076923077,3,0.00641025641025641,85.08133876074174,4.922876526458619,8.072908186341023,9.178173031916092,3
389,2125,25,5,15.56,4.308483290488432,5.0,21,0.84,0.028705882352941175,210,0.5398457583547558,0.14652956298200515,0.519280205655527,0.480719794344473,2,0.005141388174807198,73.77557610993661,7.339188395583744,9.723702137655627,10.018931242160765,3
268,1447,20,3,13.4,4.268656716417911,6.666666666666667,11,0.55,0.026952315134761574,147,0.5485074626865671,0.1828358208955224,0.44776119402985076,0.5522388059701493,2,0.007462686567164179,76.1869568822554,6.331592039800999,9.089883913764512,9.861636050157227,3
383,2161,21,3,18.238095238095237,4.543080939947781,7.0,22,1.0476190476190477,0.027764923646459973,180,0.4699738903394256,0.195822454308094,0.5352480417754569,0.46475195822454307,2,0.005221932114882507,58.929855072463795,9.39319875776398,10.813871635610766,11.30375656770974,3
298,1675,15,5,19.866666666666667,4.483221476510067,3.0,5,0.3333333333333333,0.020298507462686566,156,0.5234899328859061,0.18120805369127516,0.5134228187919463,0.4865771812080537,10,0.03355704697986577,66.29986353467562,8.947261744966443,10.497002237136465,10.65027996061788,3
292,1699,21,7,13.904761904761905,4.660958904109589,3.0,4,0.19047619047619047,0.02118893466745144,141,0.4828767123287671,0.1917808219178082,0.571917808219178,0.4280821917808219,10,0.03424657534246575,66.69084474885845,7.411624266144816,10.90437051532942,11.013438906972478,3
303,1769,17,4,17.823529411764707,4.7161716171617165,4.25,12,0.7058823529411765,0.01921989824759751,140,0.46204620462046203,0.2376237623762376,0.504950495049505,0.49504950495049505,4,0.013201320132013201,56.39956319161328,9.820582411182297,11.881887012230635,12.214722805548657,3
500,2610,21,6,23.80952380952381,4.07,3.5,20,0.9523809523809523,0.02950191570881226,199,0.398,0.152,0.476,0.524,13,0.026,66.4673789764869,9.6904742145821,11.7535664888362,10.813802987103665,3
324,1948,23,4,14.08695652173913,4.796296296296297,5.75,28,1.2173913043478262,0.03490759753593429,184,0.5679012345679012,0.2345679012345679,0.5802469135802469,0.41975308641975306,7,0.021604938271604937,62.357937553101124,8.186435853865763,10.571566128575476,11.115808304768276,3
286,1645,19,3,15.052631578947368,4.5979020979020975,6.333333333333333,11,0.5789473684210527,0.02370820668693009,158,0.5524475524475524,0.2202797202797203,0.5314685314685315,0.46853146853146854,2,0.006993006993006993,60.73098684210527,8.554217836257312,10.924269005847954,11.20814326018867,3
510,2707,21,4,24.285714285714285,4.174509803921569,5.25,5,0.23809523809523808,0.023272995936461028,228,0.4470588235294118,0.15098039215686274,0.46078431372549017,0.5392156862745098,7,0.013725490196078431,64.30866206612423,10.970963023998355,13.575898650736432,11.418023490513043,3
212,1146,12,3,17.666666666666668,4.202830188679245,4.0,4,0.3333333333333333,0.016579406631762654,111,0.5235849056603774,0.15566037735849056,0.4386792452830189,0.5613207547169812,3,0.014150943396226415,69.10666666666668,8.092037037037038,11.088888888888889,10.686352973137792,3
541,2891,31,7,17.451612903225808,4.2347504621072085,4.428571428571429,9,0.2903225806451613,0.014527845036319613,196,0.36229205175600737,0.1756007393715342,0.49168207024029575,0.5083179297597042,20,0.036968576709796676,70.39541580349217,7.808102989050017,11.435927789286772,11.46468446583662,3
353,2035,23,5,15.347826086956522,4.61756373937677,4.6,13,0.5652173913043478,0.02506142506142506,168,0.47592067988668557,0.22096317280453256,0.5240793201133145,0.47592067988668557,4,0.0113314447592068,64.47678655006777,8.078938292893216,9.42524941495258,10.276239652853532,3
307,1831,21,4,14.619047619047619,4.833876221498372,5.25,6,0.2857142857142857,0.022938285090114693,148,0.4820846905537459,0.28013029315960913,0.5244299674267101,0.4755700325732899,5,0.016286644951140065,59.152558823529404,8.809679738562092,10.825882352941179,11.602472056035307,3
237,1365,22,5,10.772727272727273,4.4641350210970465,4.4,13,0.5909090909090909,0.047619047619047616,131,0.5527426160337553,0.2109704641350211,0.5316455696202531,0.46835443037974683,3,0.012658227848101266,68.39666666666669,6.49939209726444,9.58257345491388,10.290406445055957,3
324,1880,13,5,24.923076923076923,4.709876543209877,2.6,7,0.5384615384615384,0.018085106382978722,173,0.5339506172839507,0.23765432098765432,0.5216049382716049,0.4783950617283951,13,0.040123456790123455,49.33846153846159,12.339871794871794,13.95897435897436,12.635684438814376,3
448,2371,14,6,32.0,4.216517857142857,2.3333333333333335,5,0.35714285714285715,0.011387600168705188,153,0.34151785714285715,0.140625,0.4732142857142857,0.5267857142857143,12,0.026785714285714284,58.77386363636367,13.064480519480519,16.07861894203358,13.25671669890799,3
330,1768,27,1,12.222222222222221,4.218181818181818,27.0,3,0.1111111111111111,0.02828054298642534,136,0.4121212121212121,0.12121212121212122,0.49696969696969695,0.503030303030303,12,0.03636363636363636,77.92266746987953,5.689802409638556,6.878265060240963,7.976525956113203,3
488,2867,29,4,16.82758620689655,4.674180327868853,7.25,21,0.7241379310344828,0.019532612486920127,239,0.48975409836065575,0.20491803278688525,0.5389344262295082,0.4610655737704918,9,0.018442622950819672,62.4225963488844,8.775902636916836,11.18133874239351,11.277492542979427,3
241,1371,10,3,24.1,4.605809128630705,3.3333333333333335,3,0.3,0.010211524434719184,135,0.5601659751037344,0.1950207468879668,0.4896265560165975,0.5103734439834025,0,0.0,53.624066115702504,11.791801652892563,13.977520661157024,12.857556352371635,3
263,1577,15,7,17.533333333333335,4.745247148288973,2.142857142857143,11,0.7333333333333333,0.02219403931515536,146,0.5551330798479087,0.2623574144486692,0.5399239543726235,0.4600760456273764,3,0.011406844106463879,48.20022972116604,11.981074144486694,15.610773130544993,14.672994598444667,3
354,1864,22,4,16.09090909090909,4.161016949152542,5.5,7,0.3181818181818182,0.016094420600858368,157,0.4435028248587571,0.14689265536723164,0.4604519774011299,0.53954802259887,11,0.031073446327683617,75.59123879641487,6.724590268886043,9.271446862996159,9.573946990214175,3
415,2282,13,4,31.923076923076923,4.387951807228916,3.25,18,1.3846153846153846,0.02716914986853637,177,0.42650602409638555,0.1493975903614458,0.43614457831325304,0.563855421686747,18,0.043373493975903614,53.50774635036498,14.304726277372264,16.81435523114355,13.023866798666859,3
222,1265,13,11,17.076923076923077,4.536036036036036,1.1818181818181819,7,0.5384615384615384,0.01818181818181818,113,0.509009009009009,0.18468468468468469,0.5495495495495496,0.45045045045045046,6,0.02702702702702703,66.21898601398603,8.22727272727273,10.76923076923077,11.051253699011982,3
287,1637,16,3,17.9375,4.557491289198606,5.333333333333333,7,0.4375,0.020158827122785584,135,0.47038327526132406,0.2229965156794425,0.4912891986062718,0.5087108013937283,4,0.013937282229965157,64.00396126760567,8.741654929577464,10.198591549295775,10.270032843473604,3
296,1622,15,4,19.733333333333334,4.35472972972973,3.75,6,0.4,0.01911220715166461,139,0.46959459459459457,0.15878378378378377,0.5101351351351351,0.48986486486486486,6,0.02027027027027027,63.844858757062156,9.240000000000002,11.12090395480226,10.65027996061788,3
333,1845,21,8,15.857142857142858,4.393393393393393,2.625,0,0.0,0.016260162601626018,160,0.4804804804804805,0.17417417417417416,0.5075075075075075,0.4924924924924925,7,0.021021021021021023,72.55218875502011,7.06728055077453,9.456339644291452,10.181067101454742,3
256,1332,10,13,25.6,4.0546875,0.7692307692307693,3,0.3,0.00975975975975976,124,0.484375,0.14453125,0.4765625,0.5234375,13,0.05078125,67.50021875,10.20415625,13.677500000000002,11.979248473330827,3
202,1274,17,4,11.882352941176471,5.089108910891089,4.25,10,0.5882352941176471,0.02197802197802198,126,0.6237623762376238,0.28217821782178215,0.6089108910891089,0.3910891089108911,6,0.0297029702970297,52.63236728837879,8.913916786226686,9.701578192252512,10.96692322722173,3
412,2292,27,7,15.25925925925926,4.463592233009709,3.857142857142857,6,0.2222222222222222,0.02443280977312391,180,0.4368932038834951,0.18446601941747573,0.5218446601941747,0.47815533980582525,4,0.009708737864077669,66.29591210613602,7.711194029850748,10.035157545605308,10.421817524276452,3
405,2278,24,4,16.875,4.506172839506172,6.0,10,0.4166666666666667,0.020632133450395083,183,0.45185185185185184,0.19506172839506172,0.5234567901234568,0.4765432098765432,11,0.027160493827160494,63.78155187257859,8.726771416272062,10.887473095135602,11.467429594995785,3
452,2671,31,8,14.580645161290322,4.710176991150442,3.875,14,0.45161290322580644,0.020217147135904157,189,0.41814159292035397,0.22566371681415928,0.5663716814159292,0.4336283185840708,14,0.030973451327433628,58.47310190130315,8.733756319874672,9.55377056184576,10.807276698888536,3
349,2108,18,4,19.38888888888889,4.893982808022923,4.5,16,0.8888888888888888,0.017077798861480076,208,0.5959885386819485,0.24641833810888253,0.5730659025787965,0.4269340974212034,10,0.02865329512893983,57.0566031746032,10.131619047619047,12.12063492063492,11.750952952430431,3
420,2238,23,5,18.26086956521739,4.230952380952381,4.6,2,0.08695652173913043,0.013404825737265416,189,0.45,0.13333333333333333,0.45714285714285713,0.5428571428571428,46,0.10952380952380952,73.56782608695653,7.567005858772742,9.626025285229726,9.085049710711278,3
398,2115,28,5,14.214285714285714,4.165829145728643,5.6,10,0.35714285714285715,0.026004728132387706,179,0.44974874371859297,0.11809045226130653,0.46733668341708545,0.5326633165829145,8,0.020100502512562814,77.43924242424245,6.101717171717173,7.684848484848485,8.626192665926032,3
195,1217,10,3,19.5,5.056410256410256,3.3333333333333335,7,0.7,0.01725554642563681,108,0.5538461538461539,0.3333333333333333,0.48717948717948717,0.5128205128205128,2,0.010256410256410256,43.17436363636364,12.156242424242429,15.192727272727275,14.554592549557764,3
362,1848,19,5,19.05263157894737,3.972375690607735,3.8,21,1.105263157894737,0.024891774891774892,156,0.430939226519337,0.1298342541436464,0.47790055248618785,0.5220994475138122,2,0.0055248618784530384,70.37548476454295,8.163490304709143,11.034903047091413,10.65788864234165,3
334,1710,22,3,15.181818181818182,4.0,7.333333333333333,10,0.45454545454545453,0.02280701754385965,152,0.4550898203592814,0.09281437125748503,0.46407185628742514,0.5359281437125748,5,0.014970059880239521,82.0027000544366,5.593184540010888,7.39009254218835,8.150884317080207,3
287,1534,15,6,19.133333333333333,4.160278745644599,2.5,20,1.3333333333333333,0.028683181225554105,153,0.5331010452961672,0.13937282229965156,0.45993031358885017,0.5400696864111498,14,0.04878048780487805,74.86964475201847,7.6028927335640155,10.059607843137256,9.558583805096642,3
270,1441,11,6,24.545454545454547,4.2407407407407405,1.8333333333333333,3,0.2727272727272727,0.01179736294240111,117,0.43333333333333335,0.14814814814814814,0.4703703703703704,0.5296296296296297,7,0.025925925925925925,59.40803030303033,11.070875420875424,12.33670033670034,11.022393298168332,3
394,2352,28,5,14.071428571428571,4.715736040609137,5.6,34,1.2142857142857142,0.03741496598639456,197,0.5,0.2436548223350254,0.5228426395939086,0.47715736040609136,6,0.015228426395939087,64.8295405179616,7.888120300751883,10.422389306599834,11.20814326018867,3
270,1502,16,4,16.875,4.444444444444445,4.0,10,0.625,0.019307589880159785,116,0.42962962962962964,0.1925925925925926,0.4925925925925926,0.5074074074074074,7,0.025925925925925925,71.26687500000004,7.51125,10.00925925925926,9.827888789773866,3
316,1823,23,5,13.73913043478261,4.5474683544303796,4.6,9,0.391304347826087,0.021393307734503566,158,0.5,0.18670886075949367,0.5316455696202531,0.46835443037974683,9,0.028481012658227847,72.2864273995078,6.61160787530763,7.668799562482909,8.456263369488248,3
295,1764,14,5,21.071428571428573,4.7322033898305085,2.8,16,1.1428571428571428,0.030612244897959183,153,0.5186440677966102,0.24745762711864408,0.5559322033898305,0.4440677966101695,4,0.013559322033898305,52.936040268456395,11.163777564717162,14.420325982742089,13.484332010920856,3
247,1368,16,4,15.4375,4.327935222672065,4.0,25,1.5625,0.04093567251461988,142,0.5748987854251012,0.14979757085020243,0.5182186234817814,0.4817813765182186,4,0.016194331983805668,70.43544217687077,7.492653061224495,9.472108843537415,10.355215969177355,3
344,1866,17,4,20.235294117647058,4.3023255813953485,4.25,23,1.3529411764705883,0.021436227224008574,158,0.45930232558139533,0.1511627906976744,0.47674418604651164,0.5232558139534884,8,0.023255813953488372,68.49559507523942,8.732578659370727,10.884815321477427,10.96692322722173,3
333,1876,18,4,18.5,4.501501501501502,4.5,23,1.2777777777777777,0.027185501066098083,175,0.5255255255255256,0.16516516516516516,0.5105105105105106,0.4894894894894895,12,0.036036036036036036,68.39804054054055,8.315090090090091,10.883483483483484,10.74609503303851,3
321,1833,9,6,35.666666666666664,4.635514018691588,1.5,4,0.4444444444444444,0.010365521003818877,120,0.37383177570093457,0.22741433021806853,0.5015576323987538,0.4984423676012461,4,0.012461059190031152,43.357822636300924,16.099979296066255,18.783160800552107,15.322241378113624,3
299,1684,18,4,16.61111111111111,4.364548494983278,4.5,18,1.0,0.030285035629453682,151,0.5050167224080268,0.20735785953177258,0.5284280936454849,0.47157190635451507,4,0.013377926421404682,66.40233333333336,8.138000000000002,11.200000000000001,11.095144083064902,3
498,2783,26,4,19.153846153846153,4.443775100401607,6.5,25,0.9615384615384616,0.026949335249730505,204,0.40963855421686746,0.15863453815261044,0.4799196787148594,0.5200803212851406,23,0.04618473895582329,68.46588180112575,8.410731707317073,10.658661663539712,10.644714898841764,3
332,1854,19,4,17.473684210526315,4.442771084337349,4.75,8,0.42105263157894735,0.01564185544768069,174,0.5240963855421686,0.18674698795180722,0.5813253012048193,0.4186746987951807,29,0.08734939759036145,65.70073841319719,8.475569520816972,11.948153967007071,11.520995432342353,3
313,1580,18,6,17.38888888888889,3.9201277955271565,3.0,10,0.5555555555555556,0.02088607594936709,133,0.4249201277955272,0.10862619808306709,0.4696485623003195,0.5303514376996805,2,0.006389776357827476,80.54990799716916,6.35791932059448,8.506440198159943,9.2995712137729,3
352,1901,20,5,17.6,4.309659090909091,4.0,4,0.2,0.01841136244082062,134,0.3806818181818182,0.17045454545454544,0.4715909090909091,0.5284090909090909,8,0.022727272727272728,68.70754912023463,7.911699413489739,10.22175953079179,10.355215969177355,3
349,2000,24,22,14.541666666666666,4.590257879656161,1.0909090909090908,4,0.16666666666666666,0.0155,179,0.5128939828080229,0.16045845272206305,0.5558739255014327,0.44412607449856734,11,0.03151862464183381,68.86405172413795,7.25637931034483,9.937931034482759,10.504223727775692,3
418,2450,11,5,38.0,4.7727272727272725,2.2,8,0.7272727272727273,0.015102040816326531,163,0.38995215311004783,0.2583732057416268,0.569377990430622,0.430622009569378,19,0.045454545454545456,29.221459330143546,18.62377990430622,20.654545454545456,17.845785984406827,3
390,2061,14,4,27.857142857142858,4.1923076923076925,3.5,16,1.1428571428571428,0.015526443474041727,164,0.4205128205128205,0.12051282051282051,0.49743589743589745,0.5025641025641026,4,0.010256410256410256,66.41076923076925,10.916849816849819,12.886446886446889,10.914260884657427,3
277,1647,17,4,16.294117647058822,4.7797833935018055,4.25,12,0.7058823529411765,0.026108075288403157,125,0.45126353790613716,0.24548736462093862,0.5090252707581228,0.49097472924187724,7,0.02527075812274368,60.48799699441824,8.826539287247748,11.84851867754401,12.214722805548657,3
290,1633,15,4,19.333333333333332,4.506896551724138,3.75,1,0.06666666666666667,0.011022657685241886,140,0.4827586206896552,0.2103448275862069,0.5,0.5,2,0.006896551724137931,56.98934703196349,10.146520547945205,13.266118721461186,12.80148409080202,3
330,1662,21,3,15.714285714285714,3.966666666666667,7.0,1,0.047619047619047616,0.013838748495788207,140,0.42424242424242425,0.08787878787878788,0.47878787878787876,0.5212121212121212,4,0.012121212121212121,81.93045454545458,5.7355411255411255,8.225108225108226,8.841846274778883,3
315,1689,22,5,14.318181818181818,4.041269841269841,4.4,12,0.5454545454545454,0.03374777975133215,141,0.44761904761904764,0.13015873015873017,0.4634920634920635,0.5365079365079365,5,0.015873015873015872,81.36853190287975,5.546132128740826,8.214793901750424,8.438071523408619,3
465,2427,21,4,22.142857142857142,4.161290322580645,5.25,4,0.19047619047619047,0.010300782859497322,173,0.3720430107526882,0.16774193548387098,0.43010752688172044,0.5698924731182796,8,0.017204301075268817,68.10322580645163,9.261198156682031,12.03993855606759,11.39826440760492,3
505,2775,28,5,18.035714285714285,4.322772277227723,5.6,19,0.6785714285714286,0.02666666666666667,238,0.47128712871287126,0.1782178217821782,0.5128712871287129,0.4871287128712871,14,0.027722772277227723,69.80195312500001,8.066037946428573,10.204910714285715,9.957137785484202,3
365,2087,24,4,15.208333333333334,4.495890410958904,6.0,18,0.75,0.023957834211787255,152,0.41643835616438357,0.2,0.4849315068493151,0.5150684931506849,1,0.0027397260273972603,59.92195121951221,9.266651180797524,11.581416957026715,12.031772070788634,3
303,1801,28,5,10.821428571428571,4.683168316831683,5.6,17,0.6071428571428571,0.03220433092726263,163,0.5379537953795379,0.21122112211221122,0.5775577557755776,0.42244224422442245,2,0.006600660066006601,63.866029411764714,7.066260504201683,8.946591970121382,10.208560254849942,3
315,1742,14,5,22.5,4.390476190476191,2.8,12,0.8571428571428571,0.022388059701492536,134,0.4253968253968254,0.1746031746031746,0.5015873015873016,0.4984126984126984,3,0.009523809523809525,63.263626373626394,10.454920634920637,13.882783882783883,13.023866798666859,3
389,2210,16,5,24.3125,4.570694087403599,3.2,12,0.75,0.017194570135746608,173,0.44473007712082263,0.22879177377892032,0.5244215938303342,0.4755784061696658,9,0.02313624678663239,60.772280927835055,10.807190721649484,12.380412371134021,11.080906280650957,3
231,1217,11,4,21.0,4.134199134199134,2.75,4,0.36363636363636365,0.0238290879211175,120,0.5194805194805194,0.1471861471861472,0.4675324675324675,0.5324675324675324,7,0.030303030303030304,71.21835968379449,8.5201976284585,11.49407114624506,11.022393298168332,3
306,1628,13,5,23.53846153846154,4.196078431372549,2.6,2,0.15384615384615385,0.01167076167076167,145,0.4738562091503268,0.11764705882352941,0.49019607843137253,0.5098039215686274,5,0.016339869281045753,68.5576054590571,9.620967741935484,10.957816377171216,9.265573868473778,3
290,1562,28,5,10.357142857142858,4.189655172413793,5.6,4,0.14285714285714285,0.03137003841229193,142,0.4896551724137931,0.13793103448275862,0.4206896551724138,0.5793103448275863,6,0.020689655172413793,78.0919230769231,5.11888888888889,8.041880341880342,9.162432508145574,3
364,2150,21,3,17.333333333333332,4.8076923076923075,7.0,5,0.23809523809523808,0.01627906976744186,173,0.47527472527472525,0.23626373626373626,0.5274725274725275,0.4725274725274725,4,0.01098901098901099,59.087820512820514,9.323846153846159,11.988278388278388,12.031772070788634,3
347,1961,33,4,10.515151515151516,4.449567723342939,8.25,4,0.12121212121212122,0.021927587965323816,206,0.5936599423631124,0.17002881844380405,0.5504322766570605,0.4495677233429395,17,0.04899135446685879,76.55890151515155,5.230795454545454,7.107575757575758,8.296473431620573,3
597,3316,29,3,20.586206896551722,4.407035175879397,9.666666666666666,11,0.3793103448275862,0.019601930036188178,261,0.4371859296482412,0.16080402010050251,0.49413735343383586,0.5058626465661642,16,0.02680067001675042,64.88319723618093,9.506261665470209,12.213663555874612,11.629938488055164,3
256,1379,13,4,19.692307692307693,4.26953125,3.25,3,0.23076923076923078,0.021754894851341553,147,0.57421875,0.1484375,0.5078125,0.4921875,16,0.0625,73.53032026339422,7.914552529182881,10.242322657886861,9.466822959209587,3
741,4496,40,10,18.525,4.912280701754386,4.0,30,0.75,0.021129893238434165,286,0.38596491228070173,0.29284750337381915,0.5276653171390013,0.47233468286099867,34,0.04588394062078273,47.05145996860284,11.378503401360547,15.048665620094193,14.295309363005046,3
278,1496,17,5,16.352941176470587,4.255395683453237,3.4,13,0.7647058823529411,0.022727272727272728,137,0.49280575539568344,0.14388489208633093,0.4712230215827338,0.5287769784172662,3,0.01079136690647482,72.40621788065408,7.208027181991934,9.11692503716288,9.773937934552698,3
242,1401,19,6,12.736842105263158,4.578512396694215,3.1666666666666665,16,0.8421052631578947,0.027837259100642397,150,0.6198347107438017,0.19834710743801653,0.5743801652892562,0.4256198347107438,6,0.024793388429752067,68.01890589569165,7.153435374149662,8.383219954648526,9.586721724236664,3
354,1863,23,24,15.391304347826088,4.076271186440678,0.9583333333333334,10,0.43478260869565216,0.01932367149758454,171,0.4830508474576271,0.12994350282485875,0.4632768361581921,0.536723163841808,5,0.014124293785310734,78.24535173424523,6.190903761602346,8.775574010747436,9.54385415503706,3
329,1984,25,4,13.16,4.677811550151976,6.25,5,0.2,0.019153225806451613,198,0.601823708206687,0.22796352583586627,0.5562310030395137,0.44376899696048633,7,0.02127659574468085,62.287743558282216,7.8109374233128825,10.001276073619632,10.962023055922355,3
283,1593,11,4,25.727272727272727,4.4522968197879855,2.75,8,0.7272727272727273,0.018832391713747645,153,0.5406360424028268,0.2226148409893993,0.5017667844522968,0.49823321554770317,9,0.03180212014134275,56.798846153846185,11.796153846153846,14.036363636363639,12.719339214003902,3
417,2267,29,4,14.379310344827585,4.3405275779376495,7.25,5,0.1724137931034483,0.016321129245699163,153,0.3669064748201439,0.1342925659472422,0.46522781774580335,0.5347721822541966,5,0.011990407673860911,73.75942446043167,6.543590506904824,8.821268502439429,9.494082108488547,3
291,1563,12,4,24.25,4.202749140893471,3.0,11,0.9166666666666666,0.02111324376199616,162,0.5567010309278351,0.14432989690721648,0.5773195876288659,0.422680412371134,14,0.048109965635738834,67.38619845360824,9.884682130584192,12.036769759450173,10.504223727775692,3
359,1936,21,5,17.095238095238095,4.306406685236769,4.2,7,0.3333333333333333,0.014979338842975207,148,0.41225626740947074,0.12813370473537605,0.44846796657381616,0.5515320334261838,2,0.005571030640668524,73.5020577281192,7.242370311252994,9.165416334131418,9.485657244295059,3
472,2655,19,5,24.842105263157894,4.540254237288136,3.8,14,0.7368421052631579,0.015065913370998116,190,0.4025423728813559,0.18008474576271186,0.5021186440677966,0.4978813559322034,24,0.05084745762711865,53.309732757614654,11.720583498657955,13.04240868246003,12.209160746376906,3
515,2755,27,5,19.074074074074073,4.190291262135922,5.4,24,0.8888888888888888,0.029764065335753175,217,0.42135922330097086,0.1436893203883495,0.4815533980582524,0.5184466019417475,1,0.001941747572815534,68.89598852901486,8.551393762183238,10.855270655270656,10.80991298281133,3
331,1861,21,4,15.761904761904763,4.492447129909365,5.25,9,0.42857142857142855,0.017195056421278884,159,0.48036253776435045,0.15709969788519637,0.5438066465256798,0.4561933534743202,3,0.00906344410876133,74.17669660678644,6.86435414884517,8.996635300826918,9.362217197678863,3
341,1882,11,3,31.0,4.44574780058651,3.6666666666666665,7,0.6363636363636364,0.013283740701381509,162,0.4750733137829912,0.16129032258064516,0.4780058651026393,0.5219941348973607,12,0.03519061583577713,55.52933155080214,13.192780748663104,15.657754010695186,13.172668634160413,3
269,1405,16,4,16.8125,4.115241635687732,4.0,5,0.3125,0.02206405693950178,113,0.4200743494423792,0.11152416356877323,0.4758364312267658,0.5241635687732342,1,0.0037174721189591076,76.19195895522388,6.79324626865672,9.386567164179104,9.827888789773866,3
336,1884,14,3,24.0,4.505952380952381,4.666666666666667,12,0.8571428571428571,0.01592356687898089,147,0.4375,0.17559523809523808,0.4851190476190476,0.5148809523809523,3,0.008928571428571428,59.644636498516334,10.920112335735482,14.4950402713014,13.371156678226303,3
414,2431,14,1,29.571428571428573,4.7270531400966185,14.0,22,1.5714285714285714,0.023447141094199916,180,0.43478260869565216,0.2391304347826087,0.5314009661835749,0.46859903381642515,8,0.01932367149758454,49.54171686746989,13.713364888123923,14.652323580034423,12.785403640627713,3
231,1301,17,4,13.588235294117647,4.380952380952381,4.25,9,0.5294117647058824,0.02382782475019216,125,0.5411255411255411,0.20346320346320346,0.4675324675324675,0.5324675324675324,4,0.017316017316017316,65.3356075643777,7.764053111587984,10.116845493562233,10.411451182825502,3
402,2207,16,5,25.125,4.32089552238806,3.2,18,1.125,0.02492070684186679,202,0.5024875621890548,0.17412935323383086,0.5199004975124378,0.48009950248756217,4,0.009950248756218905,60.905000000000015,10.975000000000001,13.700000000000001,12.494345625449444,3
270,1516,18,16,15.0,4.425925925925926,1.125,6,0.3333333333333333,0.023746701846965697,136,0.5037037037037037,0.18518518518518517,0.5333333333333333,0.4666666666666667,3,0.011111111111111112,67.43962308963239,7.565470879801737,9.84394878149525,10.62613485830676,3
297,1638,21,4,14.142857142857142,4.286195286195286,5.25,12,0.5714285714285714,0.021367521367521368,146,0.49158249158249157,0.1919191919191919,0.4713804713804714,0.5286195286195287,6,0.020202020202020204,72.06119686800896,6.733547459252154,9.031895174177054,9.84237267433701,3
376,2336,24,7,15.666666666666666,5.023936170212766,3.4285714285714284,15,0.625,0.02226027397260274,186,0.4946808510638298,0.28191489361702127,0.5851063829787234,0.4148936170212766,17,0.04521276595744681,50.94417184265012,10.236496434322522,12.499838969404188,12.278803558989836,3
367,1949,27,6,13.592592592592593,4.201634877384196,4.5,1,0.037037037037037035,0.014879425346331451,145,0.39509536784741145,0.16076294277929154,0.5122615803814714,0.4877384196185286,4,0.010899182561307902,80.31535775557575,5.433726914925828,8.052840851750934,9.250403328903449,3
251,1343,14,4,17.928571428571427,4.2151394422310755,3.5,12,0.8571428571428571,0.026061057334326135,111,0.44223107569721115,0.13147410358565736,0.5179282868525896,0.4820717131474104,4,0.01593625498007968,69.65821713147412,7.997361980648833,10.677404667046101,10.451354775682146,3
383,2140,18,17,21.27777777777778,4.443864229765013,1.0588235294117647,11,0.6111111111111112,0.01588785046728972,162,0.42297650130548303,0.19321148825065274,0.47780678851174935,0.5221932114882507,6,0.015665796344647518,60.166172193135566,10.139546247818501,11.73496218731821,11.538034831475386,3
361,1995,16,4,22.5625,4.437673130193906,4.0,11,0.6875,0.013533834586466165,188,0.5207756232686981,0.16897506925207756,0.5401662049861495,0.4598337950138504,23,0.06371191135734072,57.251109187442296,12.747486149584493,14.360203139427519,11.37473899888905,3
287,1571,10,3,28.7,4.428571428571429,3.3333333333333335,1,0.1,0.0076384468491406746,145,0.5052264808362369,0.1951219512195122,0.5226480836236934,0.47735191637630664,12,0.041811846689895474,55.37348954703832,12.665717770034842,14.12808362369338,11.792908689023552,3
587,3111,31,5,18.93548387096774,4.218057921635435,6.2,7,0.22580645161290322,0.019286403085824494,232,0.39522998296422485,0.151618398637138,0.44804088586030666,0.5519591141396933,9,0.015332197614991482,72.69922904903002,7.743209034494331,10.287448985296585,10.088038600937136,3
360,1978,23,3,15.652173913043478,4.355555555555555,7.666666666666667,12,0.5217391304347826,0.024266936299292215,192,0.5333333333333333,0.18055555555555555,0.49444444444444446,0.5055555555555555,6,0.016666666666666666,73.09245867768597,7.1634573002754856,9.354820936639118,10.018931242160765,3
383,1846,15,3,25.533333333333335,3.8093994778067883,5.0,12,0.8,0.016793066088840736,139,0.3629242819843342,0.04960835509138381,0.48825065274151436,0.5117493472584856,6,0.015665796344647518,76.51329411764706,8.499843137254903,10.976582633053223,9.558583805096642,3
532,2744,26,7,20.46153846153846,3.9586466165413534,3.7142857142857144,12,0.46153846153846156,0.020043731778425656,226,0.424812030075188,0.09586466165413533,0.4398496240601504,0.5601503759398496,13,0.02443609022556391,78.23970972423805,7.410566037735851,9.512336719883889,8.9506702679445,3
250,1326,15,14,16.666666666666668,4.12,1.0714285714285714,7,0.4666666666666667,0.01809954751131222,137,0.548,0.128,0.472,0.528,12,0.048,78.66157142857145,6.46120634920635,9.25968253968254,9.210782826323648,3
297,1576,24,5,12.375,4.121212121212121,4.8,21,0.875,0.03299492385786802,159,0.5353535353535354,0.15151515151515152,0.4478114478114478,0.5521885521885522,2,0.006734006734006734,79.76528409090912,5.207967171717176,7.23956228956229,8.07648339933343,3
403,2330,21,6,19.19047619047619,4.635235732009925,3.5,7,0.3333333333333333,0.012875536480686695,175,0.43424317617866004,0.23076923076923078,0.5012406947890818,0.4987593052109181,11,0.02729528535980149,62.664285714285725,9.239047619047621,11.610025062656641,11.39826440760492,3
285,1654,15,4,19.0,4.680701754385965,3.75,10,0.6666666666666666,0.020556227327690448,145,0.5087719298245614,0.22105263157894736,0.5157894736842106,0.4842105263157895,7,0.02456140350877193,54.759920187793455,10.32498591549296,12.643755868544602,12.221763196225844,3
218,1130,9,3,24.22222222222222,4.041284403669724,3.0,8,0.8888888888888888,0.017699115044247787,105,0.481651376146789,0.12385321100917432,0.48623853211009177,0.5137614678899083,2,0.009174311926605505,72.42843434343438,9.22969696969697,10.868686868686869,8.515128840125781,3
260,1475,17,6,15.294117647058824,4.507692307692308,2.8333333333333335,12,0.7058823529411765,0.02169491525423729,132,0.5076923076923077,0.2,0.5192307692307693,0.4807692307692308,8,0.03076923076923077,66.68916289592761,7.757013574660636,9.656108597285069,10.328600350310264,3
322,1880,28,6,11.5,4.720496894409938,4.666666666666667,2,0.07142857142857142,0.01702127659574468,160,0.4968944099378882,0.2267080745341615,0.5062111801242236,0.4937888198757764,12,0.037267080745341616,62.85690015479875,7.357844980097305,10.434719150818223,10.914260884657427,3
388,2223,21,4,18.476190476190474,4.569587628865979,5.25,13,0.6190476190476191,0.019343229869545658,185,0.47680412371134023,0.21391752577319587,0.5644329896907216,0.43556701030927836,9,0.023195876288659795,59.719708654670086,9.531457950789576,11.522634349369568,11.20814326018867,3
329,1712,21,6,15.666666666666666,4.100303951367781,3.5,1,0.047619047619047616,0.014602803738317757,140,0.425531914893617,0.1094224924012158,0.48632218844984804,0.513677811550152,2,0.0060790273556231,76.03409090909093,6.5579653679653696,8.83116883116883,9.485657244295059,3
262,1569,16,5,16.375,4.729007633587786,3.2,13,0.8125,0.022307202039515615,147,0.5610687022900763,0.24045801526717558,0.5801526717557252,0.4198473282442748,5,0.019083969465648856,54.973541666666705,9.783842592592595,11.935185185185185,12.273956033585218,3
382,2095,12,3,31.833333333333332,4.4162303664921465,4.0,6,0.5,0.015274463007159905,195,0.5104712041884817,0.18586387434554974,0.45287958115183247,0.5471204188481675,3,0.007853403141361256,50.72469022687612,14.092539267015706,15.665270506108204,13.295006501635747,3
326,1724,25,5,13.04,4.119631901840491,5.0,13,0.52,0.026102088167053363,166,0.50920245398773,0.1656441717791411,0.49079754601226994,0.50920245398773,9,0.027607361963190184,76.61935045871563,5.821903363914377,7.923131498470949,9.065960079200115,3
462,2376,30,4,15.4,4.021645021645021,7.5,14,0.4666666666666667,0.023989898989898988,213,0.461038961038961,0.12337662337662338,0.48268398268398266,0.5173160173160173,10,0.021645021645021644,80.4286363636364,5.998861024033438,8.450335871025528,9.40505699530331,3
411,2222,9,6,45.666666666666664,4.350364963503649,1.5,3,0.3333333333333333,0.0054005400540054005,167,0.40632603406326034,0.19464720194647203,0.48175182481751827,0.5182481751824818,22,0.0535279805352798,44.801581508515824,18.355279805352797,21.57566909975669,14.712192995108573,3
373,2036,13,5,28.692307692307693,4.345844504021447,2.6,9,0.6923076923076923,0.01669941060903733,188,0.5040214477211796,0.16890080428954424,0.4477211796246649,0.5522788203753352,3,0.00804289544235925,57.712965260545914,12.318387096774195,14.026799007444168,11.807384569943707,3
265,1397,19,4,13.947368421052632,4.09433962264151,4.75,3,0.15789473684210525,0.026485325697924122,113,0.42641509433962266,0.13584905660377358,0.4490566037735849,0.5509433962264151,6,0.022641509433962263,78.04464912280703,5.903957115009749,8.350877192982457,8.99025400887824,3
239,1421,14,3,17.071428571428573,4.807531380753138,4.666666666666667,5,0.35714285714285715,0.019704433497536946,117,0.4895397489539749,0.2175732217573222,0.606694560669456,0.39330543933054396,6,0.02510460251046025,54.997039748953995,9.82936341900777,11.01267184698147,11.35114627814755,3
299,1645,13,6,23.0,4.374581939799331,2.1666666666666665,17,1.3076923076923077,0.02553191489361702,138,0.46153846153846156,0.13712374581939799,0.5150501672240803,0.48494983277591974,10,0.033444816053511704,66.63448160535118,9.678996655518393,10.93913043478261,9.057496981413337,3
384,2271,30,11,12.8,4.708333333333333,2.727272727272727,14,0.4666666666666667,0.02157639806252752,181,0.4713541666666667,0.23697916666666666,0.5026041666666666,0.4973958333333333,11,0.028645833333333332,55.1173074412533,8.969708131294293,11.84218575158523,11.833174476933202,3
333,1841,8,3,41.625,4.501501501501502,2.6666666666666665,7,0.875,0.010863661053775122,164,0.4924924924924925,0.19519519519519518,0.5285285285285285,0.47147147147147145,4,0.012012012012012012,43.284976708074566,17.221164596273294,18.832919254658385,13.227904075235838,3
212,1204,16,5,13.25,4.5,3.2,8,0.5,0.029069767441860465,131,0.6179245283018868,0.19811320754716982,0.5424528301886793,0.45754716981132076,11,0.05188679245283019,69.46633807266983,7.064720379146923,9.228562401263824,9.725611199111238,3
494,2672,25,6,19.76,4.172064777327935,4.166666666666667,48,1.92,0.04266467065868264,166,0.3360323886639676,0.16194331983805668,0.4797570850202429,0.520242914979757,2,0.004048582995951417,71.86958967207573,8.338085699797158,10.73187964841109,10.02789654360092,3
220,1233,13,4,16.923076923076923,4.459090909090909,3.25,6,0.46153846153846156,0.025952960259529603,120,0.5454545454545454,0.18636363636363637,0.4909090909090909,0.509090909090909,8,0.03636363636363636,59.93889357218126,9.084109589041095,11.852616789603092,12.091993763477543,3
368,1960,22,5,16.727272727272727,4.195652173913044,4.4,9,0.4090909090909091,0.019387755102040816,185,0.5027173913043478,0.14673913043478262,0.4891304347826087,0.5108695652173914,7,0.019021739130434784,74.98292383292386,6.97882063882064,9.213759213759213,9.68802393474861,3
253,1352,13,4,19.46153846153846,4.256916996047431,3.25,3,0.23076923076923078,0.01257396449704142,123,0.48616600790513836,0.13043478260869565,0.4782608695652174,0.5217391304347826,3,0.011857707509881422,73.35247252747253,7.843809523809526,9.817338217338218,9.851270322608155,3
426,2246,25,5,17.04,4.194835680751174,5.0,2,0.08,0.012911843276936777,159,0.3732394366197183,0.13380281690140844,0.45774647887323944,0.5422535211267606,19,0.04460093896713615,81.07720377358494,6.164022641509433,8.48211320754717,8.364918446050245,3
339,1786,15,5,22.6,4.1976401179941005,3.0,1,0.06666666666666667,0.010078387458006719,138,0.40707964601769914,0.14454277286135694,0.4336283185840708,0.5663716814159292,1,0.0029498525073746312,68.1013097345133,9.375032448377581,10.455929203539824,10.203070172399654,3
328,1721,23,5,14.26086956521739,4.100609756097561,4.6,9,0.391304347826087,0.023242300987797792,150,0.4573170731707317,0.12195121951219512,0.4847560975609756,0.5152439024390244,5,0.01524390243902439,82.2254612937434,5.333324496288441,7.533616118769884,7.893859768569022,3
428,2287,19,4,22.526315789473685,4.02803738317757,4.75,16,0.8421052631578947,0.020988194140795804,210,0.49065420560747663,0.11448598130841121,0.4929906542056075,0.5070093457943925,16,0.037383177570093455,73.8782075818918,8.564041221935959,11.176101091890565,10.064110947511566,3
441,2481,23,5,19.17391304347826,4.489795918367347,4.6,19,0.8260869565217391,0.021362353889560662,157,0.35600907029478457,0.19501133786848074,0.47392290249433106,0.5260770975056689,3,0.006802721088435374,65.36531499556345,8.905513161786455,11.116277235531895,11.20814326018867,3
313,1636,15,5,20.866666666666667,4.159744408945687,3.0,3,0.2,0.014058679706601468,143,0.45686900958466453,0.16613418530351437,0.43769968051118213,0.5623003194888179,7,0.022364217252396165,71.053416400426,8.532664536741215,10.774781682641109,10.203070172399654,3
374,2163,12,5,31.166666666666668,4.679144385026738,2.4,13,1.0833333333333333,0.015256588072122053,121,0.3235294117647059,0.2540106951871658,0.5133689839572193,0.48663101604278075,3,0.008021390374331552,44.22917557932266,14.832914438502677,17.38645276292335,15.247664890283005,3
454,2378,17,5,26.705882352941178,4.127753303964758,3.4,9,0.5294117647058824,0.01471825063078217,190,0.4185022026431718,0.14317180616740088,0.44052863436123346,0.5594713656387665,10,0.022026431718061675,64.94086421352684,10.835866804871731,13.677947654832858,11.557038098267885,3
257,1423,11,6,23.363636363636363,4.299610894941634,1.8333333333333333,7,0.6363636363636364,0.016163035839775124,124,0.48249027237354086,0.14007782101167315,0.48249027237354086,0.5175097276264592,6,0.023346303501945526,64.15496530187373,10.228098542678694,13.344066620402499,11.911945987284739,3
264,1509,11,6,24.0,4.450757575757576,1.8333333333333333,22,2.0,0.026507620941020542,124,0.4696969696969697,0.17803030303030304,0.45454545454545453,0.5454545454545454,5,0.01893939393939394,54.36635551330801,12.209965779467684,15.691102661596958,13.968273953766033,3
307,1647,16,4,19.1875,4.250814332247557,4.0,14,0.875,0.021250758955676987,148,0.4820846905537459,0.15309446254071662,0.495114006514658,0.504885993485342,3,0.009771986970684038,68.86457349348537,8.42081229641694,10.932328990228013,10.550175099000144,3
362,2179,20,4,18.1,4.7845303867403315,5.0,18,0.9,0.02799449288664525,155,0.4281767955801105,0.2292817679558011,0.48066298342541436,0.5193370165745856,8,0.022099447513812154,53.90100913440628,10.487498912570683,14.143482673626217,13.280916534363119,3
245,1345,15,4,16.333333333333332,4.216326530612245,3.75,12,0.8,0.020074349442379184,118,0.4816326530612245,0.11020408163265306,0.5061224489795918,0.49387755102040815,3,0.012244897959183673,69.82314634146344,7.594617886178863,10.299837398373985,10.355215969177355,3
358,1937,26,5,13.76923076923077,4.293296089385475,5.2,13,0.5,0.021166752710376872,163,0.4553072625698324,0.1340782122905028,0.4748603351955307,0.5251396648044693,1,0.002793296089385475,75.83272301228186,6.093291316526614,8.96569704804999,9.851270322608155,3
341,1840,14,4,24.357142857142858,4.287390029325513,3.5,14,1.0,0.01956521739130435,180,0.5278592375366569,0.16715542521994134,0.4809384164222874,0.5190615835777126,12,0.03519061583577713,60.35648422090732,11.83819526627219,14.343589743589744,12.009924989830619,3
673,3748,31,10,21.70967741935484,4.390787518573552,3.1,43,1.3870967741935485,0.022678762006403414,281,0.4175334323922734,0.18573551263001487,0.4814264487369985,0.5185735512630015,7,0.010401188707280832,60.6695,10.386777777777777,12.377777777777778,11.538034831475386,3
282,1565,20,12,14.1,4.26241134751773,1.6666666666666667,6,0.3,0.02939297124600639,116,0.41134751773049644,0.1276595744680851,0.5141843971631206,0.4858156028368794,4,0.014184397163120567,80.59147727272726,5.434318181818185,8.40909090909091,9.120678840339163,3
300,1680,14,6,21.428571428571427,4.3566666666666665,2.3333333333333335,23,1.6428571428571428,0.03154761904761905,173,0.5766666666666667,0.16333333333333333,0.4766666666666667,0.5233333333333333,6,0.02,57.06013157894739,10.695018796992485,13.290977443609023,13.023866798666859,3
624,3261,32,5,19.5,4.078525641025641,6.4,17,0.53125,0.02667893284268629,260,0.4166666666666667,0.11217948717948718,0.5368589743589743,0.46314102564102566,19,0.030448717948717948,71.78465213683789,8.083390349117177,10.163101926163725,10.05249126169394,3
393,2280,20,6,19.65,4.7251908396946565,3.3333333333333335,6,0.3,0.012280701754385965,150,0.3816793893129771,0.23918575063613232,0.48091603053435117,0.5190839694656488,4,0.010178117048346057,62.89635687022903,9.36815648854962,10.913435114503818,11.20814326018867,3
306,1706,24,18,12.75,4.408496732026144,1.3333333333333333,6,0.25,0.01875732708089097,160,0.5228758169934641,0.1830065359477124,0.5228758169934641,0.477124183006536,10,0.032679738562091505,79.48989481541804,5.349890065146578,7.071064060803474,8.212053250817874,3
304,1654,19,4,16.0,4.345394736842105,4.75,8,0.42105263157894735,0.019347037484885126,131,0.4309210526315789,0.16776315789473684,0.5394736842105263,0.4605263157894737,1,0.003289473684210526,73.38109431995834,6.985909327774884,9.415250998784089,9.811843763644266,3
331,1786,16,3,20.6875,4.290030211480363,5.333333333333333,8,0.5,0.013997760358342666,145,0.4380664652567976,0.18731117824773413,0.4471299093655589,0.552870090634441,4,0.012084592145015106,63.40999716767372,9.554257930513597,11.779531722054381,12.161744961471694,3
480,2766,21,3,22.857142857142858,4.6875,7.0,12,0.5714285714285714,0.013376717281272595,224,0.4666666666666667,0.22708333333333333,0.5229166666666667,0.47708333333333336,8,0.016666666666666666,50.6900139178845,11.855609901580674,14.88581369917487,14.417755367225983,3
500,2769,22,6,22.727272727272727,4.322,3.6666666666666665,6,0.2727272727272727,0.015529071867100036,191,0.382,0.184,0.472,0.528,10,0.02,59.248246987951845,11.181240963855426,13.654779116465864,12.428777171816233,3
461,2610,30,5,15.366666666666667,4.440347071583514,6.0,28,0.9333333333333333,0.030268199233716476,217,0.47071583514099785,0.2017353579175705,0.4945770065075922,0.5054229934924078,12,0.026030368763557483,71.51253846153847,7.160239316239316,10.000683760683762,10.279547748218288,3
408,2214,16,3,25.5,4.166666666666667,5.333333333333333,38,2.375,0.032068654019873535,178,0.4362745098039216,0.13970588235294118,0.4338235294117647,0.5661764705882353,5,0.012254901960784314,63.383467625899286,11.324901678657074,13.99769784172662,11.473099999999999,3
388,2161,22,5,17.636363636363637,4.453608247422681,4.4,15,0.6818181818181818,0.017584451642757983,159,0.4097938144329897,0.1958762886597938,0.49742268041237114,0.5025773195876289,4,0.010309278350515464,66.39491565135897,8.379934395501408,10.662792877225868,10.92785942931718,3
230,1327,16,4,14.375,4.586956521739131,4.0,6,0.375,0.02260738507912585,124,0.5391304347826087,0.1956521739130435,0.5478260869565217,0.45217391304347826,8,0.034782608695652174,68.86405172413795,7.25637931034483,8.558620689655172,9.017664075816786,3
230,1303,11,2,20.90909090909091,4.573913043478261,5.5,3,0.2727272727272727,0.013814274750575594,119,0.5173913043478261,0.23043478260869565,0.5130434782608696,0.48695652173913045,6,0.02608695652173913,60.009976076555034,10.038373205741632,11.799681020733653,11.20814326018867,3
272,1534,28,5,9.714285714285714,4.422794117647059,5.6,5,0.17857142857142858,0.02803129074315515,133,0.4889705882352941,0.16544117647058823,0.4742647058823529,0.5257352941176471,4,0.014705882352941176,74.27542307692309,5.527000000000001,7.721678321678322,9.367010060515213,3
476,2488,23,6,20.695652173913043,4.098739495798319,3.8333333333333335,16,0.6956521739130435,0.01969453376205788,171,0.3592436974789916,0.13025210084033614,0.47478991596638653,0.5252100840336135,13,0.0273109243697479,72.45270713699755,8.30580803937654,10.05665846322122,9.43228470229965,3
341,1837,18,5,18.944444444444443,4.252199413489736,3.6,25,1.3888888888888888,0.026673924877517692,141,0.41348973607038125,0.1348973607038123,0.49853372434017595,0.501466275659824,0,0.0,76.46034783317043,7.300972629521016,10.158422939068101,9.994966539143718,3
403,2206,25,6,16.12,4.377171215880893,4.166666666666667,9,0.36,0.019038984587488667,153,0.37965260545905705,0.17369727047146402,0.48635235732009924,0.5136476426799007,5,0.01240694789081886,68.40128279301747,7.703505236907734,9.907271820448878,10.53366545652748,3
355,2049,16,3,22.1875,4.6,5.333333333333333,22,1.375,0.02244997559785261,195,0.5492957746478874,0.2028169014084507,0.5633802816901409,0.43661971830985913,1,0.0028169014084507044,57.53384242957749,10.746505281690144,12.255281690140846,12.494345625449444,3
327,1825,9,2,36.333333333333336,4.510703363914373,4.5,7,0.7777777777777778,0.012054794520547946,135,0.41284403669724773,0.19571865443425077,0.5045871559633027,0.4954128440366973,6,0.01834862385321101,43.93299145299147,16.102564102564106,19.36752136752137,15.903189008614273,3
258,1358,17,13,15.176470588235293,4.135658914728682,1.3076923076923077,0,0.0,0.012518409425625921,138,0.5348837209302325,0.14728682170542637,0.437984496124031,0.562015503875969,11,0.04263565891472868,75.74028843970022,6.479950034067681,8.719600272541449,9.168548406835143,3
307,1737,21,21,14.619047619047619,4.469055374592834,1.0,9,0.42857142857142855,0.01957397812320092,150,0.48859934853420195,0.15309446254071662,0.511400651465798,0.48859934853420195,3,0.009771986970684038,75.53837719298247,6.3195300751879735,8.553634085213032,9.107695989026187,3
295,1865,17,5,17.352941176470587,5.145762711864407,3.4,13,0.7647058823529411,0.023056300268096516,167,0.5661016949152542,0.28135593220338984,0.576271186440678,0.423728813559322,10,0.03389830508474576,51.3247942180285,10.382276651274847,12.218349728970086,12.214722805548657,3
272,1623,16,7,17.0,4.8161764705882355,2.2857142857142856,9,0.5625,0.019100431300061615,105,0.3860294117647059,0.2536764705882353,0.5661764705882353,0.4338235294117647,5,0.01838235294117647,54.850609897769544,9.785462360594796,10.293773234200744,10.270032843473604,3
368,1868,15,5,24.533333333333335,3.948369565217391,3.0,15,1.0,0.017130620985010708,124,0.33695652173913043,0.11684782608695653,0.453804347826087,0.5461956521739131,3,0.008152173913043478,71.815731884058,9.337239130434785,12.313333333333334,10.504223727775692,3
243,1274,15,5,16.2,4.0699588477366255,3.0,4,0.26666666666666666,0.018838304552590265,129,0.5308641975308642,0.11934156378600823,0.48559670781893005,0.51440329218107,5,0.0205761316872428,77.38900000000004,6.539333333333335,9.161626016260163,9.210782826323648,3
661,3567,47,6,14.063829787234043,4.293494704992436,7.833333333333333,7,0.14893617021276595,0.021026072329688814,208,0.3146747352496218,0.11497730711043873,0.4296520423600605,0.5703479576399395,4,0.006051437216338881,79.93086329545824,5.604424630637013,7.561991824122059,8.464757390353512,3
323,1868,20,4,16.15,4.442724458204334,5.0,3,0.15,0.012312633832976445,131,0.4055727554179567,0.15170278637770898,0.5356037151702786,0.46439628482972134,2,0.006191950464396285,71.06422222222223,7.371827160493826,9.19604938271605,9.642632912329528,3
506,2712,20,6,25.3,4.294466403162056,3.3333333333333335,8,0.4,0.01032448377581121,163,0.3221343873517787,0.15612648221343872,0.4644268774703557,0.5355731225296443,2,0.003952569169960474,64.11992687747038,10.601110671936762,13.203003952569171,12.161744961471694,3
349,1990,25,3,13.96,4.581661891117479,8.333333333333334,7,0.28,0.018090452261306532,162,0.46418338108882523,0.18051575931232092,0.5702005730659025,0.4297994269340974,14,0.04011461318051576,64.73106211180128,8.011068322981366,9.51552795031056,9.86748788616,3
536,2886,37,5,14.486486486486486,4.2388059701492535,7.4,20,0.5405405405405406,0.02772002772002772,274,0.5111940298507462,0.15485074626865672,0.5242537313432836,0.47574626865671643,10,0.018656716417910446,74.93570093457946,6.604699599465956,8.43204272363151,9.081645337920577,3
355,2167,21,5,16.904761904761905,4.614084507042254,4.2,19,0.9047619047619048,0.02168897092754961,188,0.5295774647887324,0.22816901408450704,0.5802816901408451,0.4197183098591549,14,0.03943661971830986,62.2741831916903,8.749283690813439,10.803129637123973,11.491704259439757,3
306,1833,20,5,15.3,4.735294117647059,4.0,10,0.5,0.028914348063284235,134,0.43790849673202614,0.24836601307189543,0.5,0.5,0,0.0,54.494295150199065,9.89554288816504,13.336880202678248,12.838901577100671,3
195,1050,20,5,9.75,4.235897435897436,4.0,1,0.05,0.030476190476190476,89,0.4564102564102564,0.13846153846153847,0.4512820512820513,0.5487179487179488,6,0.03076923076923077,74.16028846153847,5.337628205128208,8.207692307692309,9.120678840339163,3
387,2299,13,6,29.76923076923077,4.811369509043928,2.1666666666666665,6,0.46153846153846156,0.013919095258808177,190,0.4909560723514212,0.22997416020671835,0.5064599483204134,0.4935400516795866,32,0.082687338501292,46.34469391864681,14.095130890052356,16.04703987112364,13.875232112747142,3
351,2103,23,5,15.26086956521739,4.897435897435898,4.6,11,0.4782608695652174,0.01759391345696624,168,0.47863247863247865,0.2792022792022792,0.5783475783475783,0.42165242165242167,16,0.045584045584045586,53.13871113404724,9.48755257386144,10.846032769965166,10.940254816364696,3
435,2328,19,3,22.894736842105264,4.252873563218391,6.333333333333333,10,0.5263157894736842,0.015893470790378006,165,0.3793103448275862,0.15402298850574714,0.4896551724137931,0.5103448275862069,3,0.006896551724137931,67.87960072595283,9.479177253478525,10.99697519661222,10.426177893888326,3
436,2454,18,5,24.22222222222222,4.465596330275229,3.6,13,0.7222222222222222,0.017929910350448247,195,0.44724770642201833,0.16743119266055045,0.5068807339449541,0.49311926605504586,5,0.011467889908256881,58.58111623143884,11.078310291858681,13.423246287762417,12.060818386365153,3
360,1892,20,6,18.0,4.141666666666667,3.3333333333333335,3,0.15,0.016913319238900635,157,0.4361111111111111,0.11944444444444445,0.4527777777777778,0.5472222222222223,8,0.022222222222222223,78.83890373961219,6.74700692520776,8.438836565096954,8.982922981607832,3
232,1355,9,2,25.77777777777778,4.737068965517241,4.5,4,0.4444444444444444,0.00959409594095941,121,0.521551724137931,0.27155172413793105,0.5129310344827587,0.4870689655172414,4,0.017241379310344827,47.037307692307735,13.157692307692308,15.015384615384617,13.383793397009324,3
370,2275,15,5,24.666666666666668,4.859459459459459,3.0,10,0.6666666666666666,0.012747252747252748,108,0.2918918918918919,0.3162162162162162,0.4648648648648649,0.5351351351351351,6,0.016216216216216217,49.70960000000002,12.536533333333335,14.693333333333335,13.348371206891418,3
261,1452,17,3,15.352941176470589,4.436781609195402,5.666666666666667,8,0.47058823529411764,0.02134986225895317,134,0.5134099616858238,0.1724137931034483,0.4827586206896552,0.5172413793103449,2,0.007662835249042145,69.05176470588236,7.442091503267974,9.206310570205094,10.460712293590639,3
313,1672,17,3,18.41176470588235,4.255591054313099,5.666666666666667,5,0.29411764705882354,0.019736842105263157,143,0.45686900958466453,0.16932907348242812,0.4536741214057508,0.5463258785942492,4,0.012779552715654952,73.47161528276908,7.556281445053909,9.11829014564025,9.325443323948027,3
300,1595,24,4,12.5,4.163333333333333,6.0,2,0.08333333333333333,0.021316614420062698,138,0.46,0.15,0.48,0.52,4,0.013333333333333334,79.20861203090509,5.33736754966888,7.152538631346579,8.59863814320734,3
363,1952,33,5,11.0,4.201101928374656,6.6,9,0.2727272727272727,0.030225409836065573,188,0.5179063360881543,0.14049586776859505,0.4765840220385675,0.5234159779614325,5,0.013774104683195593,80.77293505903727,5.032226158038149,7.291153496821072,8.447377352677275,3
514,2853,37,6,13.891891891891891,4.410505836575876,6.166666666666667,17,0.4594594594594595,0.02698913424465475,206,0.40077821011673154,0.16926070038910507,0.49416342412451364,0.5058365758754864,6,0.011673151750972763,71.29765325011901,6.745726979425612,9.90788596815994,10.758950730005283,3
258,1484,14,4,18.428571428571427,4.624031007751938,3.5,3,0.21428571428571427,0.01549865229110512,120,0.46511627906976744,0.2364341085271318,0.5813953488372093,0.4186046511627907,4,0.015503875968992248,59.878017241379354,9.538951833607005,11.74833059660646,11.765960540728905,3
377,1940,18,7,20.944444444444443,4.013262599469496,2.5714285714285716,20,1.1111111111111112,0.026288659793814433,182,0.4827586206896552,0.10344827586206896,0.4588859416445623,0.5411140583554377,8,0.021220159151193633,79.76689411764708,7.613474509803925,9.890196078431373,8.124751697461797,3
331,1934,21,3,15.761904761904763,4.694864048338369,7.0,18,0.8571428571428571,0.024301964839710446,173,0.5226586102719033,0.256797583081571,0.5377643504531722,0.4622356495468278,13,0.03927492447129909,56.65237663645519,9.273154941735005,11.501136527118401,12.118629464883021,3
818,4582,46,5,17.782608695652176,4.418092909535452,9.2,43,0.9347826086956522,0.026189436927106065,300,0.36674816625916873,0.17237163814180928,0.5415647921760391,0.45843520782396086,5,0.006112469437652812,67.97257378609966,8.217816566169475,10.067534116153602,10.125756701596842,4
383,2373,20,5,19.15,5.039164490861618,4.0,21,1.05,0.02781289506953224,198,0.5169712793733682,0.30809399477806787,0.556135770234987,0.44386422976501305,4,0.010443864229765013,49.65168750000001,11.103729166666668,13.200833333333334,13.023866798666859,4
383,1992,24,7,15.958333333333334,4.120104438642298,3.4285714285714284,8,0.3333333333333333,0.01857429718875502,192,0.5013054830287206,0.1514360313315927,0.4360313315926893,0.5639686684073107,4,0.010443864229765013,76.02830645161293,6.505537634408601,8.673118279569893,9.075114841892004,4
570,3035,27,5,21.11111111111111,4.187719298245614,5.4,31,1.1481481481481481,0.026029654036243823,217,0.38070175438596493,0.1280701754385965,0.4631578947368421,0.5368421052631579,6,0.010526315789473684,67.00545067191085,9.111996066863327,11.627007538511965,11.05711978918934,4
581,3203,42,12,13.833333333333334,4.239242685025817,3.5,28,0.6666666666666666,0.034030596315953794,272,0.46815834767641995,0.14802065404475043,0.540447504302926,0.459552495697074,14,0.024096385542168676,76.13750000000003,6.099920634920636,8.99023199023199,9.899998389431051,4
792,4568,44,5,18.0,4.494949494949495,8.8,39,0.8863636363636364,0.0260507880910683,377,0.476010101010101,0.20454545454545456,0.5429292929292929,0.45707070707070707,23,0.02904040404040404,63.77730488850774,8.85231417953116,11.15180102915952,11.344700141305452,4
364,2239,18,5,20.22222222222222,4.945054945054945,3.6,37,2.0555555555555554,0.026797677534613668,192,0.5274725274725275,0.25824175824175827,0.532967032967033,0.46703296703296704,8,0.02197802197802198,48.29068649712383,11.58891462306994,14.913048743566456,14.15073652397713,4
576,3493,25,6,23.04,4.819444444444445,4.166666666666667,33,1.32,0.027769825365015745,231,0.4010416666666667,0.2864583333333333,0.5295138888888888,0.4704861111111111,6,0.010416666666666666,42.26355755343735,13.337029896013863,16.27177931831312,14.963818363780355,4
601,3306,28,7,21.464285714285715,4.389351081530782,4.0,22,0.7857142857142857,0.0205686630369026,193,0.3211314475873544,0.16139767054908485,0.49750415973377704,0.502495840266223,1,0.0016638935108153079,67.472168196995,9.162897090388743,11.495373241116146,11.062562989136584,4
614,3625,38,5,16.157894736842106,4.749185667752443,7.6,34,0.8947368421052632,0.024551724137931035,300,0.48859934853420195,0.21986970684039087,0.5928338762214984,0.40716612377850164,4,0.006514657980456026,55.62762993762996,9.602807095147522,11.973654177909497,12.137299328119639,4
513,2744,32,6,16.03125,4.247563352826511,5.333333333333333,13,0.40625,0.019314868804664723,207,0.40350877192982454,0.15984405458089668,0.4697855750487329,0.530214424951267,4,0.007797270955165692,70.36955407969641,7.531227071473754,10.188488298545225,10.738412736547279,4
765,4355,37,4,20.675675675675677,4.6,9.25,19,0.5135135135135135,0.014466130884041332,283,0.36993464052287583,0.2,0.515032679738562,0.4849673202614379,2,0.00261437908496732,59.087204391891916,10.174405968468466,11.948536036036039,11.939292745690427,4
495,2876,33,14,15.0,4.6141414141414145,2.357142857142857,24,0.7272727272727273,0.030945757997218357,206,0.4161616161616162,0.23636363636363636,0.4888888888888889,0.5111111111111111,4,0.00808080808080808,57.0225092543628,9.21656795346378,12.034479111581176,12.363455680755948,4
410,2486,21,5,19.523809523809526,4.682926829268292,4.2,15,0.7142857142857143,0.030973451327433628,177,0.4317073170731707,0.23414634146341465,0.5073170731707317,0.4926829268292683,5,0.012195121951219513,56.610528455284566,10.213554006968643,12.980255516840884,12.785403640627713,4
340,2096,21,5,16.19047619047619,4.685294117647059,4.2,13,0.6190476190476191,0.02480916030534351,142,0.4176470588235294,0.2735294117647059,0.5147058823529411,0.4852941176470588,5,0.014705882352941176,56.134565004887634,9.463678257226647,12.125736628962436,11.944058876818428,4
451,2560,22,5,20.5,4.5388026607538805,4.4,16,0.7272727272727273,0.025390625,223,0.49445676274944567,0.1973392461197339,0.5277161862527716,0.4722838137472284,16,0.03547671840354767,58.90194756554308,10.307993579454259,12.521134296415196,12.031772070788634,4
453,2592,25,5,18.12,4.373068432671082,5.0,19,0.76,0.022376543209876542,175,0.38631346578366443,0.17660044150110377,0.47902869757174393,0.5209713024282561,2,0.004415011037527594,64.80552647702409,8.761519474835886,11.68836761487965,11.75515770905806,4
443,2323,24,5,18.458333333333332,4.135440180586907,4.8,16,0.6666666666666666,0.018510546706844596,163,0.36794582392776526,0.11963882618510158,0.4018058690744921,0.5981941309255079,5,0.011286681715575621,78.4966891891892,6.906531531531531,9.652252252252254,9.827888789773866,4
526,2980,19,5,27.68421052631579,4.520912547528517,3.8,22,1.1578947368421053,0.02348993288590604,252,0.4790874524714829,0.19771863117870722,0.5,0.5,1,0.0019011406844106464,51.98402542372882,13.337222222222227,16.093785310734464,13.901157680251561,4
426,2530,25,6,17.04,4.835680751173709,4.166666666666667,11,0.44,0.018972332015810278,188,0.4413145539906103,0.24413145539906103,0.5751173708920188,0.42488262910798125,8,0.018779342723004695,52.77810331753557,10.091304265402844,11.586123222748816,11.979248473330827,4
601,3435,36,5,16.694444444444443,4.5357737104825295,7.2,20,0.5555555555555556,0.024745269286754003,240,0.39933444259567386,0.17637271214642264,0.5074875207986689,0.4925124792013311,5,0.008319467554076539,64.37010218463708,8.81291754756871,11.017899929527838,11.022393298168332,4
337,2014,18,5,18.72222222222222,4.890207715133531,3.6,8,0.4444444444444444,0.014399205561072492,147,0.4362017804154303,0.26706231454005935,0.5756676557863502,0.42433234421364985,1,0.002967359050445104,58.296039399934074,9.779322453016817,9.981470491262776,11.095144083064902,4
681,3786,31,6,21.967741935483872,4.4331864904552125,5.166666666666667,15,0.4838709677419355,0.019809825673534072,253,0.37151248164464024,0.19383259911894274,0.4845814977973568,0.5154185022026432,15,0.022026431718061675,58.06485009861936,10.7583550295858,12.977830374753452,12.161744961471694,4
384,2096,28,5,13.714285714285714,4.270833333333333,5.6,26,0.9285714285714286,0.03196564885496183,181,0.4713541666666667,0.1875,0.4583333333333333,0.5416666666666666,5,0.013020833333333334,74.38687500000002,6.290863095238098,8.298214285714286,9.516144504307135,4
345,2112,20,6,17.25,4.921739130434783,3.3333333333333335,25,1.25,0.029356060606060608,210,0.6086956521739131,0.2811594202898551,0.5681159420289855,0.4318840579710145,1,0.002898550724637681,48.841986955862296,10.983928408918555,13.18422569391779,12.848724342968254,4
450,2782,26,5,17.307692307692307,4.98,5.2,28,1.0769230769230769,0.02516175413371675,241,0.5355555555555556,0.2733333333333333,0.5666666666666667,0.43333333333333335,5,0.011111111111111112,47.973791419268366,11.471696992913238,13.446312966864586,13.513653160720306,4
728,3770,33,5,22.060606060606062,4.079670329670329,6.6,13,0.3939393939393939,0.01856763925729443,248,0.34065934065934067,0.12912087912087913,0.4848901098901099,0.5151098901098901,4,0.005494505494505495,72.01523725465476,8.642420880090786,10.514706005968144,9.725611199111238,4
393,2354,16,3,24.5625,4.893129770992366,5.333333333333333,18,1.125,0.016142735768903994,135,0.3435114503816794,0.27989821882951654,0.5038167938931297,0.4961832061068702,0,0.0,43.15471374045802,14.213836786623052,15.706942929843695,13.925175675911131,4
459,2493,32,6,14.34375,4.296296296296297,5.333333333333333,11,0.34375,0.02045728038507822,183,0.39869281045751637,0.15904139433551198,0.4596949891067538,0.5403050108932462,4,0.008714596949891068,75.68120288774405,6.2822335954446835,8.886144251626899,9.595489714322824,4
352,1935,19,6,18.526315789473685,4.357954545454546,3.1666666666666665,10,0.5263157894736842,0.018604651162790697,172,0.48863636363636365,0.16477272727272727,0.5539772727272727,0.4460227272727273,6,0.017045454545454544,70.50408492822969,8.027876794258376,10.024162679425839,10.426177893888326,4
327,1820,24,5,13.625,4.415902140672783,4.8,10,0.4166666666666667,0.02032967032967033,149,0.45565749235474007,0.12844036697247707,0.6055045871559633,0.3944954128440367,0,0.0,76.58360665137617,5.962282110091742,7.529510703363915,8.07648339933343,4
572,3362,17,4,33.64705882352941,4.784965034965035,4.25,25,1.4705882352941178,0.014277215942891136,198,0.34615384615384615,0.28146853146853146,0.4982517482517482,0.5017482517482518,2,0.0034965034965034965,34.519049295774664,17.263802816901407,21.171830985915495,17.971250198000288,4
583,3586,27,6,21.59259259259259,4.660377358490566,4.5,34,1.2592592592592593,0.0309537088678193,273,0.46826758147512865,0.21783876500857632,0.5437392795883362,0.4562607204116638,1,0.0017152658662092624,55.06819284802046,10.915019157088121,13.489144316730524,12.962598303700922,4
389,2044,21,5,18.523809523809526,4.167095115681234,4.2,5,0.23809523809523808,0.014677103718199608,177,0.455012853470437,0.13881748071979436,0.4987146529562982,0.5012853470437018,2,0.005141388174807198,74.07343616109684,7.529401395519649,9.671734606438978,9.957137785484202,4
428,2310,33,5,12.969696969696969,4.233644859813084,6.6,24,0.7272727272727273,0.02727272727272727,173,0.40420560747663553,0.1191588785046729,0.4392523364485981,0.5607476635514018,5,0.011682242990654205,74.97249823819594,6.039260042283299,8.188865398167724,9.41862664789215,4
623,3270,34,6,18.323529411764707,4.113964686998395,5.666666666666667,30,0.8823529411764706,0.02507645259938838,252,0.4044943820224719,0.12359550561797752,0.47030497592295345,0.5296950240770465,10,0.016051364365971106,73.86154092071614,7.4945879511224796,9.946784124277732,9.773937934552698,4
409,2274,31,5,13.193548387096774,4.227383863080685,6.2,28,0.9032258064516129,0.040897097625329816,192,0.46943765281173594,0.16136919315403422,0.4938875305623472,0.5061124694376528,4,0.009779951100244499,74.45357500782964,6.176235515189479,8.908362041966802,10.011982343527215,4
893,4874,50,7,17.86,4.360582306830907,7.142857142857143,22,0.44,0.017439474764054164,245,0.27435610302351626,0.17469204927211646,0.3997760358342665,0.6002239641657335,9,0.010078387458006719,66.37672926061634,8.591846815107104,10.999332957534762,11.41586463554987,4
753,4311,38,4,19.81578947368421,4.557768924302789,9.5,25,0.6578947368421053,0.02482022732544653,311,0.41301460823373176,0.21248339973439576,0.5697211155378487,0.4302788844621514,19,0.025232403718459494,55.829748387096785,11.48255053763441,13.83741935483871,12.808737473216816,4
450,2701,26,8,17.307692307692307,4.902222222222222,3.25,27,1.0384615384615385,0.022213994816734542,250,0.5555555555555556,0.26222222222222225,0.5822222222222222,0.4177777777777778,1,0.0022222222222222222,47.717536199095036,10.664529411764708,12.656108597285069,12.502718667466524,4
452,2569,29,9,15.586206896551724,4.5597345132743365,3.2222222222222223,16,0.5517241379310345,0.021798365122615803,215,0.4756637168141593,0.2079646017699115,0.5331858407079646,0.4668141592920354,5,0.011061946902654867,72.26900000000002,7.034168582375479,9.673563218390806,9.92172853494824,4
346,1980,19,4,18.210526315789473,4.520231213872832,4.75,22,1.1578947368421053,0.028282828282828285,177,0.5115606936416185,0.1907514450867052,0.5144508670520231,0.48554913294797686,10,0.028901734104046242,57.21171506352087,9.82959467634604,12.038959467634605,12.114078956130353,4
857,4540,52,12,16.48076923076923,4.173862310385064,4.333333333333333,42,0.8076923076923077,0.029295154185022026,341,0.39789964994165694,0.1353558926487748,0.44457409568261375,0.5554259043173863,6,0.007001166861143524,80.7197627606039,6.090046728971966,8.173400431344357,8.674607589308387,4
381,2094,21,5,18.142857142857142,4.427821522309712,4.2,2,0.09523809523809523,0.012416427889207259,190,0.49868766404199477,0.2047244094488189,0.5249343832020997,0.47506561679790027,7,0.01837270341207349,58.97928571428571,9.504603174603176,11.75026455026455,11.855464076750408,4
525,2982,28,9,18.75,4.535238095238095,3.111111111111111,27,0.9642857142857143,0.022803487592219986,217,0.41333333333333333,0.21142857142857144,0.5123809523809524,0.4876190476190476,8,0.015238095238095238,55.82569931307984,10.28490333545783,12.642985624247576,12.650343791298138,4
512,2906,28,5,18.285714285714285,4.484375,5.6,31,1.1071428571428572,0.025120440467997246,192,0.375,0.203125,0.451171875,0.548828125,7,0.013671875,64.9896153846154,8.80824175824176,11.736263736263737,11.561104654884861,4
362,2129,23,6,15.73913043478261,4.649171270718232,3.8333333333333335,11,0.4782608695652174,0.03287928604978863,182,0.5027624309392266,0.2265193370165746,0.5,0.5,6,0.016574585635359115,56.50640163934429,9.92404918032787,11.800874316939892,11.698219412168324,4
410,2438,23,4,17.82608695652174,4.824390243902439,5.75,0,0.0,0.011074651353568499,164,0.4,0.24390243902439024,0.5170731707317073,0.48292682926829267,8,0.01951219512195122,52.537360248447214,10.467929606625262,11.971014492753623,12.583877053449477,4
514,2842,23,5,22.347826086956523,4.441634241245136,4.6,8,0.34782608695652173,0.013019000703729768,201,0.39105058365758755,0.1867704280155642,0.5214007782101168,0.4785992217898833,3,0.005836575875486381,58.49685801630436,10.630411005434784,11.404347826086957,10.848893137575418,4
596,3365,50,5,11.92,4.469798657718121,10.0,41,0.82,0.030014858841010402,271,0.4546979865771812,0.1912751677852349,0.5201342281879194,0.4798657718120805,5,0.008389261744966443,69.8557889822596,6.800616246498599,9.389729225023343,10.25414643259724,4
397,2284,20,5,19.85,4.6272040302267,4.0,20,1.0,0.024080560420315235,184,0.4634760705289673,0.23173803526448364,0.5289672544080605,0.47103274559193953,6,0.015113350125944584,58.189013224181366,10.074421914357686,11.768715365239295,11.792908689023552,4
440,2558,22,5,20.0,4.675,4.4,15,0.6818181818181818,0.022283033620015637,201,0.45681818181818185,0.2409090909090909,0.5045454545454545,0.4954545454545455,8,0.01818181818181818,55.14046482928836,10.559481694775815,13.828218839983547,13.535368456167088,4
445,2596,29,5,15.344827586206897,4.640449438202247,5.8,23,0.7931034482758621,0.028120184899845916,232,0.5213483146067416,0.22247191011235956,0.5415730337078651,0.4584269662921348,3,0.006741573033707865,58.634417040358784,8.901653007576929,11.084459563940003,11.615742811318064,4
618,3261,36,5,17.166666666666668,4.1957928802588995,7.2,2,0.05555555555555555,0.012572830420116528,239,0.38673139158576053,0.11165048543689321,0.4935275080906149,0.5064724919093851,15,0.024271844660194174,79.47273928507116,6.432254186925988,8.670790563659285,8.761943790366164,4
533,2894,32,6,16.65625,4.270168855534709,5.333333333333333,12,0.375,0.023496890117484452,235,0.44090056285178236,0.16322701688555347,0.48405253283302063,0.5159474671669794,7,0.013133208255159476,64.92621228033329,9.070770846460828,11.768984106980326,11.715833242495528,4
490,2606,29,6,16.896551724137932,4.136734693877551,4.833333333333333,6,0.20689655172413793,0.017651573292402148,209,0.42653061224489797,0.13673469387755102,0.4816326530612245,0.5183673469387755,10,0.02040816326530612,74.4988645418327,7.168604203874157,9.63330127764803,9.581879112588783,4
469,2639,25,5,18.76,4.477611940298507,5.0,6,0.24,0.01667298219022357,167,0.35607675906183367,0.1812366737739872,0.4946695095948827,0.5053304904051172,10,0.021321961620469083,66.79463157894739,8.662947368421055,9.536842105263158,9.281916038205594,4
436,2215,22,3,19.818181818181817,4.002293577981652,7.333333333333333,7,0.3181818181818182,0.014898419864559819,190,0.43577981651376146,0.10550458715596331,0.4288990825688073,0.5711009174311926,3,0.006880733944954129,76.50670141784822,7.511567973311092,10.037364470391992,9.573946990214175,4
531,2844,21,1,25.285714285714285,4.271186440677966,21.0,16,0.7619047619047619,0.016526019690576654,231,0.4350282485875706,0.16195856873822975,0.4726930320150659,0.527306967984934,21,0.03954802259887006,65.01305031446542,10.461159029649597,12.661275831087153,10.712014347399686,4
449,2584,27,5,16.62962962962963,4.632516703786192,5.4,13,0.48148148148148145,0.02321981424148607,159,0.35412026726057905,0.20044543429844097,0.5077951002227171,0.4922048997772829,6,0.013363028953229399,65.03432236245155,8.319609007671371,11.195281695949848,11.429527900616531,4
384,2231,19,5,20.210526315789473,4.7265625,3.8,11,0.5789473684210527,0.01748095024652622,157,0.4088541666666667,0.22395833333333334,0.5130208333333334,0.4869791666666667,2,0.005208333333333333,56.05097705098257,10.449124639274427,12.554019513535799,12.303257153313005,4
677,3828,28,5,24.178571428571427,4.561299852289513,5.6,17,0.6071428571428571,0.013584117032392894,277,0.4091580502215657,0.1861152141802068,0.49926144756277696,0.5007385524372231,9,0.013293943870014771,53.07465585054081,12.09477876106195,13.584267453294002,12.457975602129121,4
824,4618,38,5,21.68421052631579,4.462378640776699,7.6,29,0.7631578947368421,0.02208748375920312,341,0.41383495145631066,0.20631067961165048,0.5121359223300971,0.4878640776699029,25,0.03033980582524272,59.70590150009619,10.298902814282968,12.832117443425862,12.256330210517838,4
456,2565,22,4,20.727272727272727,4.473684210526316,5.5,20,0.9090909090909091,0.025341130604288498,205,0.44956140350877194,0.21710526315789475,0.5285087719298246,0.47149122807017546,7,0.015350877192982455,60.2822747121874,10.022977371973003,12.170067487098056,12.079253325248377,4
332,1970,20,4,16.6,4.743975903614458,5.0,13,0.65,0.026903553299492386,165,0.49698795180722893,0.19879518072289157,0.5903614457831325,0.40963855421686746,9,0.02710843373493976,59.944979041916184,9.046952095808383,10.871616766467065,11.20814326018867,4
355,2009,30,6,11.833333333333334,4.3887323943661976,5.0,20,0.6666666666666666,0.030363364858138377,174,0.49014084507042255,0.17464788732394365,0.5295774647887324,0.4704225352112676,3,0.008450704225352112,71.98500000000001,6.199999999999999,8.911111111111111,9.725611199111238,4
468,2616,30,5,15.6,4.444444444444445,6.0,12,0.4,0.02408256880733945,212,0.452991452991453,0.17735042735042736,0.5149572649572649,0.48504273504273504,11,0.023504273504273504,66.16566237482118,7.889459227467814,9.217625178826896,9.725611199111238,4
355,1970,26,6,13.653846153846153,4.267605633802817,4.333333333333333,8,0.3076923076923077,0.02081218274111675,156,0.4394366197183099,0.17183098591549295,0.48169014084507045,0.5183098591549296,6,0.016901408450704224,75.45417224080269,6.251195652173912,8.161538461538461,8.841846274778883,4
426,2451,20,5,21.3,4.556338028169014,4.0,17,0.85,0.022439820481436147,177,0.4154929577464789,0.2112676056338028,0.5070422535211268,0.49295774647887325,3,0.007042253521126761,54.809239726027414,11.055109589041095,12.86958904109589,12.07096230602999,4
490,2634,31,7,15.806451612903226,4.23469387755102,4.428571428571429,25,0.8064516129032258,0.02771450265755505,211,0.4306122448979592,0.15510204081632653,0.48775510204081635,0.5122448979591837,6,0.012244897959183673,73.80466715241441,6.867780353712657,9.569291912300457,10.011982343527215,4
543,2978,48,4,11.3125,4.233885819521179,12.0,11,0.22916666666666666,0.03727333781061115,200,0.3683241252302026,0.1289134438305709,0.4714548802946593,0.5285451197053407,10,0.01841620626151013,79.24956521739132,5.186739130434784,7.698550724637681,9.02518940039,4
504,2841,27,6,18.666666666666668,4.468253968253968,4.5,8,0.2962962962962963,0.02287926786342837,174,0.34523809523809523,0.23809523809523808,0.5059523809523809,0.49404761904761907,9,0.017857142857142856,64.08982799004542,8.975805884936324,11.053608549260723,11.645159339076184,4
451,2490,29,5,15.551724137931034,4.390243902439025,5.8,21,0.7241379310344828,0.023694779116465864,191,0.42350332594235035,0.17073170731707318,0.49667405764966743,0.5033259423503326,12,0.026607538802660754,74.11198218262807,6.76854312264803,9.043882958298134,9.753983421225431,4
396,2374,26,8,15.23076923076923,4.813131313131313,3.25,7,0.2692307692307692,0.016006739679865205,181,0.45707070707070707,0.25757575757575757,0.5277777777777778,0.4722222222222222,8,0.020202020202020204,56.29250000000002,9.382500000000004,12.700000000000001,12.957680324746804,4
538,3154,30,5,17.933333333333334,4.715613382899628,6.0,34,1.1333333333333333,0.024413443246670895,271,0.5037174721189591,0.20817843866171004,0.5613382899628253,0.43866171003717475,18,0.03345724907063197,61.403426966292145,9.269281932067674,11.185741960480435,11.876931179488295,4
627,3372,38,7,16.5,4.247208931419458,5.428571428571429,21,0.5526315789473685,0.0234282325029656,245,0.39074960127591707,0.1594896331738437,0.4625199362041467,0.5374800637958532,16,0.025518341307814992,71.84887590162512,7.414126184061878,10.518536542973843,10.816535326029864,4
462,2587,22,5,21.0,4.508658008658009,4.4,17,0.7727272727272727,0.019327406262079627,206,0.4458874458874459,0.19913419913419914,0.4935064935064935,0.5064935064935064,11,0.023809523809523808,59.26401185770753,10.187588932806324,12.624505928853758,12.161744961471694,4
411,2253,25,7,16.44,4.447688564476886,3.5714285714285716,17,0.68,0.024411895250776743,188,0.45742092457420924,0.17518248175182483,0.48418491484184917,0.5158150851581509,23,0.05596107055961071,59.54792620320856,8.67006844919786,12.08025668449198,11.830495888017047,4
525,2905,24,5,21.875,4.422857142857143,4.8,12,0.5,0.016179001721170396,211,0.40190476190476193,0.17333333333333334,0.4876190476190476,0.5123809523809524,7,0.013333333333333334,59.08198999684943,10.494340737240076,11.841241335853814,11.618504940865996,4
496,2769,35,6,14.17142857142857,4.465725806451613,5.833333333333333,11,0.3142857142857143,0.023474178403755867,242,0.4879032258064516,0.18346774193548387,0.5141129032258065,0.48588709677419356,13,0.02620967741935484,68.03668852459019,7.233370023419205,9.265667447306791,10.09235958154656,4
397,2347,15,8,26.466666666666665,4.730478589420655,1.875,12,0.8,0.021303792074989347,160,0.40302267002518893,0.22921914357682618,0.491183879093199,0.5088161209068011,9,0.022670025188916875,47.10261603375531,13.231392405063293,16.2042194092827,14.649411540926312,4
569,3492,30,5,18.966666666666665,4.977152899824253,6.0,35,1.1666666666666667,0.02491408934707904,225,0.3954305799648506,0.26537785588752194,0.5360281195079086,0.46397188049209137,1,0.0017574692442882249,49.635626984126986,11.031440917107584,13.133192239858907,12.857556352371635,4
426,2457,29,4,14.689655172413794,4.626760563380282,7.25,18,0.6206896551724138,0.02442002442002442,183,0.4295774647887324,0.2112676056338028,0.48826291079812206,0.5117370892018779,3,0.007042253521126761,63.10779859484779,8.114943067108133,11.229233626746346,11.615742811318064,4
429,2354,22,6,19.5,4.370629370629371,3.6666666666666665,17,0.7727272727272727,0.026762956669498725,168,0.3916083916083916,0.18414918414918416,0.49184149184149184,0.5081585081585082,8,0.018648018648018648,67.26826218863107,8.698515009580586,10.480263998296786,10.436869588844216,4
544,3247,20,9,27.2,4.797794117647059,2.2222222222222223,25,1.25,0.020326455189405606,228,0.41911764705882354,0.2610294117647059,0.53125,0.46875,9,0.016544117647058824,44.25229742173116,14.581261510128915,17.591528545119708,15.172626615295595,4
585,3216,33,6,17.727272727272727,4.3931623931623935,5.5,24,0.7272727272727273,0.01990049751243781,231,0.39487179487179486,0.17435897435897435,0.4666666666666667,0.5333333333333333,9,0.015384615384615385,64.29038397675386,8.688530510585306,11.325363221253632,11.683781121521076,4
575,3339,28,6,20.535714285714285,4.6521739130434785,4.666666666666667,20,0.7142857142857143,0.02006588799041629,170,0.2956521739130435,0.25565217391304346,0.5008695652173913,0.4991304347826087,1,0.0017391304347826088,55.9087975778547,10.589434008897676,14.2779041028176,13.371156678226303,4
469,2599,19,5,24.68421052631579,4.409381663113006,3.8,18,0.9473684210526315,0.01654482493266641,217,0.4626865671641791,0.16844349680170576,0.5479744136460555,0.4520255863539446,6,0.01279317697228145,63.287105263157926,10.577368421052629,12.107502799552073,10.882677951670543,4
366,2068,19,5,19.263157894736842,4.527322404371585,3.8,17,0.8947368421052632,0.02321083172147002,187,0.5109289617486339,0.20491803278688525,0.5,0.5,3,0.00819672131147541,58.76486194995687,9.848314639056657,12.732585562266323,12.396398192541,4
539,2927,29,8,18.586206896551722,4.311688311688312,3.625,8,0.27586206896551724,0.018107277075503928,192,0.3562152133580705,0.15769944341372913,0.4675324675324675,0.5324675324675324,12,0.022263450834879406,73.25500000000001,7.667624521072799,10.559386973180077,10.165852483727232,4
477,2638,25,5,19.08,4.429769392033543,5.0,19,0.76,0.02312357846853677,230,0.48218029350104824,0.18448637316561844,0.4758909853249476,0.5241090146750524,1,0.0020964360587002098,67.86326315789476,8.513894736842104,10.631578947368421,10.70791436637684,4
478,2836,20,4,23.9,4.7615062761506275,5.0,34,1.7,0.0232722143864598,257,0.5376569037656904,0.24267782426778242,0.5585774058577406,0.44142259414225943,2,0.0041841004184100415,49.00257672233823,12.374299582463468,14.757453027139874,13.585142487480624,4
344,2005,20,6,17.2,4.686046511627907,3.3333333333333335,17,0.85,0.018453865336658354,183,0.5319767441860465,0.19476744186046513,0.49127906976744184,0.5087209302325582,18,0.05232558139534884,59.361723451327464,9.190411504424777,11.617758112094396,11.886574207783884,4
606,3490,26,8,23.307692307692307,4.603960396039604,3.25,28,1.0769230769230769,0.022349570200573064,220,0.36303630363036304,0.19801980198019803,0.4801980198019802,0.5198019801980198,6,0.009900990099009901,57.67373191165274,11.005280528052804,13.547499365321148,12.299655913859898,4
325,1694,17,5,19.11764705882353,4.107692307692307,3.4,12,0.7058823529411765,0.021251475796930343,143,0.44,0.12923076923076923,0.4676923076923077,0.5323076923076923,7,0.021538461538461538,74.22487008300253,7.670418621436308,10.247275351858535,9.627879704456738,4
596,3646,25,5,23.84,4.895973154362416,5.0,50,2.0,0.027701590784421283,298,0.5,0.2483221476510067,0.5939597315436241,0.40604026845637586,16,0.026845637583892617,50.48538657718123,12.140150335570471,14.905127516778524,13.786089987796743,4
761,3985,30,5,25.366666666666667,4.1721419185282524,6.0,14,0.4666666666666667,0.011292346298619825,263,0.3455978975032852,0.12614980289093297,0.48226018396846254,0.5177398160315374,9,0.011826544021024968,62.98432915015414,10.742941875825629,12.89386173491854,11.20814326018867,4
522,3018,37,6,14.108108108108109,4.634099616858237,6.166666666666667,17,0.4594594594594595,0.022200132538104704,229,0.4386973180076628,0.20114942528735633,0.5421455938697318,0.4578544061302682,9,0.017241379310344827,62.815748916855824,8.016067670724158,9.328987002269445,10.219675759033578,4
499,2998,32,5,15.59375,4.81563126252505,6.4,34,1.0625,0.02935290193462308,201,0.4028056112224449,0.2625250501002004,0.5771543086172345,0.4228456913827655,3,0.006012024048096192,55.85408589071858,9.358252869261477,10.573877245508982,11.333407214811011,4
482,2561,29,5,16.620689655172413,4.2053941908713695,5.8,7,0.2413793103448276,0.01483795392424834,164,0.34024896265560167,0.14522821576763487,0.5373443983402489,0.46265560165975106,6,0.012448132780082987,69.6371487603306,7.692519236249645,9.403134796238247,9.838380243014921,4
347,1858,24,4,14.458333333333334,4.187319884726225,6.0,16,0.6666666666666666,0.024757804090419805,167,0.4812680115273775,0.1440922190201729,0.4668587896253602,0.5331412103746398,1,0.002881844380403458,75.42784482758621,6.340862068965521,9.133333333333335,9.827888789773866,4
643,3671,38,5,16.92105263157895,4.460342146189736,7.6,32,0.8421052631578947,0.031054208662489785,272,0.4230171073094868,0.17573872472783825,0.5225505443234837,0.4774494556765163,5,0.007776049766718507,68.94412671232877,8.176815068493152,10.100608828006088,10.190243380029422,4
419,2273,28,5,14.964285714285714,4.317422434367542,5.6,7,0.25,0.019797624285085788,178,0.42482100238663484,0.1431980906921241,0.4964200477326969,0.5035799522673031,9,0.021479713603818614,73.8169804038005,6.698631659314561,9.149677638276215,9.606745405546679,4
435,2680,22,5,19.772727272727273,5.00919540229885,4.4,40,1.8181818181818181,0.026119402985074626,169,0.38850574712643676,0.2850574712643678,0.5540229885057472,0.4459770114942529,4,0.009195402298850575,43.87326923076927,11.98423076923077,13.767365967365969,13.606401829973382,4
455,3659,31,4,14.67741935483871,4.153846153846154,7.75,15,0.4838709677419355,0.013938234490297895,207,0.45494505494505494,0.12747252747252746,0.4945054945054945,0.5054945054945055,4,0.008791208791208791,77.06388794567064,6.164756649688737,8.690888511601583,9.370254747372087,4
527,3029,18,3,29.27777777777778,4.662239089184061,6.0,21,1.1666666666666667,0.015186530207989435,182,0.34535104364326374,0.21062618595825428,0.5275142314990512,0.47248576850094876,8,0.015180265654648957,48.53247680792748,13.763437697659715,14.671262913767658,12.457975602129121,4
395,2168,13,8,30.384615384615383,4.341772151898734,1.625,13,1.0,0.013837638376383764,159,0.40253164556962023,0.16455696202531644,0.4962025316455696,0.5037974683544304,9,0.02278481012658228,53.946270102693305,13.321511335012598,16.547878318155398,13.757784519515319,4
326,1986,17,3,19.176470588235293,4.947852760736196,5.666666666666667,12,0.7058823529411765,0.02416918429003021,167,0.5122699386503068,0.2822085889570552,0.5429447852760736,0.4570552147239264,2,0.006134969325153374,45.41934861060989,11.688210032479251,13.928256946950558,13.8614814582182,4
500,2891,26,6,19.23076923076923,4.622,4.333333333333333,15,0.5769230769230769,0.028017986855759253,180,0.36,0.248,0.538,0.462,7,0.014,59.56964643584524,9.829681466395115,11.277588594704685,10.878246069084,4
477,2581,23,5,20.73913043478261,4.322851153039832,4.6,15,0.6521739130434783,0.021309569934134055,225,0.4716981132075472,0.16561844863731656,0.4716981132075472,0.5283018867924528,3,0.006289308176100629,60.84314874141877,9.903505720823802,11.79771167048055,12.50853898387179,4
521,2923,26,4,20.03846153846154,4.391554702495202,6.5,26,1.0,0.030448169688676016,233,0.4472168905950096,0.18234165067178504,0.5470249520153551,0.45297504798464494,2,0.003838771593090211,60.15085714285716,10.086476190476187,11.82857142857143,11.368139846972461,4
515,2903,22,5,23.40909090909091,4.532038834951456,4.4,8,0.36363636363636365,0.01722356183258698,236,0.458252427184466,0.19611650485436893,0.5009708737864078,0.49902912621359224,3,0.005825242718446602,59.183555005306005,10.808588609833745,12.61393703572692,12.079253325248377,4
462,2502,26,5,17.76923076923077,4.251082251082251,5.2,20,0.7692307692307693,0.02717825739408473,201,0.43506493506493504,0.12554112554112554,0.48268398268398266,0.5173160173160173,6,0.012987012987012988,70.54735118790498,8.02027300215983,10.431758099352052,10.172246626331159,4
544,3275,34,5,16.0,4.705882352941177,6.8,27,0.7941176470588235,0.03358778625954199,208,0.38235294117647056,0.2555147058823529,0.49080882352941174,0.5091911764705882,5,0.009191176470588236,52.18386931818185,10.250579545454546,13.202272727272728,13.07526853051968,4
442,2490,19,7,23.263157894736842,4.115384615384615,2.7142857142857144,22,1.1578947368421053,0.018072289156626505,176,0.39819004524886875,0.1583710407239819,0.4411764705882353,0.5588235294117647,6,0.013574660633484163,71.06090378661588,9.126975470350086,11.20571564658252,9.682069395223575,4
580,3103,34,7,17.058823529411764,4.232758620689655,4.857142857142857,16,0.47058823529411764,0.016113438607798906,249,0.42931034482758623,0.13793103448275862,0.4827586206896552,0.5172413793103449,16,0.027586206896551724,72.92567474048445,7.310934256055361,8.806920415224914,9.088552180705676,4
522,3043,20,20,26.1,4.7298850574712645,1.0,13,0.65,0.012816299704239238,191,0.36590038314176243,0.2260536398467433,0.5134099616858238,0.48659003831417624,4,0.007662835249042145,54.90212068965518,12.085551724137932,13.811647509578547,12.68835289967788,4
478,2821,34,5,14.058823529411764,4.7364016736401675,6.8,14,0.4117647058823529,0.03296703296703297,225,0.4707112970711297,0.2384937238493724,0.5899581589958159,0.4100418410041841,7,0.014644351464435146,55.89998870056499,9.371000000000002,12.140790960451978,12.221763196225844,4
599,3382,24,5,24.958333333333332,4.565943238731219,4.8,20,0.8333333333333334,0.013897102306327618,238,0.3973288814691152,0.20534223706176963,0.48414023372287146,0.5158597662771286,20,0.0333889816360601,54.67290936282696,11.833900250417365,15.05845854201447,14.005844860021309,4
701,4325,35,6,20.02857142857143,5.0,5.833333333333333,44,1.2571428571428571,0.020578034682080925,287,0.4094151212553495,0.2653352353780314,0.5549215406562055,0.4450784593437946,19,0.02710413694721826,45.3564871794872,11.915761497761498,14.347643467643469,13.794835980231273,4
443,2519,27,6,16.40740740740741,4.431151241534988,4.5,19,0.7037037037037037,0.029773719730051607,186,0.4198645598194131,0.2054176072234763,0.5395033860045146,0.4604966139954853,7,0.01580135440180587,60.00469969969973,8.975135135135137,11.172372372372372,11.356394951697197,4
579,3037,28,5,20.678571428571427,4.184801381692574,5.6,8,0.2857142857142857,0.015805070793546264,235,0.4058721934369603,0.14335060449050085,0.46632124352331605,0.533678756476684,6,0.010362694300518135,65.90669791874464,9.191641731498105,11.914329410200146,11.715833242495528,4
504,2825,23,5,21.91304347826087,4.458333333333333,4.6,12,0.5217391304347826,0.018761061946902656,199,0.3948412698412698,0.16071428571428573,0.4880952380952381,0.5119047619047619,3,0.005952380952380952,59.51940119760481,10.88434559452524,13.295352152837182,12.031772070788634,4
738,4060,33,3,22.363636363636363,4.350948509485095,11.0,49,1.4848484848484849,0.026600985221674877,270,0.36585365853658536,0.19241192411924118,0.46747967479674796,0.532520325203252,9,0.012195121951219513,64.30658518487111,10.011454799864314,12.848863636363639,11.93303328291395,4
415,2323,21,5,19.761904761904763,4.4795180722891565,4.2,6,0.2857142857142857,0.01334481274214378,192,0.46265060240963857,0.17590361445783131,0.5060240963855421,0.4939759036144578,14,0.033734939759036145,61.20172690763053,9.632323580034427,11.952954675846243,11.765960540728905,4
398,2177,32,4,12.4375,4.326633165829146,8.0,12,0.375,0.02939825447864033,193,0.4849246231155779,0.16331658291457288,0.4623115577889447,0.5376884422110553,2,0.005025125628140704,77.6979125700821,5.603508572357196,8.246006337856505,8.933256019334266,4
533,2995,30,5,17.766666666666666,4.412757973733584,6.0,37,1.2333333333333334,0.027045075125208682,242,0.4540337711069418,0.1669793621013133,0.46904315196998125,0.5309568480300187,1,0.001876172607879925,62.571756892230596,8.937278195488723,10.25122807017544,10.577609850970193,4
680,3786,21,4,32.38095238095238,4.461764705882353,5.25,29,1.380952380952381,0.02033808769149498,290,0.4264705882352941,0.19852941176470587,0.4985294117647059,0.5014705882352941,9,0.013235294117647059,51.25800000000001,14.095047619047623,16.234920634920638,13.5591,4
382,2127,21,5,18.19047619047619,4.479057591623037,4.2,7,0.3333333333333333,0.01457451810061119,158,0.41361256544502617,0.1806282722513089,0.5078534031413613,0.49214659685863876,6,0.015706806282722512,70.99470331588132,7.876013462976815,8.637447020693093,8.418075326091056,4
461,2521,22,5,20.954545454545453,4.368763557483731,4.4,15,0.6818181818181818,0.016660055533518445,200,0.43383947939262474,0.20607375271149675,0.47288503253796094,0.527114967462039,15,0.03253796095444685,58.39086521396176,10.320667521198974,12.806980871622955,12.484440550625713,4
529,2874,25,6,21.16,4.311909262759924,4.166666666666667,15,0.6,0.024704244954766877,213,0.40264650283553877,0.13988657844990549,0.4839319470699433,0.5160680529300568,7,0.013232514177693762,67.17347901701326,9.146710018903594,10.581202268431003,10.078955797065145,4
462,2676,24,5,19.25,4.647186147186147,4.8,19,0.7916666666666666,0.01905829596412556,167,0.36147186147186144,0.19047619047619047,0.5324675324675324,0.4675324675324675,4,0.008658008658008658,64.07502365356623,9.06298034934498,11.912809315866085,11.618504940865996,4
420,2440,20,5,21.0,4.635714285714286,4.0,19,0.95,0.028688524590163935,182,0.43333333333333335,0.2119047619047619,0.45476190476190476,0.5452380952380952,2,0.004761904761904762,58.821428571428584,10.27190476190476,13.352380952380953,12.941063947141263,4
453,2384,29,6,15.620689655172415,4.154525386313466,4.833333333333333,6,0.20689655172413793,0.016359060402684564,216,0.4768211920529801,0.12141280353200883,0.5121412803532008,0.4878587196467991,19,0.04194260485651214,73.79890036053754,7.124729596853491,9.085676827269749,9.348350401419415,4
396,2318,14,1,28.285714285714285,4.704545454545454,14.0,12,0.8571428571428571,0.022433132010353754,223,0.5631313131313131,0.2222222222222222,0.547979797979798,0.45202020202020204,5,0.012626262626262626,47.50502538071066,13.624800580130533,16.53633067440174,14.452119694410143,4
593,3330,31,5,19.129032258064516,4.448566610455312,6.2,28,0.9032258064516129,0.018618618618618618,240,0.40472175379426645,0.19392917369308602,0.5311973018549747,0.4688026981450253,18,0.03035413153456998,66.29712860071206,8.804463264645594,11.395058798144353,11.20814326018867,4
469,2608,24,4,19.541666666666668,4.409381663113006,6.0,21,0.875,0.02147239263803681,209,0.44562899786780386,0.15778251599147122,0.47974413646055436,0.5202558635394456,6,0.01279317697228145,62.39791666666669,9.421117021276594,11.23758865248227,11.698219412168324,4
456,2628,32,5,14.25,4.589912280701754,6.4,29,0.90625,0.027016742770167426,207,0.45394736842105265,0.19956140350877194,0.581140350877193,0.41885964912280704,3,0.006578947368421052,64.60648967450769,7.795880060175058,9.388648796498906,10.34108865171736,4
687,3749,32,7,21.46875,4.358078602620087,4.571428571428571,22,0.6875,0.017604694585222725,249,0.3624454148471616,0.17903930131004367,0.4556040756914119,0.5443959243085881,20,0.02911208151382824,67.5156907894737,9.152390350877194,11.473976608187137,10.618573550423955,4
465,2574,22,14,21.136363636363637,4.387096774193548,1.5714285714285714,4,0.18181818181818182,0.022144522144522144,186,0.4,0.1978494623655914,0.46881720430107526,0.5311827956989247,2,0.004301075268817204,57.49451923076924,10.891730769230772,14.286813186813186,13.187427743715652,4
413,2424,24,7,17.208333333333332,4.680387409200969,3.4285714285714284,25,1.0416666666666667,0.030115511551155116,177,0.42857142857142855,0.26150121065375304,0.5399515738498789,0.4600484261501211,9,0.021791767554479417,55.86203775038521,10.131363636363641,11.867444419986795,11.995994275388036,4
320,1855,22,5,14.545454545454545,4.5375,4.4,19,0.8636363636363636,0.039353099730458224,160,0.5,0.1875,0.525,0.475,4,0.0125,63.66853457172343,8.199902697921278,10.486746277458352,11.20814326018867,4
513,2749,29,6,17.689655172413794,4.243664717348928,4.833333333333333,17,0.5862068965517241,0.02037104401600582,195,0.38011695906432746,0.1442495126705653,0.5009746588693957,0.49902534113060426,3,0.005847953216374269,72.03794117647061,7.580385395537526,10.014874915483436,10.324001499409626,4
342,1760,24,4,14.25,4.04093567251462,6.0,8,0.3333333333333333,0.019886363636363636,169,0.49415204678362573,0.14035087719298245,0.4415204678362573,0.5584795321637427,5,0.014619883040935672,75.95476216814161,6.174207227138645,9.071828908554572,9.621722640351123,4
427,2631,24,5,17.791666666666668,4.929742388758783,4.8,18,0.75,0.0266058532877233,218,0.5105386416861827,0.22716627634660422,0.5175644028103045,0.48243559718969553,13,0.03044496487119438,55.21743534482761,10.060359195402302,12.307471264367818,12.38480682065935,4
612,3656,40,5,15.3,4.720588235294118,8.0,40,1.0,0.03145514223194748,273,0.44607843137254904,0.2238562091503268,0.5702614379084967,0.4297385620915033,7,0.011437908496732025,62.564737760834674,8.402067014446228,10.72438202247191,11.35823119654803,4
481,2903,19,3,25.31578947368421,4.748440748440748,6.333333333333333,15,0.7894736842105263,0.02583534274888047,232,0.48232848232848236,0.22661122661122662,0.5550935550935551,0.44490644490644493,9,0.018711018711018712,48.491345987920624,12.876432269197586,16.093356341673857,14.479175932971131,4
332,1786,20,6,16.6,4.243975903614458,3.3333333333333335,11,0.55,0.02463605823068309,170,0.5120481927710844,0.15060240963855423,0.5240963855421686,0.4759036144578313,7,0.02108433734939759,72.25949397590364,7.304481927710846,9.411084337349399,9.516144504307135,4
431,2290,34,6,12.676470588235293,4.197215777262181,5.666666666666667,6,0.17647058823529413,0.019650655021834062,169,0.39211136890951276,0.12064965197215777,0.4709976798143852,0.5290023201856149,7,0.016241299303944315,76.83019607843137,5.699553376906319,8.693464052287581,9.627879704456738,4
385,2375,23,4,16.73913043478261,4.992207792207792,5.75,20,0.8695652173913043,0.024842105263157895,204,0.5298701298701298,0.2753246753246753,0.5922077922077922,0.4077922077922078,8,0.02077922077922078,49.60583986074852,10.871160014919806,13.561556633097105,13.333152626285301,4
314,1839,15,5,20.933333333333334,4.665605095541402,3.0,13,0.8666666666666667,0.02011963023382273,158,0.5031847133757962,0.2229299363057325,0.5031847133757962,0.4968152866242038,5,0.01592356687898089,53.54744269190326,11.040643533123031,13.626834910620401,13.133204557630332,4
441,2494,23,5,19.17391304347826,4.526077097505669,4.6,10,0.43478260869565216,0.01483560545308741,189,0.42857142857142855,0.2222222222222222,0.5192743764172335,0.48072562358276644,4,0.009070294784580499,63.446947648624686,9.17308685793158,11.38838607906931,11.119845054232373,4
420,2316,24,4,17.5,4.440476190476191,6.0,3,0.125,0.012521588946459413,184,0.4380952380952381,0.19523809523809524,0.4976190476190476,0.5023809523809524,11,0.02619047619047619,65.63021739130437,8.641739130434782,11.209109730848862,11.38190600502167,4
498,2632,24,9,20.75,4.170682730923695,2.6666666666666665,14,0.5833333333333334,0.0182370820668693,204,0.40963855421686746,0.15060240963855423,0.4819277108433735,0.5180722891566265,25,0.050200803212851405,69.72509599262241,8.678604124748492,11.422166331321261,10.775791032727817,4
604,3139,27,5,22.37037037037037,4.039735099337748,5.4,25,0.9259259259259259,0.016884358075820324,227,0.3758278145695364,0.12748344370860928,0.4602649006622517,0.5397350993377483,9,0.014900662251655629,64.73634615384618,10.067962356792147,12.280523731587563,11.437924896087662,4
392,2176,21,4,18.666666666666668,4.403061224489796,5.25,6,0.2857142857142857,0.01608455882352941,188,0.47959183673469385,0.21428571428571427,0.47959183673469385,0.5204081632653061,12,0.030612244897959183,63.03652428810723,9.17529791816224,12.103565446279015,11.944058876818428,4
363,1989,15,5,24.2,4.34435261707989,3.0,11,0.7333333333333333,0.013071895424836602,136,0.3746556473829201,0.21212121212121213,0.45179063360881544,0.5482093663911846,8,0.02203856749311295,65.13850420168068,10.086397759103644,13.777703081232495,12.340626583579944,4
656,3514,38,5,17.263157894736842,4.214939024390244,7.6,17,0.4473684210526316,0.025896414342629483,256,0.3902439024390244,0.14329268292682926,0.4481707317073171,0.551829268292683,13,0.019817073170731708,70.48933219178082,7.9612899543379,10.039726027397261,9.928628108626363,4
425,2355,24,5,17.708333333333332,4.331764705882353,4.8,19,0.7916666666666666,0.02335456475583864,176,0.41411764705882353,0.13176470588235295,0.5105882352941177,0.4894117647058824,9,0.021176470588235293,70.30734794628754,7.821054502369673,10.16129541864139,10.595843684498618,4
431,2292,35,5,12.314285714285715,4.153132250580047,7.0,28,0.8,0.029668411867364748,186,0.43155452436194897,0.16937354988399073,0.505800464037123,0.494199535962877,4,0.009280742459396751,74.92066484708518,6.0690741129540235,9.036013716845124,10.018931242160765,4
349,1853,12,6,29.083333333333332,4.234957020057307,2.0,0,0.0,0.008094981111710739,181,0.5186246418338109,0.1518624641833811,0.504297994269341,0.49570200573065903,25,0.07163323782234957,56.04835741811178,12.604710982658961,14.539113680154143,12.009924989830619,4
445,2337,20,5,22.25,4.152808988764045,4.0,12,0.6,0.02053915275994865,169,0.3797752808988764,0.14606741573033707,0.4337078651685393,0.5662921348314607,2,0.0044943820224719105,66.42894463087251,9.546186800894855,12.071991051454141,10.899274998029323,4
432,2320,15,3,28.8,4.280092592592593,5.0,7,0.4666666666666667,0.015517241379310345,180,0.4166666666666667,0.1574074074074074,0.4675925925925926,0.5324074074074074,3,0.006944444444444444,54.42383333333335,12.82301851851852,14.760740740740742,12.221763196225844,4
433,2511,22,5,19.681818181818183,4.605080831408776,4.4,16,0.7272727272727273,0.020708880923934688,171,0.394919168591224,0.21939953810623555,0.5173210161662818,0.48267898383371827,6,0.013856812933025405,62.49119905956114,9.455156739811912,11.771159874608152,11.389717465364857,4
409,2457,16,5,25.5625,4.9266503667481665,3.2,14,0.875,0.012617012617012617,182,0.4449877750611247,0.2567237163814181,0.5330073349633252,0.4669926650366748,6,0.014669926650366748,43.54334122860641,13.536343215158926,16.386369193154035,15.163213931860543,4
824,4317,52,7,15.846153846153847,4.154126213592233,7.428571428571429,2,0.038461538461538464,0.018299745193421358,246,0.29854368932038833,0.15776699029126215,0.4429611650485437,0.5570388349514563,12,0.014563106796116505,79.36727097902099,6.130590909090909,8.624941724941726,9.004326427715196,4
377,2153,17,4,22.176470588235293,4.63395225464191,4.25,2,0.11764705882352941,0.010682768230376219,145,0.38461538461538464,0.23076923076923078,0.46419098143236076,0.5358090185676393,5,0.013262599469496022,55.65888417329798,11.739851458885944,13.024155614500442,12.221763196225844,4
557,3280,28,7,19.892857142857142,4.7522441651705565,4.0,31,1.1071428571428572,0.023170731707317073,277,0.49730700179533216,0.21903052064631956,0.5655296229802513,0.43447037701974867,24,0.04308797127468582,58.604611759425524,10.027101179789689,11.835060271864581,11.765960540728905,4
370,2221,23,5,16.08695652173913,4.851351351351352,4.6,15,0.6521739130434783,0.020261143628995948,184,0.4972972972972973,0.22702702702702704,0.5459459459459459,0.4540540540540541,11,0.02972972972972973,54.689441833137494,9.627696827262046,12.27262044653349,11.963201046758964,4
463,2534,22,4,21.045454545454547,4.339092872570195,5.5,15,0.6818181818181818,0.02249408050513023,222,0.4794816414686825,0.17926565874730022,0.5399568034557235,0.46004319654427644,10,0.02159827213822894,60.651707026597876,9.971448987693531,11.995394998015085,12.079253325248377,4
448,2534,30,5,14.933333333333334,4.493303571428571,6.0,19,0.6333333333333333,0.025256511444356748,204,0.45535714285714285,0.17633928571428573,0.5022321428571429,0.49776785714285715,2,0.004464285714285714,69.12097023809527,7.328196428571431,9.81261904761905,10.279547748218288,4
445,2469,30,5,14.833333333333334,4.503370786516854,6.0,14,0.4666666666666667,0.02227622519238558,199,0.44719101123595506,0.20224719101123595,0.4651685393258427,0.5348314606741573,3,0.006741573033707865,61.8568243683782,8.018442542787287,10.441108394458027,11.072351349416056,4
496,2861,28,5,17.714285714285715,4.604838709677419,5.6,30,1.0714285714285714,0.02516602586508214,184,0.3709677419354839,0.23790322580645162,0.5181451612903226,0.48185483870967744,14,0.028225806451612902,62.148400000000024,9.027085714285718,10.342857142857143,10.7630783206399,4
640,3553,24,4,26.666666666666668,4.4109375,6.0,24,1.0,0.017450042217844075,245,0.3828125,0.18125,0.5125,0.4875,7,0.0109375,59.68640995872036,11.621122291021674,13.676883384932921,11.855464076750408,4
412,2377,25,6,16.48,4.597087378640777,4.166666666666667,21,0.84,0.026924694993689526,172,0.4174757281553398,0.18932038834951456,0.5218446601941747,0.47815533980582525,4,0.009708737864077669,66.85058978102191,8.01916690997567,11.150209245742094,11.20814326018867,4
522,2662,34,6,15.352941176470589,3.9846743295019156,5.666666666666667,18,0.5294117647058824,0.02629601803155522,184,0.3524904214559387,0.12260536398467432,0.41954022988505746,0.5804597701149425,5,0.009578544061302681,83.16684484309977,5.480628163311213,7.91202339444382,8.313332769828598,4
572,3298,26,14,22.0,4.625874125874126,1.8571428571428572,18,0.6923076923076923,0.017283201940570043,254,0.44405594405594406,0.1993006993006993,0.5681818181818182,0.4318181818181818,17,0.02972027972027972,55.72041180024169,10.962417102966842,13.701946570009397,12.896187039172386,4
504,2582,23,5,21.91304347826087,4.027777777777778,4.6,22,0.9565217391304348,0.018590240123934933,195,0.3869047619047619,0.1349206349206349,0.4742063492063492,0.5257936507936508,8,0.015873015873015872,66.9254037267081,9.368388543823329,11.463630089717048,10.472087959537523,4
374,2126,16,6,23.375,4.532085561497326,2.6666666666666665,22,1.375,0.02022577610536218,128,0.3422459893048128,0.20320855614973263,0.5374331550802139,0.4625668449197861,5,0.013368983957219251,56.03313750000001,11.266358333333336,13.961666666666668,13.023866798666859,4
485,2947,23,8,21.08695652173913,4.870103092783505,2.875,28,1.2173913043478262,0.021377672209026127,213,0.43917525773195876,0.2597938144329897,0.47216494845360824,0.5278350515463918,2,0.004123711340206186,45.369462809917366,12.396611570247938,15.494214876033059,14.291902434058311,4
540,2931,30,6,18.0,4.281481481481482,5.0,9,0.3,0.018082565677243263,200,0.37037037037037035,0.1648148148148148,0.4462962962962963,0.5537037037037037,1,0.001851851851851852,69.39378228782289,8.223319760783816,10.796895279297622,10.630303351738835,4
518,2948,23,5,22.52173913043478,4.538610038610039,4.6,37,1.608695652173913,0.025101763907734057,228,0.44015444015444016,0.22393822393822393,0.4980694980694981,0.5019305019305019,3,0.005791505791505791,53.11047430830044,11.435709360020184,14.097687326549494,13.513653160720306,4
494,2998,30,4,16.466666666666665,4.870445344129554,7.5,33,1.1,0.030687124749833223,236,0.4777327935222672,0.25303643724696356,0.5910931174089069,0.4089068825910931,7,0.01417004048582996,50.23503401360546,10.310204081632655,12.492517006802721,12.516099999999998,4
480,2600,37,7,12.972972972972974,4.272916666666666,5.285714285714286,18,0.4864864864864865,0.021923076923076924,178,0.37083333333333335,0.15833333333333333,0.47708333333333336,0.5229166666666667,12,0.025,77.02918918918922,5.744864864864866,8.859043659043659,9.77003265185595,4
406,2145,30,5,13.533333333333333,4.150246305418719,6.0,11,0.36666666666666664,0.02843822843822844,182,0.4482758620689655,0.13054187192118227,0.4802955665024631,0.5197044334975369,9,0.022167487684729065,78.1190746268657,5.692218905472636,8.54407960199005,9.3871,4
572,3208,28,5,20.428571428571427,4.498251748251748,5.6,24,0.8571428571428571,0.0199501246882793,204,0.35664335664335667,0.17307692307692307,0.5122377622377622,0.48776223776223776,6,0.01048951048951049,61.018591827768034,9.796868566407234,12.27619884509164,11.765960540728905,4
385,2117,30,9,12.833333333333334,4.218181818181818,3.3333333333333335,14,0.4666666666666667,0.03259329239489844,167,0.43376623376623374,0.17142857142857143,0.5532467532467532,0.44675324675324674,24,0.06233766233766234,73.28196930946294,6.387457447746716,8.97366610812241,9.753983421225431,4
416,2263,34,5,12.235294117647058,4.293269230769231,6.8,10,0.29411764705882354,0.023862129916040652,153,0.36778846153846156,0.18269230769230768,0.4519230769230769,0.5480769230769231,3,0.007211538461538462,76.20967253966027,5.691116804717115,7.411512003369367,9.478462496947788,4
406,2228,22,5,18.454545454545453,4.3817733990147785,4.4,6,0.2727272727272727,0.013913824057450628,180,0.4433497536945813,0.1625615763546798,0.5073891625615764,0.49261083743842365,16,0.03940886699507389,71.06877883310723,7.886114880144735,10.49317051108096,10.018931242160765,4
482,2738,34,6,14.176470588235293,4.464730290456432,5.666666666666667,25,0.7352941176470589,0.02885317750182615,217,0.45020746887966806,0.18049792531120332,0.516597510373444,0.483402489626556,4,0.008298755186721992,69.00733847637417,7.19986017357763,9.675602700096434,10.460712293590639,4
442,2413,28,6,15.785714285714286,4.273755656108597,4.666666666666667,6,0.21428571428571427,0.01740571902196436,178,0.40271493212669685,0.17420814479638008,0.43891402714932126,0.5610859728506787,6,0.013574660633484163,71.0551907744875,7.24354946306541,10.098307842499189,10.530516587383797,4
495,2659,28,5,17.678571428571427,4.248484848484848,5.6,24,0.8571428571428571,0.02181271154569387,235,0.47474747474747475,0.16161616161616163,0.5191919191919192,0.4808080808080808,7,0.014141414141414142,68.70644736842107,8.059135338345865,10.619895893580106,11.135684009426242,4
667,3608,34,4,19.61764705882353,4.2833583208395805,8.5,13,0.38235294117647056,0.01746119733924612,289,0.4332833583208396,0.1679160419790105,0.5622188905547226,0.43778110944527737,50,0.07496251874062969,69.00508638881564,8.522687505495472,11.099287786863625,10.590485417798838,4
326,1839,19,5,17.157894736842106,4.570552147239264,3.8,1,0.05263157894736842,0.010875475802066341,153,0.46932515337423314,0.19631901840490798,0.49079754601226994,0.50920245398773,12,0.03680981595092025,70.19880116959065,7.704353476283302,10.030929174788824,9.93914555978268,4
545,3334,30,4,18.166666666666668,5.01651376146789,7.5,15,0.5,0.016496700659868028,249,0.45688073394495415,0.27155963302752295,0.563302752293578,0.43669724770642204,5,0.009174311926605505,46.51620030581043,11.28435779816514,14.23914373088685,14.458980052321824,4
750,4495,40,4,18.75,4.881333333333333,10.0,30,0.75,0.01957730812013348,275,0.36666666666666664,0.26266666666666666,0.4866666666666667,0.5133333333333333,10,0.013333333333333334,47.43152820427238,11.295393524699598,14.432590120160214,13.778431352249303,4
364,2145,22,6,16.545454545454547,4.7967032967032965,3.6666666666666665,8,0.36363636363636365,0.015850815850815853,169,0.4642857142857143,0.23351648351648352,0.5247252747252747,0.47527472527472525,8,0.02197802197802198,59.260708186840816,9.08141637368157,12.548669010547464,12.24349002098031,4
507,3183,26,4,19.5,5.116370808678501,6.5,20,0.7692307692307693,0.022620169651272386,254,0.5009861932938856,0.29191321499013806,0.5739644970414202,0.4260355029585799,9,0.01775147928994083,43.24919348184821,12.4542698019802,14.43646864686469,14.253075177516354,4
384,2210,21,8,18.285714285714285,4.5546875,2.625,20,0.9523809523809523,0.034389140271493215,188,0.4895833333333333,0.22916666666666666,0.515625,0.484375,4,0.010416666666666666,57.157517716535466,10.019552493438322,11.504514435695539,11.792908689023552,4
415,2681,19,5,21.842105263157894,5.146987951807229,3.8,36,1.894736842105263,0.024990675121223424,221,0.5325301204819277,0.2746987951807229,0.5710843373493976,0.42891566265060244,10,0.024096385542168676,40.80643540669857,13.033062200956937,15.020095693779906,14.554592549557764,4
362,2120,17,3,21.294117647058822,4.7154696132596685,5.666666666666667,22,1.2941176470588236,0.02311320754716981,159,0.43922651933701656,0.23204419889502761,0.5082872928176796,0.49171270718232046,2,0.0055248618784530384,54.045719406876316,10.996473847156594,12.483037314648852,12.42361498592204,4
604,3367,38,6,15.894736842105264,4.468543046357616,6.333333333333333,15,0.39473684210526316,0.022572022572022572,248,0.4105960264900662,0.19536423841059603,0.49337748344370863,0.5066225165562914,1,0.0016556291390728477,67.84793001610885,7.85132092357258,10.238339001252909,10.58352841356552,4
501,2983,28,5,17.892857142857142,4.704590818363274,5.6,39,1.3928571428571428,0.036205162587998656,250,0.499001996007984,0.21756487025948104,0.5808383233532934,0.41916167664670656,3,0.005988023952095809,56.34467131474108,9.854334092202617,13.386568013659648,13.082589965836103,4
438,2503,23,5,19.043478260869566,4.566210045662101,4.6,5,0.21739130434782608,0.01757890531362365,167,0.3812785388127854,0.2054794520547945,0.545662100456621,0.454337899543379,14,0.0319634703196347,49.67206896551724,11.477077175697868,13.527093596059116,12.94502277883236,4
453,2629,25,5,18.12,4.688741721854305,5.0,3,0.12,0.01787751996957018,192,0.423841059602649,0.2141280353200883,0.5033112582781457,0.4966887417218543,6,0.013245033112582781,58.274988079470205,9.632649889624727,11.574710816777042,12.052694948225742,4
471,2597,20,10,23.55,4.399150743099788,2.0,16,0.8,0.016557566422795534,190,0.4033970276008493,0.1740976645435244,0.47983014861995754,0.5201698513800425,15,0.03184713375796178,55.727105263157924,11.631836506159015,14.660694288913774,13.365165419054232,4
591,3293,30,5,19.7,4.313028764805415,6.0,42,1.4,0.032189492863650165,289,0.4890016920473773,0.16074450084602368,0.5177664974619289,0.48223350253807107,14,0.023688663282571912,60.79032455916179,10.532358803986714,13.048913876820855,12.230961643895458,4
485,2756,18,5,26.944444444444443,4.4515463917525775,3.6,10,0.5555555555555556,0.014876632801161103,160,0.32989690721649484,0.19381443298969073,0.47835051546391755,0.5216494845360825,7,0.01443298969072165,54.15159099077515,12.88144962261891,15.626260932071403,13.404572938879603,4
424,2661,22,5,19.272727272727273,5.160377358490566,4.4,16,0.7272727272727273,0.017662532882375046,186,0.4386792452830189,0.29952830188679247,0.5707547169811321,0.42924528301886794,12,0.02830188679245283,44.30281016042784,11.879149732620323,14.033155080213902,13.81666964889586,4
340,1753,18,5,18.88888888888889,4.0588235294117645,3.6,2,0.1111111111111111,0.01825442099258414,165,0.4852941176470588,0.10882352941176471,0.45294117647058824,0.5470588235294118,7,0.020588235294117647,73.95042483660131,7.637254901960787,10.261437908496733,9.994966539143718,4
561,3249,26,6,21.576923076923077,4.645276292335116,4.333333333333333,22,0.8461538461538461,0.028316405047706987,236,0.4206773618538324,0.23529411764705882,0.49732620320855614,0.5026737967914439,7,0.012477718360071301,49.975219738824705,12.420439477649428,15.471253976226354,14.090754383266322,4
378,2089,17,4,22.235294117647058,4.420634920634921,4.25,10,0.5882352941176471,0.01771182383915749,177,0.46825396825396826,0.20634920634920634,0.4947089947089947,0.5052910052910053,6,0.015873015873015872,60.051890756302555,10.40716153127918,13.02110177404295,12.42361498592204,4
413,2348,24,6,17.208333333333332,4.4891041162227605,4.0,21,0.875,0.02555366269165247,178,0.43099273607748184,0.21549636803874092,0.5351089588377724,0.4648910411622276,4,0.009685230024213076,62.26036249096356,9.122567386140663,11.217226066301766,11.552084857699999,4
428,2327,15,6,28.533333333333335,4.38785046728972,2.5,1,0.06666666666666667,0.010313708637730984,185,0.4322429906542056,0.13317757009345793,0.49065420560747663,0.5093457943925234,18,0.04205607476635514,62.63581619937696,11.611364485981309,13.562866043613708,11.072351349416056,4
400,2232,16,5,25.0,4.515,3.2,3,0.1875,0.01478494623655914,140,0.35,0.1725,0.4625,0.5375,1,0.0025,59.24344529301747,11.222280236907732,13.316770573566084,11.578365685549247,4
444,2554,22,5,20.181818181818183,4.592342342342342,4.4,12,0.5454545454545454,0.023101018010963197,172,0.38738738738738737,0.20945945945945946,0.5112612612612613,0.48873873873873874,7,0.015765765765765764,54.69702690166977,10.610040197897344,13.369655741084314,13.023866798666859,4
556,3027,29,5,19.17241379310345,4.311151079136691,5.8,13,0.4482758620689655,0.01850016518004625,216,0.38848920863309355,0.16007194244604317,0.4892086330935252,0.5107913669064749,6,0.01079136690647482,67.4907142857143,8.814285714285717,10.785714285714286,10.451354775682146,4
466,2718,24,5,19.416666666666668,4.669527896995708,4.8,23,0.9583333333333334,0.023178807947019868,198,0.4248927038626609,0.22746781115879827,0.49141630901287553,0.5085836909871244,2,0.004291845493562232,53.98197560748537,10.774091797784191,14.80268131458896,14.046536153873902,4
576,3131,23,10,25.043478260869566,4.295138888888889,2.3,16,0.6956521739130435,0.018524433088470137,229,0.3975694444444444,0.1597222222222222,0.4583333333333333,0.5416666666666666,7,0.012152777777777778,60.739436810092386,11.041297589547195,13.247458136216867,11.801093677801319,4
407,2227,37,5,11.0,4.314496314496314,7.4,13,0.35135135135135137,0.02469690166142793,179,0.4398034398034398,0.14004914004914004,0.5257985257985258,0.4742014742014742,20,0.04914004914004914,83.54428806855636,4.359426499670402,6.676334871456823,7.917944638633934,4
591,3413,31,8,19.06451612903226,4.570219966159052,3.875,30,0.967741935483871,0.028713741576325814,243,0.41116751269035534,0.20473773265651438,0.5025380710659898,0.49746192893401014,6,0.01015228426395939,63.93707779886151,9.109601518026569,11.711032800216863,11.652024361826719,4
244,1481,13,3,18.76923076923077,4.950819672131147,4.333333333333333,7,0.5384615384615384,0.01823092505064146,126,0.5163934426229508,0.2459016393442623,0.5327868852459017,0.4672131147540984,2,0.00819672131147541,54.41799058084774,10.351020408163269,12.27315541601256,12.635684438814376,4
348,2112,16,5,21.75,4.827586206896552,3.2,26,1.625,0.030776515151515152,159,0.45689655172413796,0.23275862068965517,0.514367816091954,0.48563218390804597,6,0.017241379310344827,50.668896321070264,12.784927536231887,16.064659977703457,14.220115178616776,4
399,2418,15,4,26.6,4.9298245614035086,3.75,23,1.5333333333333334,0.02315963606286187,175,0.43859649122807015,0.2781954887218045,0.543859649122807,0.45614035087719296,8,0.020050125313283207,42.82440821024363,14.949226932668331,17.026740840207175,14.554592549557764,4
538,3111,31,6,17.35483870967742,4.618959107806692,5.166666666666667,22,0.7096774193548387,0.02507232401157184,205,0.38104089219330856,0.19330855018587362,0.5185873605947955,0.48141263940520446,19,0.03531598513011153,59.47833333333337,9.931851851851853,11.407407407407408,11.645159339076184,4
489,2742,26,5,18.807692307692307,4.5378323108384455,5.2,6,0.23076923076923078,0.012035010940919038,209,0.4274028629856851,0.19427402862985685,0.5173824130879345,0.48261758691206547,10,0.02044989775051125,66.25841109709965,8.680409836065575,10.786380832282473,10.891193690592665,4
481,2607,25,5,19.24,4.247401247401247,5.0,25,1.0,0.02032988108937476,159,0.3305613305613306,0.18711018711018712,0.4677754677754678,0.5322245322245323,2,0.004158004158004158,64.28988235797402,9.333195585215606,11.97703627652293,11.93303328291395,4
396,2301,23,7,17.217391304347824,4.707070707070707,3.2857142857142856,5,0.21739130434782608,0.014341590612777053,213,0.5378787878787878,0.21717171717171718,0.553030303030303,0.44696969696969696,9,0.022727272727272728,60.53662055335971,9.092964426877469,11.129380764163372,11.718892830421765,4
474,2720,24,5,19.75,4.622362869198312,4.8,8,0.3333333333333333,0.01838235294117647,220,0.4641350210970464,0.2109704641350211,0.5210970464135021,0.47890295358649787,5,0.010548523206751054,57.99942110299236,10.127779227557415,11.99168406402227,12.161744961471694,4
389,2339,14,3,27.785714285714285,4.863753213367609,4.666666666666667,24,1.7142857142857142,0.01966652415562206,186,0.4781491002570694,0.2750642673521851,0.4987146529562982,0.5012853470437018,2,0.005141388174807198,39.87980077120827,14.599641939037827,18.106573632023505,16.17404787264403,4
457,2634,24,5,19.041666666666668,4.61487964989059,4.8,17,0.7083333333333334,0.018982536066818528,203,0.4442013129102845,0.21444201312910285,0.5382932166301969,0.4617067833698031,14,0.030634573304157548,60.799595588235306,9.530187908496732,10.700108932461873,10.222266870305534,4
388,2168,15,5,25.866666666666667,4.448453608247423,3.0,17,1.1333333333333333,0.020756457564575646,160,0.41237113402061853,0.18298969072164947,0.4536082474226804,0.5463917525773195,5,0.01288659793814433,55.02629134532995,12.026827763496144,14.486443873179093,12.913307274991674,4
554,3348,27,4,20.51851851851852,4.855595667870036,6.75,30,1.1111111111111112,0.025985663082437275,291,0.5252707581227437,0.24548736462093862,0.5451263537906137,0.4548736462093863,3,0.005415162454873646,51.07511180679788,11.476574239713774,13.966726296958853,13.397384779245865,4
286,1556,15,3,19.066666666666666,4.3321678321678325,5.0,7,0.4666666666666667,0.017352185089974295,134,0.46853146853146854,0.15734265734265734,0.5034965034965035,0.4965034965034965,5,0.017482517482517484,59.22823004694837,9.701746478873243,10.249389671361504,10.203070172399654,4
410,2224,32,6,12.8125,4.265853658536585,5.333333333333333,5,0.15625,0.02068345323741007,165,0.4024390243902439,0.13902439024390245,0.5341463414634147,0.4658536585365854,6,0.014634146341463415,73.47965086307899,6.320092165898618,8.718862766539093,10.011982343527215,4
395,2321,21,4,18.80952380952381,4.746835443037975,5.25,14,0.6666666666666666,0.020249892287806978,206,0.5215189873417722,0.22278481012658227,0.529113924050633,0.4708860759493671,4,0.010126582278481013,53.80587986463624,10.415467730239307,13.393086777858352,12.865540314611906,4
395,2478,25,5,15.8,5.096202531645569,5.0,13,0.52,0.022195318805488296,202,0.5113924050632911,0.29620253164556964,0.5822784810126582,0.4177215189873418,6,0.015189873417721518,48.890000000000015,10.415000000000003,11.600000000000001,11.979248473330827,4
493,2678,23,5,21.434782608695652,4.399594320486815,4.6,23,1.0,0.019790888722927558,211,0.4279918864097363,0.1643002028397566,0.49898580121703856,0.5010141987829615,13,0.02636916835699797,63.23286785646479,9.38656730586672,11.371330928422253,11.20814326018867,4
429,2245,26,6,16.5,4.118881118881119,4.333333333333333,11,0.4230769230769231,0.023608017817371936,147,0.34265734265734266,0.13053613053613053,0.4358974358974359,0.5641025641025641,3,0.006993006993006993,77.8791083916084,6.495815850815855,8.744522144522145,9.75724932402239,4
503,3014,31,8,16.225806451612904,4.783300198807157,3.875,23,0.7419354838709677,0.02488387524883875,209,0.415506958250497,0.23658051689860835,0.5268389662027833,0.4731610337972167,16,0.03180914512922465,60.91531208245851,8.825862441941847,10.407813195902527,10.738412736547279,4
367,2136,17,5,21.58823529411765,4.708446866485014,3.4,20,1.1764705882352942,0.020131086142322098,187,0.5095367847411444,0.2098092643051771,0.5149863760217984,0.48501362397820164,0,0.0,52.624036845507476,11.238610213316097,13.619650937297997,13.310731037718625,4
361,2258,20,5,18.05,5.157894736842105,4.0,10,0.5,0.016386182462356066,153,0.42382271468144045,0.29085872576177285,0.5983379501385041,0.40166204986149584,3,0.008310249307479225,41.81175692520776,11.911549861495846,12.206149584487536,12.251624239485473,4
495,2694,28,7,17.678571428571427,4.307070707070707,4.0,31,1.1071428571428572,0.023756495916852263,185,0.37373737373737376,0.15353535353535352,0.4767676767676768,0.5232323232323233,4,0.00808080808080808,71.61219667943807,7.806973180076632,11.198227030275712,11.20814326018867,4
718,3923,31,5,23.161290322580644,4.387186629526463,6.2,19,0.6129032258064516,0.013510068824878919,284,0.3955431754874652,0.1713091922005571,0.49303621169916434,0.5069637883008357,6,0.008356545961002786,59.607627369934434,10.699170635277202,13.275658190313596,12.699359527272751,4
464,2454,25,5,18.56,4.021551724137931,5.0,25,1.0,0.027709861450692746,200,0.43103448275862066,0.1206896551724138,0.47844827586206895,0.521551724137931,11,0.023706896551724137,74.95349655172414,7.4156413793103475,9.665379310344827,9.3871,4
414,2290,21,5,19.714285714285715,4.367149758454106,4.2,24,1.1428571428571428,0.028384279475982533,191,0.4613526570048309,0.16183574879227053,0.572463768115942,0.427536231884058,4,0.00966183574879227,66.83556093623892,8.822857142857146,10.287974172719936,9.957137785484202,4
451,2518,26,6,17.346153846153847,4.423503325942351,4.333333333333333,15,0.5769230769230769,0.018665607625099286,218,0.48337028824833705,0.19290465631929046,0.532150776053215,0.4678492239467849,10,0.022172949002217297,65.10188259109314,8.5359649122807,11.576788124156547,11.285456440507943,4
509,2909,28,8,18.178571428571427,4.567779960707269,3.5,10,0.35714285714285715,0.0178755586112066,192,0.37721021611001965,0.2200392927308448,0.49901768172888017,0.5009823182711198,6,0.011787819253438114,55.915773575638525,9.976263682290206,11.043530732528769,11.27995839037828,4
361,2048,17,5,21.235294117647058,4.587257617728532,3.4,0,0.0,0.01025390625,152,0.42105263157894735,0.20498614958448755,0.4598337950138504,0.5401662049861495,5,0.013850415512465374,60.45079691094317,10.059254025632601,11.998948406178114,11.557038098267885,4
396,2244,17,6,23.294117647058822,4.555555555555555,2.8333333333333335,20,1.1764705882352942,0.018270944741532978,187,0.4722222222222222,0.1919191919191919,0.5277777777777778,0.4722222222222222,13,0.03282828282828283,60.35056149732621,10.628544266191323,12.954010695187165,11.78182255692154,4
435,2480,22,5,19.772727272727273,4.613793103448276,4.4,11,0.5,0.01532258064516129,201,0.46206896551724136,0.2206896551724138,0.49885057471264366,0.5011494252873563,5,0.011494252873563218,61.129819749216324,9.645041797283177,11.311389759665623,11.479024033405114,4
657,3748,36,6,18.25,4.528158295281583,6.0,18,0.5,0.021077908217716115,252,0.3835616438356164,0.1963470319634703,0.4840182648401826,0.5159817351598174,12,0.0182648401826484,59.240579185520374,9.702390002154708,12.88634346046111,12.238838635109133,4
494,2579,7,3,70.57142857142857,4.1923076923076925,2.3333333333333335,0,0.0,0.0046529662659945716,230,0.46558704453441296,0.1417004048582996,0.46356275303643724,0.5364372469635628,7,0.01417004048582996,8.012010796221361,32.595708502024294,35.44345479082321,17.693802365651003,4
478,2916,24,7,19.916666666666668,5.00418410041841,3.4285714285714284,8,0.3333333333333333,0.013031550068587106,175,0.36610878661087864,0.2594142259414226,0.5460251046025104,0.45397489539748953,3,0.006276150627615063,51.287938848295056,11.063896137787058,12.659742519137092,12.885471636013051,4
741,4362,35,5,21.17142857142857,4.757085020242915,7.0,42,1.2,0.022925263640531865,257,0.3468286099865047,0.2253711201079622,0.543859649122807,0.45614035087719296,2,0.002699055330634278,49.165456521739145,11.625816770186336,13.737515527950311,12.976636138547548,4
402,2224,29,5,13.862068965517242,4.375621890547263,5.8,10,0.3448275862068966,0.021133093525179857,158,0.39303482587064675,0.16417910447761194,0.48756218905472637,0.5124378109452736,0,0.0,69.87352404643451,7.21218905472637,9.836152570480929,10.585719281625629,4
423,2552,20,6,21.15,4.929078014184397,3.3333333333333335,18,0.9,0.01841692789968652,178,0.42080378250591016,0.24822695035460993,0.5390070921985816,0.46099290780141844,5,0.01182033096926714,51.70238625592418,11.289710900473938,14.980284360189575,14.265292616868656,4
259,1425,18,5,14.38888888888889,4.413127413127413,3.6,8,0.4444444444444444,0.02245614035087719,122,0.47104247104247104,0.1891891891891892,0.4980694980694981,0.5019305019305019,2,0.007722007722007722,69.46163654618478,7.007409638554218,9.71004016064257,10.25414643259724,4
350,1963,19,5,18.42105263157895,4.468571428571429,3.8,11,0.5789473684210527,0.018339276617422313,148,0.4228571428571429,0.24285714285714285,0.5085714285714286,0.49142857142857144,10,0.02857142857142857,59.5195780527807,9.573069926942,12.190785746235276,11.822596298655498,4
531,3123,21,7,25.285714285714285,4.401129943502825,3.0,24,1.1428571428571428,0.018892090938200448,205,0.3860640301318267,0.1713747645951036,0.5310734463276836,0.4689265536723164,4,0.007532956685499058,55.68121325828645,11.798252479228093,13.304350933619226,11.675519718221192,4
417,2422,31,8,13.451612903225806,4.601918465227818,3.875,23,0.7419354838709677,0.02518579686209744,211,0.5059952038369304,0.22302158273381295,0.4892086330935252,0.5107913669064749,4,0.009592326139088728,61.86174666313093,8.486088570670912,11.171607884734378,11.282606062493063,4
568,2985,23,4,24.695652173913043,4.036971830985915,5.75,3,0.13043478260869565,0.01507537688442211,221,0.3890845070422535,0.13732394366197184,0.4823943661971831,0.5176056338028169,24,0.04225352112676056,69.77487550445444,9.69462575192264,12.242168582958959,10.568078804390687,4
521,3081,24,5,21.708333333333332,4.817658349328215,4.8,16,0.6666666666666666,0.02044790652385589,199,0.381957773512476,0.2629558541266795,0.5067178502879078,0.4932821497120921,4,0.007677543186180422,52.7371794871795,11.286153846153848,13.66666666666667,13.361668897886787,4
391,2105,16,5,24.4375,4.283887468030691,3.2,15,0.9375,0.027078384798099764,186,0.47570332480818417,0.15089514066496162,0.5012787723785166,0.49872122762148335,6,0.015345268542199489,62.43338068181819,10.528920454545453,13.261363636363638,11.93303328291395,4
441,2471,21,5,21.0,4.478458049886621,4.2,15,0.7142857142857143,0.018211250505868068,143,0.3242630385487528,0.21315192743764172,0.4399092970521542,0.5600907029478458,6,0.013605442176870748,61.855410958904145,9.813235485975216,12.543770384866276,12.540900571622839,4
321,1766,20,5,16.05,4.367601246105919,4.0,8,0.4,0.021517553793884484,131,0.40809968847352024,0.1588785046728972,0.45482866043613707,0.5451713395638629,3,0.009345794392523364,71.15546495327104,7.32183644859813,9.784485981308412,10.241411754978124,4
449,2663,26,5,17.26923076923077,4.799554565701559,5.2,9,0.34615384615384615,0.018024784078107398,185,0.41202672605790647,0.2383073496659243,0.5278396436525612,0.47216035634743875,17,0.0378619153674833,61.38572956191791,8.958744394618837,10.538668506381512,10.727762888450027,4
452,2667,27,6,16.74074074074074,4.800884955752212,4.5,11,0.4074074074074074,0.01987251593550806,208,0.46017699115044247,0.2831858407079646,0.497787610619469,0.5022123893805309,5,0.011061946902654867,57.447037858257374,9.396284799211628,11.825605649995893,12.392965224024412,4
507,2781,26,5,19.5,4.31163708086785,5.2,23,0.8846153846153846,0.02193455591513844,188,0.3708086785009862,0.14990138067061143,0.4930966469428008,0.5069033530571992,4,0.007889546351084813,65.13615683926969,9.08536964980545,11.798742891349896,11.437924896087662,4
364,2088,19,5,19.157894736842106,4.631868131868132,3.8,16,0.8421052631578947,0.019636015325670497,179,0.49175824175824173,0.17032967032967034,0.5192307692307693,0.4807692307692308,0,0.0,62.93359552195406,9.214559464960747,11.930444896772318,11.723238792162213,4
476,2620,24,5,19.833333333333332,4.42436974789916,4.8,10,0.4166666666666667,0.02099236641221374,193,0.4054621848739496,0.20378151260504201,0.45588235294117646,0.5441176470588235,4,0.008403361344537815,63.757884615384654,9.210726495726497,11.902564102564103,11.777199140851707,4
348,1832,20,1,17.4,4.132183908045977,20.0,10,0.5,0.025655021834061136,168,0.4827586206896552,0.15804597701149425,0.4540229885057471,0.5459770114942529,5,0.014367816091954023,73.77478571428576,7.3167142857142835,9.514285714285714,9.766711354998122,4
469,2759,32,6,14.65625,4.718550106609808,5.333333333333333,29,0.90625,0.02790866255889815,221,0.47121535181236673,0.21961620469083157,0.5373134328358209,0.4626865671641791,4,0.008528784648187633,65.00115384615385,8.202083701738875,10.215856174476864,10.47874826744603,4
370,2136,20,5,18.5,4.605405405405405,4.0,5,0.25,0.016853932584269662,181,0.4891891891891892,0.21081081081081082,0.5108108108108108,0.4891891891891892,4,0.010810810810810811,61.572274128686345,9.304411528150133,12.285737265415548,12.07096230602999,4
392,2186,17,4,23.058823529411764,4.354591836734694,4.25,18,1.0588235294117647,0.024702653247941447,145,0.36989795918367346,0.17091836734693877,0.4489795918367347,0.5510204081632653,3,0.007653061224489796,61.925702280912375,10.350390156062428,13.611284513805522,12.526319926815653,4
595,3351,21,3,28.333333333333332,4.53109243697479,7.0,16,0.7619047619047619,0.013130408833184124,256,0.43025210084033616,0.20504201680672268,0.5058823529411764,0.49411764705882355,2,0.0033613445378151263,48.00551454138704,13.614141898370086,15.379226589964844,13.5591,4
521,3061,25,4,20.84,4.765834932821497,6.25,13,0.52,0.015354459327017315,226,0.43378119001919385,0.26103646833013433,0.5489443378119002,0.4510556621880998,11,0.02111324376199616,53.017908637236104,11.041630710172747,13.096076775431863,12.619826905774921,4
362,2103,20,6,18.1,4.638121546961326,3.3333333333333335,11,0.55,0.018544935805991442,167,0.4613259668508287,0.22375690607734808,0.5082872928176796,0.49171270718232046,10,0.027624309392265192,60.20476229508199,9.408202185792351,12.784480874316941,12.428777171816233,4
536,2970,25,4,21.44,4.440298507462686,6.25,9,0.36,0.012794612794612794,228,0.4253731343283582,0.19776119402985073,0.503731343283582,0.4962686567164179,12,0.022388059701492536,60.013566604823765,10.244745083487942,12.631421150278292,12.619826905774921,4
928,5005,42,5,22.095238095238095,4.234913793103448,8.4,50,1.1904761904761905,0.027172827172827173,377,0.40625,0.13793103448275862,0.5118534482758621,0.48814655172413796,7,0.007543103448275862,68.58589228295823,9.211620731894048,11.415189098147298,10.344454807630738,4
593,3265,41,5,14.463414634146341,4.3946037099494095,8.2,21,0.5121951219512195,0.02327718223583461,217,0.36593591905564926,0.13659359190556492,0.47386172006745364,0.5261382799325464,5,0.008431703204047217,74.1395253790376,6.505408701384312,8.34317732366513,9.500547302748984,4
587,3050,21,4,27.952380952380953,4.076660988074957,5.25,16,0.7619047619047619,0.015737704918032787,234,0.3986371379897785,0.12947189097103917,0.48722316865417375,0.5127768313458262,13,0.022146507666098807,61.6108558558559,11.669150579150578,13.573487773487773,11.30375656770974,4
354,1996,21,6,16.857142857142858,4.46045197740113,3.5,19,0.9047619047619048,0.026052104208416832,176,0.4971751412429379,0.16666666666666666,0.5508474576271186,0.4491525423728814,2,0.005649717514124294,63.78093220338985,8.550952380952385,11.26263115415658,11.491704259439757,4
339,1686,27,4,12.555555555555555,3.831858407079646,6.75,15,0.5555555555555556,0.03084223013048636,163,0.4808259587020649,0.07669616519174041,0.45722713864306785,0.5427728613569321,5,0.014749262536873156,89.04998910675383,3.9669934640522904,6.3311546840958615,6.937597516519254,4
680,4135,34,6,20.0,4.8617647058823525,5.666666666666667,53,1.5588235294117647,0.02902055622732769,342,0.5029411764705882,0.25,0.6,0.4,8,0.011764705882352941,49.85316467996893,11.281676168264664,13.709268376954308,13.216016132239005,4
469,2669,29,7,16.17241379310345,4.484008528784648,4.142857142857143,22,0.7586206896551724,0.02397901835893593,195,0.4157782515991471,0.19829424307036247,0.48187633262260127,0.5181236673773987,5,0.010660980810234541,66.51002114164906,8.034459429904498,9.822235182620107,10.324001499409626,4
342,2101,16,5,21.375,4.9298245614035086,3.2,14,0.875,0.020942408376963352,144,0.42105263157894735,0.2807017543859649,0.5409356725146199,0.4590643274853801,2,0.005847953216374269,47.471752167630086,12.010223988439307,15.008381502890174,13.720815070044132,4
399,2334,17,8,23.470588235294116,4.719298245614035,2.125,6,0.35294117647058826,0.011996572407883462,190,0.47619047619047616,0.24060150375939848,0.5238095238095238,0.47619047619047616,14,0.03508771929824561,52.93411764705883,11.794509803921574,13.282498184458971,12.319762396917735,4
481,2703,21,4,22.904761904761905,4.555093555093555,5.25,5,0.23809523809523808,0.011838697743248243,193,0.40124740124740127,0.1891891891891892,0.47401247401247404,0.525987525987526,3,0.006237006237006237,61.3658335073069,10.649873695198334,13.504843423799583,12.516099999999998,4
615,3828,26,5,23.653846153846153,4.74959349593496,5.2,20,0.7692307692307693,0.017502612330198536,272,0.44227642276422763,0.27154471544715447,0.5008130081300813,0.4991869918699187,13,0.02113821138211382,47.617227169382346,12.43662561576355,15.346242263483644,14.16338327113693,4
439,2430,26,6,16.884615384615383,4.3690205011389525,4.333333333333333,30,1.1538461538461537,0.030864197530864196,194,0.4419134396355353,0.21184510250569477,0.489749430523918,0.510250569476082,4,0.009111617312072893,62.83615384615386,8.680000000000003,11.30467158412364,11.362043627235082,4
478,2864,24,5,19.916666666666668,4.817991631799163,4.8,37,1.5416666666666667,0.026885474860335195,244,0.5104602510460251,0.26569037656903766,0.5648535564853556,0.4351464435146444,4,0.008368200836820083,51.224185843793606,11.062437238493729,12.903905160390517,12.954912879858846,4
394,2379,17,5,23.176470588235293,4.934010152284264,3.4,17,1.0,0.015132408575031526,147,0.3730964467005076,0.2614213197969543,0.5456852791878173,0.4543147208121827,3,0.007614213197969543,47.17788742908331,12.436640788295016,16.986324275903254,15.599000395847309,4
588,3369,33,6,17.818181818181817,4.620748299319728,5.5,12,0.36363636363636365,0.017809439002671415,225,0.3826530612244898,0.22108843537414966,0.49489795918367346,0.5051020408163265,4,0.006802721088435374,58.23682356813694,9.848575817423747,11.260566161948653,11.652024361826719,4
503,2994,31,5,16.225806451612904,4.819085487077535,6.2,19,0.6129032258064516,0.025050100200400802,231,0.4592445328031809,0.26043737574552683,0.558648111332008,0.441351888667992,7,0.013916500994035786,53.09271629778672,10.111499340872825,11.442697564698536,12.192838495634202,4
623,3330,35,7,17.8,4.258426966292135,5.0,6,0.17142857142857143,0.014414414414414415,270,0.4333868378812199,0.1476725521669342,0.4895666131621188,0.5104333868378812,8,0.012841091492776886,69.24169453376207,8.016419843821772,10.002462103812588,10.54624756493357,4
550,2991,23,5,23.91304347826087,4.336363636363636,4.6,6,0.2608695652173913,0.015045135406218655,254,0.4618181818181818,0.1509090909090909,0.5163636363636364,0.48363636363636364,14,0.025454545454545455,65.16867502380198,10.088670263408442,12.085179308156142,11.295486806799005,4
535,2971,13,4,41.15384615384615,4.457943925233645,3.25,32,2.4615384615384617,0.019185459441265568,239,0.44672897196261685,0.18130841121495328,0.4691588785046729,0.5308411214953271,2,0.003738317757009346,39.34845579793344,18.01388059701493,19.55200918484501,15.299343439825492,4
485,2820,33,12,14.696969696969697,4.560824742268041,2.75,34,1.0303030303030303,0.02801418439716312,205,0.422680412371134,0.20824742268041238,0.49690721649484537,0.5030927835051546,3,0.006185567010309278,59.57512508229101,8.87655694535879,11.383805134957209,11.955425688602833,4
363,2119,24,5,15.125,4.694214876033058,4.8,17,0.7083333333333334,0.03303445021236432,185,0.509641873278237,0.2231404958677686,0.465564738292011,0.5344352617079889,1,0.0027548209366391185,57.892788242009175,8.962619863013703,12.001141552511417,12.457975602129121,4
306,1688,17,6,18.0,4.336601307189542,2.8333333333333335,17,1.0,0.027251184834123223,146,0.477124183006536,0.1503267973856209,0.5098039215686274,0.49019607843137253,7,0.02287581699346405,68.63650974025975,8.468149350649352,10.037662337662338,9.978442167317969,4
341,1975,13,5,26.23076923076923,4.689149560117302,2.6,9,0.6923076923076923,0.013164556962025316,137,0.40175953079178883,0.24633431085043989,0.5219941348973607,0.4780058651026393,8,0.02346041055718475,52.5846779964222,12.498604651162793,13.491592128801432,11.807384569943707,4
626,3723,27,5,23.185185185185187,4.825878594249201,5.4,27,1.0,0.020950846091861403,218,0.34824281150159747,0.2476038338658147,0.5511182108626198,0.4488817891373802,6,0.009584664536741214,51.783535888830016,11.8240134251899,13.57924983807337,12.650343791298138,4
458,2425,22,5,20.818181818181817,4.137554585152839,4.4,10,0.45454545454545453,0.016907216494845362,168,0.36681222707423583,0.15502183406113537,0.42139737991266374,0.5786026200873362,6,0.013100436681222707,74.93721003134797,8.046661442006272,10.505329153605016,10.125756701596842,4
381,2174,18,4,21.166666666666668,4.488188976377953,4.5,42,2.3333333333333335,0.042778288868445265,184,0.48293963254593175,0.17585301837270342,0.6456692913385826,0.3543307086614173,8,0.02099737532808399,58.90196666666668,10.219266666666666,12.173333333333332,12.161744961471694,4
558,3147,25,5,22.32,4.487455197132617,5.0,27,1.08,0.024467747060692723,227,0.4068100358422939,0.16308243727598568,0.5089605734767025,0.4910394265232975,11,0.01971326164874552,62.50848648648652,10.055747747747748,12.843963963963965,11.905187351434009,4
458,2921,26,5,17.615384615384617,5.255458515283843,5.2,7,0.2692307692307692,0.015748031496062992,177,0.3864628820960699,0.32751091703056767,0.6200873362445415,0.3799126637554585,8,0.017467248908296942,46.734777327935234,11.097807017543861,11.489068825910932,11.87940476392328,4
478,2497,16,5,29.875,4.123430962343096,3.2,19,1.1875,0.01802162595114137,143,0.29916317991631797,0.1589958158995816,0.4560669456066946,0.5439330543933054,2,0.0041841004184100415,61.824008891213396,12.057902719665275,14.711506276150628,12.815532586354998,4
468,2592,26,5,18.0,4.444444444444445,5.2,7,0.2692307692307692,0.015817901234567902,185,0.3952991452991453,0.1794871794871795,0.5235042735042735,0.47649572649572647,6,0.01282051282051282,65.46115384615386,8.600512820512822,10.875213675213676,11.362043627235082,4
438,2495,22,4,19.90909090909091,4.5228310502283104,5.5,18,0.8181818181818182,0.02965931863727455,215,0.4908675799086758,0.18036529680365296,0.54337899543379,0.45662100456621,14,0.0319634703196347,62.08910402429767,9.792469899121382,12.09766785985465,11.855464076750408,4
356,1976,22,5,16.181818181818183,4.407303370786517,4.4,8,0.36363636363636365,0.01720647773279352,186,0.5224719101123596,0.199438202247191,0.4887640449438202,0.5112359550561798,10,0.028089887640449437,66.08207330969867,8.096096480121549,10.426994175740695,10.735267742514802,4
335,1913,19,9,17.63157894736842,4.567164179104478,2.111111111111111,15,0.7894736842105263,0.020909566126502875,151,0.4507462686567164,0.22686567164179106,0.45671641791044776,0.5432835820895522,2,0.005970149253731343,60.64999214454048,9.18004713275727,12.425765907305578,12.579926864409941,4
369,2025,25,5,14.76,4.368563685636857,5.0,10,0.4,0.022222222222222223,171,0.4634146341463415,0.17344173441734417,0.5176151761517616,0.4823848238482385,7,0.018970189701897018,72.58061304347828,6.792647826086959,9.257565217391306,10.078955797065145,4
573,3601,26,5,22.03846153846154,5.144851657940663,5.2,22,0.8461538461538461,0.024993057484032213,264,0.4607329842931937,0.32111692844677137,0.5462478184991274,0.4537521815008726,5,0.008726003490401396,40.20889633507855,13.344960558464226,16.288418848167538,15.328187801962898,4
373,2016,24,4,15.541666666666666,4.273458445040214,6.0,9,0.375,0.020337301587301588,164,0.43967828418230565,0.18498659517426275,0.46380697050938335,0.5361930294906166,9,0.024128686327077747,68.12937723413764,7.6176306970509415,11.14964253798034,11.37473899888905,4
465,2691,15,5,31.0,4.683870967741935,3.0,10,0.6666666666666666,0.011891490152359718,197,0.4236559139784946,0.23870967741935484,0.46236559139784944,0.5376344086021505,6,0.012903225806451613,44.74032258064517,14.720215053763443,17.991397849462366,15.202697889610203,4
369,2265,22,6,16.772727272727273,4.986449864498645,3.6666666666666665,22,1.0,0.022516556291390728,206,0.5582655826558266,0.2682926829268293,0.5501355013550135,0.44986449864498645,6,0.016260162601626018,51.88941031941033,10.199901719901721,12.457002457002458,12.324508414480071,4
466,2559,27,7,17.25925925925926,4.257510729613734,3.857142857142857,17,0.6296296296296297,0.028917545916373584,207,0.44420600858369097,0.17381974248927037,0.5236051502145923,0.47639484978540775,22,0.04721030042918455,68.82307595731326,8.00277777777778,10.297677338355307,10.421817524276452,4
367,2152,22,4,16.681818181818183,4.700272479564033,5.5,20,0.9090909090909091,0.027881040892193308,186,0.5068119891008175,0.22888283378746593,0.4986376021798365,0.5013623978201635,8,0.021798365122615803,62.58679582712372,8.66266269249876,10.80755091902633,10.92785942931718,4
368,2078,25,6,14.72,4.491847826086956,4.166666666666667,9,0.36,0.025024061597690085,192,0.5217391304347826,0.1983695652173913,0.5081521739130435,0.49184782608695654,15,0.04076086956521739,66.44384390243904,7.658540921409212,9.481235772357724,10.264317810270406,4
669,3648,28,4,23.892857142857142,4.345291479820628,7.0,15,0.5357142857142857,0.012883771929824562,262,0.39162929745889385,0.15994020926756353,0.5007473841554559,0.4992526158445441,29,0.043348281016442454,61.34509920634923,10.886011904761904,13.705555555555556,12.457975602129121,4
398,2167,19,5,20.94736842105263,4.376884422110553,3.8,5,0.2631578947368421,0.011075219197046609,188,0.4723618090452261,0.17587939698492464,0.4798994974874372,0.5201005025125628,5,0.01256281407035176,63.18663168785105,10.262196275495125,12.078273721548921,11.326091736570909,4
515,2742,27,7,19.074074074074073,4.186407766990291,3.857142857142857,21,0.7777777777777778,0.019693654266958426,217,0.42135922330097086,0.1378640776699029,0.5009708737864078,0.49902912621359224,8,0.015533980582524271,71.0541750841751,8.10563077584354,10.212450748620961,9.633347757342033,4
483,2476,20,3,24.15,4.068322981366459,6.666666666666667,4,0.2,0.011308562197092083,202,0.41821946169772256,0.12629399585921325,0.4658385093167702,0.5341614906832298,10,0.020703933747412008,70.39852639751555,9.439680124223603,11.813209109730849,10.793553405168563,4
379,2195,17,4,22.294117647058822,4.699208443271768,4.25,8,0.47058823529411764,0.015034168564920273,138,0.3641160949868074,0.24274406332453827,0.503957783641161,0.49604221635883905,10,0.026385224274406333,50.0518531739873,11.816579233276425,12.928201148533294,13.404572938879603,4
651,3725,31,7,21.0,4.551459293394777,4.428571428571429,45,1.4516129032258065,0.026845637583892617,293,0.4500768049155146,0.19969278033794163,0.4731182795698925,0.5268817204301075,17,0.026113671274961597,62.22038689887198,9.805832178903625,11.848486047892342,11.273036216398935,4
530,3156,29,5,18.275862068965516,4.79433962264151,5.8,27,0.9310344827586207,0.028833967046894803,248,0.4679245283018868,0.22641509433962265,0.5433962264150943,0.45660377358490567,10,0.018867924528301886,54.04775862068965,10.192452107279696,12.793869731800767,12.557966407163583,4
402,2310,20,5,20.1,4.592039800995025,4.0,17,0.85,0.023809523809523808,192,0.47761194029850745,0.22139303482587064,0.5,0.5,2,0.004975124378109453,57.36903802992521,10.238477556109729,13.606034912718208,12.941063947141263,4
348,1971,17,5,20.470588235294116,4.551724137931035,3.4,19,1.1176470588235294,0.020294266869609334,163,0.46839080459770116,0.25,0.4827586206896552,0.5172413793103449,2,0.005747126436781609,63.971237497881006,9.407475843363283,10.816002712324122,11.08844711333714,4
408,2405,16,5,25.5,4.78921568627451,3.2,23,1.4375,0.019126819126819128,181,0.44362745098039214,0.23774509803921567,0.5269607843137255,0.4730392156862745,1,0.0024509803921568627,52.914322686322706,12.619518427518429,14.391416871416872,13.454273218885966,4
393,2220,20,6,19.65,4.524173027989822,3.3333333333333335,12,0.6,0.018468468468468467,191,0.4860050890585242,0.183206106870229,0.4910941475826972,0.5089058524173028,12,0.030534351145038167,66.595845177665,8.864573604060915,11.027208121827412,10.577609850970193,4
401,2357,23,8,17.434782608695652,4.728179551122195,2.875,17,0.7391304347826086,0.02078913873568095,185,0.4613466334164589,0.22693266832917705,0.5187032418952618,0.48129675810473815,10,0.02493765586034913,50.96350000000004,11.119500000000002,13.3,12.516099999999998,4
445,2658,22,5,20.227272727272727,4.831460674157303,4.4,21,0.9545454545454546,0.0218209179834462,232,0.5213483146067416,0.21123595505617979,0.5460674157303371,0.45393258426966293,4,0.008988764044943821,53.53956223306898,10.839236322961153,12.691031116534473,12.641684177145173,4
460,2724,24,5,19.166666666666668,4.730434782608696,4.8,29,1.2083333333333333,0.022026431718061675,183,0.3978260869565217,0.2782608695652174,0.5195652173913043,0.48043478260869565,1,0.002173913043478261,51.721621926970386,10.817085140997833,13.670318148951555,13.361668897886787,4
558,3235,28,6,19.928571428571427,4.666666666666667,4.666666666666667,16,0.5714285714285714,0.02071097372488408,203,0.36379928315412186,0.22759856630824374,0.5268817204301075,0.4731182795698925,3,0.005376344086021506,51.02573200992558,11.473906810035846,14.03264405845051,13.579138443065101,4
569,2949,24,7,23.708333333333332,4.042179261862917,3.4285714285714284,15,0.625,0.02305866395388267,205,0.3602811950790861,0.14586994727592267,0.437609841827768,0.562390158172232,7,0.012302284710017574,65.31234219390747,10.039378295254835,13.560661980082015,12.236705956012809,4
488,2986,18,6,27.11111111111111,4.944672131147541,3.0,31,1.7222222222222223,0.024447421299397188,227,0.4651639344262295,0.27049180327868855,0.514344262295082,0.48565573770491804,3,0.006147540983606557,39.76405695611581,14.282577030812327,17.72063492063492,15.832023613614833,4
466,2808,27,5,17.25925925925926,4.611587982832618,5.4,20,0.7407407407407407,0.030626780626780627,196,0.4206008583690987,0.20600858369098712,0.5021459227467812,0.4978540772532189,8,0.017167381974248927,60.18373757961784,9.545285774946922,11.952135881104034,11.525088041916213,4
406,2173,28,6,14.5,4.214285714285714,4.666666666666667,13,0.4642857142857143,0.025310630464795213,204,0.5024630541871922,0.16995073891625614,0.49261083743842365,0.5073891625615764,0,0.0,67.65597222222223,7.416009700176371,10.131393298059965,11.062562989136584,4
487,2624,18,7,27.055555555555557,4.283367556468172,2.5714285714285716,11,0.6111111111111112,0.012957317073170731,227,0.46611909650924027,0.1601642710472279,0.49691991786447637,0.5030800821355236,16,0.03285420944558522,61.097643149284266,11.486390593047037,14.220449897750512,12.360288348925252,4
441,2679,18,5,24.5,4.950113378684807,3.6,20,1.1111111111111112,0.01941022769690183,153,0.3469387755102041,0.29705215419501135,0.546485260770975,0.45351473922902497,12,0.027210884353741496,47.47005632360475,12.628079877112139,13.60757808499744,13.115064733898606,4
386,2151,29,5,13.310344827586206,4.435233160621761,5.8,10,0.3448275862068966,0.020455602045560205,171,0.4430051813471503,0.16580310880829016,0.5284974093264249,0.47150259067357514,2,0.0051813471502590676,72.56178756476687,6.445075933535822,8.225692335179561,9.581879112588783,4
498,2964,22,5,22.636363636363637,4.7991967871485945,4.4,24,1.0909090909090908,0.019568151147098516,209,0.41967871485943775,0.24096385542168675,0.5381526104417671,0.46184738955823296,2,0.004016064257028112,50.2161609582802,11.889977227181639,14.924430679540903,14.489489497964168,4
502,2584,32,6,15.6875,4.073705179282869,5.333333333333333,0,0.0,0.01238390092879257,173,0.34462151394422313,0.14143426294820718,0.44621513944223107,0.5537848605577689,11,0.021912350597609563,79.17951817729086,6.112587151394422,8.506075697211157,8.472884824447931,4
578,3324,28,5,20.642857142857142,4.602076124567474,5.6,46,1.6428571428571428,0.026474127557160047,241,0.41695501730103807,0.1903114186851211,0.5380622837370242,0.4619377162629758,6,0.010380622837370242,58.05642015706806,10.245521690351534,12.234579905260535,12.28987398476788,4
675,3637,30,6,22.5,4.314074074074074,5.0,14,0.4666666666666667,0.013747594171020072,273,0.40444444444444444,0.16592592592592592,0.48,0.52,7,0.01037037037037037,64.28593273986155,9.874077151335314,12.488150346191889,11.917574213422942,4
647,3498,31,5,20.870967741935484,4.290571870170015,6.2,26,0.8387096774193549,0.018582046883933678,256,0.3956723338485317,0.14219474497681608,0.5054095826893354,0.4945904173106646,3,0.00463678516228748,68.39688602813263,8.920293255131966,11.579124210944878,11.273036216398935,4
391,2174,20,7,19.55,4.419437340153452,2.857142857142857,18,0.9,0.02391904323827047,166,0.42455242966751916,0.17647058823529413,0.4859335038363171,0.5140664961636828,7,0.017902813299232736,69.00121915167098,8.46696529562982,11.89311053984576,11.407655852321103,4
394,2137,21,5,18.761904761904763,4.2944162436548226,4.2,26,1.2380952380952381,0.02526906878802059,172,0.4365482233502538,0.1649746192893401,0.46446700507614214,0.5355329949238579,2,0.005076142131979695,71.5957251908397,7.922311886586698,10.539149400218104,10.504223727775692,4
703,3714,40,8,17.575,4.152204836415363,5.0,15,0.375,0.01992460958535272,313,0.44523470839260315,0.14793741109530584,0.49359886201991465,0.5064011379800853,9,0.012802275960170697,70.74562500000002,7.770274822695036,9.659929078014185,10.467255456243755,4
524,3169,30,5,17.466666666666665,4.877862595419847,6.0,23,0.7666666666666667,0.022404544020195646,237,0.45229007633587787,0.2652671755725191,0.549618320610687,0.45038167938931295,9,0.01717557251908397,55.38353358681877,9.890205323193918,11.576070975918887,11.729898335038438,4
466,2349,20,5,23.3,3.9463519313304722,4.0,12,0.6,0.01489995742869306,184,0.3948497854077253,0.11373390557939914,0.4313304721030043,0.5686695278969958,4,0.008583690987124463,74.80327248394005,8.626564239828692,11.22436830835118,10.467255456243755,4
388,2094,19,5,20.42105263157895,4.278350515463917,3.8,22,1.1578947368421053,0.023400191021967526,170,0.4381443298969072,0.17010309278350516,0.4793814432989691,0.520618556701031,5,0.01288659793814433,67.89593635250922,8.849291445668431,11.041425268597852,10.992663274268292,4
525,2884,27,6,19.444444444444443,4.365714285714286,4.5,19,0.7037037037037037,0.02288488210818308,233,0.4438095238095238,0.15619047619047619,0.5142857142857142,0.4857142857142857,7,0.013333333333333334,66.14269230769234,9.002307692307696,10.846153846153847,10.560738912317856,4
562,3113,27,1,20.814814814814813,4.4412811387900355,27.0,13,0.48148148148148145,0.016061676839061997,220,0.3914590747330961,0.19750889679715303,0.44483985765124556,0.5551601423487544,0,0.0,60.42954377224203,10.415278291814946,12.621893238434165,11.830495888017047,4
353,2008,21,4,16.80952380952381,4.552407932011332,5.25,9,0.42857142857142855,0.015438247011952191,189,0.5354107648725213,0.19263456090651557,0.5325779036827195,0.46742209631728043,18,0.05099150141643059,64.56399061032866,8.453561368209261,11.381623071763919,11.58411153163022,4
566,3189,26,4,21.76923076923077,4.521201413427562,6.5,16,0.6153846153846154,0.01599247412982126,199,0.35159010600706714,0.22084805653710246,0.4734982332155477,0.5265017667844523,10,0.0176678445229682,52.081481338976545,12.09769141977684,15.41900731050404,14.554592549557764,4
543,2787,37,5,14.675675675675675,3.983425414364641,7.4,13,0.35135135135135137,0.02045209903121636,224,0.4125230202578269,0.11602209944751381,0.4732965009208103,0.5267034990791897,9,0.016574585635359115,80.07516216216217,5.783297297297299,9.364127764127764,9.635858565294015,4
526,2847,20,5,26.3,4.2908745247148286,4.0,21,1.05,0.02107481559536354,237,0.4505703422053232,0.16159695817490494,0.4828897338403042,0.5171102661596958,24,0.045627376425855515,58.694038112522705,11.897916918733618,13.748094373865698,11.520995432342353,4
549,3014,33,5,16.636363636363637,4.382513661202186,6.6,9,0.2727272727272727,0.017916390179163903,228,0.41530054644808745,0.1894353369763206,0.47540983606557374,0.5245901639344263,7,0.012750455373406194,65.00185926976252,8.568409547441806,10.927945173106464,10.875528500678815,4
703,3734,18,5,39.05555555555556,4.234708392603129,3.6,21,1.1666666666666667,0.011515800749866096,254,0.3613086770981508,0.14366998577524892,0.4822190611664296,0.5177809388335705,20,0.02844950213371266,52.227277305634246,15.718564683663836,18.295121183506453,12.360288348925252,4
381,2245,22,5,17.318181818181817,4.742782152230971,4.4,19,0.8636363636363636,0.024053452115812918,196,0.5144356955380578,0.22572178477690288,0.5433070866141733,0.4566929133858268,2,0.005249343832020997,56.91968058968061,9.498280098280098,11.916461916461916,12.324508414480071,4
343,1899,16,5,21.4375,4.425655976676385,3.2,6,0.375,0.016324381253291206,160,0.46647230320699706,0.17784256559766765,0.4839650145772595,0.5160349854227405,14,0.04081632653061224,63.47885295189505,9.730974854227409,12.423396501457725,11.93303328291395,4
466,2659,25,6,18.64,4.57725321888412,4.166666666666667,27,1.08,0.023317036479879653,235,0.5042918454935622,0.21888412017167383,0.5064377682403434,0.49356223175965663,6,0.012875536480686695,58.47376909871247,9.73410643776824,12.520377682403435,12.823951912226406,4
516,3104,29,8,17.79310344827586,4.7015503875969,3.625,35,1.206896551724138,0.030605670103092782,223,0.4321705426356589,0.24224806201550386,0.5213178294573644,0.4786821705426357,5,0.009689922480620155,54.143440453686196,10.2390717684636,13.270086695782545,13.023866798666859,4
363,2106,17,4,21.352941176470587,4.65564738292011,4.25,23,1.3529411764705883,0.026590693257359924,176,0.48484848484848486,0.22038567493112948,0.5537190082644629,0.4462809917355372,12,0.03305785123966942,51.59548687845307,11.683473756906078,14.353867403314917,13.227904075235838,4
402,2321,22,8,18.272727272727273,4.624378109452737,2.75,12,0.5454545454545454,0.017233950883239983,193,0.48009950248756217,0.21144278606965175,0.5422885572139303,0.4577114427860697,8,0.01990049751243781,57.953270800272065,9.70417252323736,12.378190886420313,12.641684177145173,4
496,3045,25,8,19.84,4.931451612903226,3.125,26,1.04,0.022660098522167486,208,0.41935483870967744,0.2661290322580645,0.5806451612903226,0.41935483870967744,7,0.014112903225806451,50.66756666666666,11.367800000000003,13.053333333333335,12.954912879858846,4
361,2080,20,5,18.05,4.664819944598338,4.0,10,0.5,0.016826923076923076,164,0.45429362880886426,0.20221606648199447,0.518005540166205,0.481994459833795,1,0.002770083102493075,60.02000000000001,9.359444444444446,11.644444444444446,11.602472056035307,4
449,2342,34,5,13.205882352941176,4.086859688195991,6.8,16,0.47058823529411764,0.02391118701964133,159,0.35412026726057905,0.10244988864142539,0.49888641425389757,0.5011135857461024,4,0.008908685968819599,81.72917647058824,5.147764705882356,7.1607843137254905,7.928766900206845,4
488,3030,27,5,18.074074074074073,5.067622950819672,5.4,22,0.8148148148148148,0.024092409240924092,202,0.4139344262295082,0.26434426229508196,0.5512295081967213,0.4487704918032787,2,0.004098360655737705,45.467273831208274,11.40765938069217,13.213236187006679,13.08475824599816,4
470,2487,27,6,17.40740740740741,4.1127659574468085,4.5,11,0.4074074074074074,0.022114997989545637,184,0.39148936170212767,0.15106382978723404,0.44893617021276594,0.551063829787234,12,0.02553191489361702,72.93896249806293,7.4839005113900505,9.842987757632109,10.25414643259724,4
468,2792,23,3,20.347826086956523,4.835470085470085,7.666666666666667,19,0.8260869565217391,0.01969914040114613,217,0.4636752136752137,0.24572649572649571,0.5405982905982906,0.4594017094017094,4,0.008547008547008548,49.66625874125876,11.61662004662005,13.722766122766124,13.172668634160413,4
479,2796,28,4,17.107142857142858,4.67223382045929,7.0,17,0.6071428571428571,0.0203862660944206,208,0.4342379958246347,0.19624217118997914,0.5302713987473904,0.4697286012526096,2,0.0041753653444676405,63.339618421052634,8.639124060150376,11.754135338345865,11.629938488055164,4
557,3128,26,6,21.423076923076923,4.359066427289049,4.333333333333333,10,0.38461538461538464,0.01278772378516624,192,0.34470377019748655,0.18491921005385997,0.5098743267504489,0.49012567324955114,8,0.01436265709156194,65.5570042121254,9.437531418312389,10.93906918933849,10.644714898841764,4
448,2689,28,6,16.0,4.779017857142857,4.666666666666667,24,0.8571428571428571,0.026403867608776495,214,0.47767857142857145,0.24107142857142858,0.5357142857142857,0.4642857142857143,8,0.017857142857142856,55.162268518518545,9.687361111111112,12.976322751322753,12.650343791298138,4
392,2240,15,5,26.133333333333333,4.551020408163265,3.0,34,2.2666666666666666,0.023214285714285715,210,0.5357142857142857,0.20408163265306123,0.5510204081632653,0.4489795918367347,11,0.02806122448979592,55.42466323024054,11.954701030927836,14.985841924398626,13.454273218885966,4
392,2134,19,4,20.63157894736842,4.288265306122449,4.75,17,0.8947368421052632,0.023430178069353328,182,0.4642857142857143,0.14285714285714285,0.5229591836734694,0.4770408163265306,10,0.025510204081632654,66.43349175902247,9.38959505541347,11.348735436203468,10.504223727775692,4
456,2635,16,6,28.5,4.614035087719298,2.6666666666666665,32,2.0,0.025806451612903226,214,0.4692982456140351,0.20833333333333334,0.5087719298245614,0.49122807017543857,11,0.02412280701754386,51.56407894736843,13.147368421052636,16.66315789473684,14.643508229474929,4
506,2736,21,5,24.095238095238095,4.300395256916996,4.2,19,0.9047619047619048,0.019736842105263157,217,0.4288537549407115,0.1482213438735178,0.49209486166007904,0.5079051383399209,4,0.007905138339920948,64.50679183135706,10.24785431959345,13.195407491059667,11.765960540728905,4
496,2736,26,5,19.076923076923077,4.397177419354839,5.2,29,1.1153846153846154,0.023026315789473683,184,0.3709677419354839,0.17338709677419356,0.4637096774193548,0.5362903225806451,2,0.004032258064516129,63.94368881118882,9.070151515151519,10.362859362859364,10.389873798559362,4
660,3809,35,5,18.857142857142858,4.6,7.0,35,1.0,0.024940929377789446,293,0.44393939393939397,0.2106060606060606,0.5227272727272727,0.4772727272727273,8,0.012121212121212121,61.79261538461539,9.346432234432235,11.438379659556132,11.491704259439757,4
399,2160,25,5,15.96,4.18295739348371,5.0,11,0.44,0.031018518518518518,163,0.40852130325814534,0.11027568922305764,0.5162907268170426,0.48370927318295737,6,0.015037593984962405,75.18842686567166,6.766772139303484,9.51657711442786,9.888512548439397,4
468,2646,21,8,22.285714285714285,4.4914529914529915,2.625,9,0.42857142857142855,0.015873015873015872,199,0.4252136752136752,0.17094017094017094,0.5,0.5,13,0.027777777777777776,63.102500000000035,10.29585106382979,11.35744680851064,10.125756701596842,4
496,2791,19,5,26.105263157894736,4.475806451612903,3.8,27,1.4210526315789473,0.023647438194195628,151,0.30443548387096775,0.16330645161290322,0.5040322580645161,0.4959677419354839,2,0.004032258064516129,57.28527368421054,11.806757894736844,13.966315789473683,12.114078956130353,4
541,3073,24,3,22.541666666666668,4.565619223659889,8.0,14,0.5833333333333334,0.018223234624145785,239,0.4417744916820702,0.19408502772643252,0.5027726432532348,0.49722735674676527,16,0.029574861367837338,58.07165934996921,10.759475508317934,12.861398644485522,12.161744961471694,4
366,1958,19,5,19.263157894736842,4.155737704918033,3.8,17,0.8947368421052632,0.024514811031664963,146,0.3989071038251366,0.1366120218579235,0.46994535519125685,0.5300546448087432,4,0.01092896174863388,66.20269100169781,8.889337860780984,11.595019807583476,11.313756151347437,4
423,2305,29,6,14.586206896551724,4.236406619385343,4.833333333333333,19,0.6551724137931034,0.03210412147505423,173,0.408983451536643,0.18203309692671396,0.5035460992907801,0.49645390070921985,7,0.016548463356973995,72.98348341232229,6.694651086778887,9.896519039058669,10.40178647892164,4
453,2609,27,7,16.77777777777778,4.596026490066225,3.857142857142857,39,1.4444444444444444,0.03219624377155998,199,0.4392935982339956,0.18984547461368653,0.5364238410596026,0.46357615894039733,2,0.004415011037527594,59.61585034013609,9.001768707482995,11.159183673469387,11.855464076750408,4
589,3410,26,7,22.653846153846153,4.6281833616298815,3.7142857142857144,37,1.4230769230769231,0.021994134897360705,284,0.48217317487266553,0.22580645161290322,0.5466893039049237,0.4533106960950764,5,0.008488964346349746,55.71520917109875,11.154241146711634,13.642469840446232,12.701474735504405,4
379,2242,26,5,14.576923076923077,4.770448548812665,5.2,14,0.5384615384615384,0.027207850133809098,173,0.45646437994722955,0.2532981530343008,0.5277044854881267,0.47229551451187335,3,0.0079155672823219,60.65833333333333,8.690744680851065,10.521985815602838,11.37473899888905,4
307,1686,22,5,13.954545454545455,4.276872964169381,4.4,3,0.13636363636363635,0.027876631079478055,127,0.41368078175895767,0.1563517915309446,0.511400651465798,0.48859934853420195,11,0.035830618892508145,75.06396103896105,6.267402597402597,8.587012987012988,9.457814108942454,4
372,2070,17,4,21.88235294117647,4.473118279569892,4.25,8,0.47058823529411764,0.015458937198067632,161,0.4327956989247312,0.1586021505376344,0.4946236559139785,0.5053763440860215,1,0.002688172043010753,61.59054079696395,10.10487033523087,12.408855154965213,11.78182255692154,4
509,2850,27,7,18.85185185185185,4.4833005893909625,3.857142857142857,16,0.5925925925925926,0.018947368421052633,261,0.5127701375245579,0.18664047151277013,0.5304518664047151,0.46954813359528486,21,0.0412573673870334,60.763186813186834,9.599761904761905,12.357020757020758,11.87940476392328,4
498,2765,22,5,22.636363636363637,4.455823293172691,4.4,9,0.4090909090909091,0.015189873417721518,191,0.38353413654618473,0.1927710843373494,0.4779116465863454,0.5220883534136547,0,0.0,57.20521818181821,10.926436363636366,13.730909090909092,12.948620331739964,4
431,2357,29,5,14.862068965517242,4.322505800464037,5.8,16,0.5517241379310345,0.02588035638523547,183,0.4245939675174014,0.16009280742459397,0.46867749419953597,0.531322505800464,7,0.016241299303944315,75.40150522041765,6.566346536294333,9.40540271793172,9.957137785484202,4
578,3317,22,5,26.272727272727273,4.612456747404845,4.4,22,1.0,0.01658124811576726,200,0.3460207612456747,0.185121107266436,0.47750865051903113,0.5224913494809689,20,0.03460207612456748,54.92625391849532,12.1476802507837,14.959247648902824,13.676956848237424,4
371,2036,27,6,13.74074074074074,4.345013477088949,4.5,1,0.037037037037037035,0.01424361493123772,166,0.4474393530997305,0.14555256064690028,0.5175202156334232,0.48247978436657685,9,0.02425876010781671,70.64880952380953,6.883227513227517,8.66878306878307,9.53975657930432,4
478,2815,35,4,13.657142857142857,4.625523012552302,8.75,30,0.8571428571428571,0.04156305506216696,239,0.5,0.20920502092050208,0.5753138075313807,0.4246861924686193,5,0.010460251046025104,61.047283018867944,8.130174303683738,10.734447439353099,11.32274534258104,4
456,2487,16,5,28.5,4.307017543859649,3.2,27,1.6875,0.022114997989545637,158,0.34649122807017546,0.1600877192982456,0.47149122807017546,0.5285087719298246,3,0.006578947368421052,59.15906936813191,12.072493131868132,14.539835164835166,12.815532586354998,4
488,2805,25,5,19.52,4.612704918032787,5.0,14,0.56,0.021746880570409983,224,0.45901639344262296,0.20901639344262296,0.5081967213114754,0.4918032786885246,2,0.004098360655737705,61.723715846994565,9.701475409836064,12.23169398907104,11.93303328291395,5
509,3088,24,6,21.208333333333332,4.917485265225933,4.0,28,1.1666666666666667,0.025259067357512953,198,0.3889980353634578,0.27111984282907664,0.5383104125736738,0.46168958742632615,2,0.003929273084479371,47.30965473145784,12.169198635976134,14.830349531116795,13.915783698773748,5
649,3877,40,5,16.225,4.818181818181818,8.0,33,0.825,0.02476141346401857,284,0.43759630200308164,0.22650231124807396,0.5469953775038521,0.4530046224961479,5,0.007704160246533128,56.783371908809926,9.357508114374038,12.095965996908811,12.340626583579944,5
762,4312,45,6,16.933333333333334,4.520997375328084,7.5,19,0.4222222222222222,0.01948051948051948,238,0.3123359580052493,0.1942257217847769,0.4540682414698163,0.5459317585301837,7,0.009186351706036745,65.00633608575984,8.4265641025641,10.520515717803853,10.553228411245772,5
452,2505,29,5,15.586206896551724,4.43141592920354,5.8,13,0.4482758620689655,0.0187624750499002,190,0.42035398230088494,0.1902654867256637,0.4911504424778761,0.5088495575221239,2,0.004424778761061947,69.49403310390038,7.725172074729599,10.147623729924616,10.903163001774267,5
637,3645,39,5,16.333333333333332,4.524332810047095,7.8,40,1.0256410256410255,0.027983539094650206,303,0.47566718995290425,0.20094191522762953,0.5588697017268446,0.4411302982731554,12,0.018838304552590265,63.50120065789477,8.58623355263158,10.674342105263158,11.101131339891392,5
534,3052,26,5,20.53846153846154,4.634831460674158,5.2,9,0.34615384615384615,0.01474442988204456,213,0.398876404494382,0.2209737827715356,0.5131086142322098,0.4868913857677903,2,0.003745318352059925,56.825999061913706,10.426013133208258,12.102439024390245,11.661520659325951,5
616,3421,30,7,20.533333333333335,4.413961038961039,4.285714285714286,28,0.9333333333333333,0.023969599532300497,265,0.4301948051948052,0.18993506493506493,0.5048701298701299,0.49512987012987014,1,0.0016233766233766235,59.09366666666669,10.118000000000006,12.36917748917749,12.399486777260158,5
519,2934,21,5,24.714285714285715,4.554913294797688,4.2,15,0.7142857142857143,0.018064076346284937,209,0.4026974951830443,0.1926782273603083,0.49710982658959535,0.5028901734104047,2,0.0038535645472061657,58.438023255813974,11.21262458471761,13.471982281284609,11.944058876818428,5
757,4693,35,4,21.62857142857143,5.006605019815059,8.75,48,1.3714285714285714,0.025143831238014065,340,0.44914134742404227,0.2747688243064729,0.5865257595772787,0.4134742404227213,6,0.007926023778071334,43.99800000000002,12.467238095238098,14.98021627774616,14.390188402103945,5
629,4006,30,5,20.966666666666665,4.709062003179651,6.0,48,1.6,0.024213679480778832,305,0.4848966613672496,0.24165341812400637,0.5691573926868044,0.43084260731319557,13,0.02066772655007949,53.475613937466875,11.009257551669318,12.265839957604664,12.340626583579944,5
537,3301,32,6,16.78125,4.9031657355679705,5.333333333333333,24,0.75,0.022114510754316873,238,0.44320297951582865,0.2532588454376164,0.5493482309124768,0.4506517690875233,8,0.0148975791433892,53.62143656716421,9.941380597014923,13.267164179104478,12.868033960526684,5
494,2853,29,4,17.03448275862069,4.574898785425101,7.25,31,1.0689655172413792,0.02663862600771118,210,0.4251012145748988,0.1902834008097166,0.5647773279352226,0.4352226720647773,5,0.010121457489878543,58.26287425149701,9.424632115080186,11.860444627985409,11.941018711569594,5
765,4614,44,5,17.386363636363637,4.8993464052287585,8.8,38,0.8636363636363636,0.021673168617251843,304,0.39738562091503266,0.22875816993464052,0.5320261437908497,0.46797385620915033,5,0.006535947712418301,51.616076203208564,10.379178550207964,13.176767676767676,13.135675622150575,5
470,2625,24,5,19.583333333333332,4.368085106382979,4.8,24,1.0,0.02819047619047619,205,0.43617021276595747,0.18085106382978725,0.5191489361702127,0.4808510638297872,2,0.00425531914893617,67.29961084905662,8.809887316561845,11.220440251572327,11.123543617288197,5
534,3053,43,10,12.418604651162791,4.47565543071161,4.3,29,0.6744186046511628,0.03144448083851949,244,0.45692883895131087,0.20411985018726592,0.5,0.5,9,0.016853932584269662,63.079016061452535,7.796215549348233,10.658640595903165,11.20814326018867,5
456,2659,24,7,19.0,4.62719298245614,3.4285714285714284,26,1.0833333333333333,0.023317036479879653,223,0.48903508771929827,0.18421052631578946,0.5372807017543859,0.46271929824561403,8,0.017543859649122806,63.74861519607843,9.118858932461873,11.745860566448803,11.37473899888905,5
629,3794,37,4,17.0,4.841017488076312,9.25,27,0.7297297297297297,0.027675276752767528,279,0.4435612082670906,0.25119236883942764,0.5405405405405406,0.4594594594594595,5,0.00794912559618442,51.35790178571429,10.986855158730162,13.017857142857146,12.762745094796674,5
630,3508,37,5,17.027027027027028,4.4,7.4,22,0.5945945945945946,0.02451539338654504,273,0.43333333333333335,0.18253968253968253,0.4746031746031746,0.5253968253968254,7,0.011111111111111112,65.57737927500963,8.36273088254131,11.140241663464414,11.20814326018867,5
562,3182,30,6,18.733333333333334,4.4661921708185055,5.0,24,0.8,0.0251414204902577,216,0.38434163701067614,0.17259786476868327,0.48576512455516013,0.5142348754448398,3,0.005338078291814947,65.36940476190479,8.778928571428573,11.752380952380953,11.729898335038438,5
473,2625,20,4,23.65,4.473572938689218,5.0,7,0.35,0.013333333333333334,157,0.33192389006342493,0.19661733615221988,0.5010570824524313,0.4989429175475687,3,0.006342494714587738,63.352871564482044,10.2981934460888,13.350063424947146,12.07096230602999,5
544,3260,21,4,25.904761904761905,4.8474264705882355,5.25,27,1.2857142857142858,0.022699386503067485,243,0.44669117647058826,0.25735294117647056,0.5128676470588235,0.48713235294117646,4,0.007352941176470588,44.932843137254935,13.427563025210087,15.288375350140058,13.85296031240616,5
500,3216,31,29,16.129032258064516,5.182,1.0689655172413792,25,0.8064516129032258,0.024875621890547265,236,0.472,0.32,0.564,0.436,5,0.01,48.48044323088649,10.568290576581152,12.617830835661671,13.023866798666859,5
694,3793,39,5,17.794871794871796,4.329971181556196,7.8,25,0.6410256410256411,0.023991563406274716,264,0.3804034582132565,0.1484149855907781,0.4711815561959654,0.5288184438040345,3,0.004322766570605188,71.19016333938296,7.879882032667876,10.084936479128856,10.30751831280988,5
802,4648,43,7,18.651162790697676,4.655860349127182,6.142857142857143,55,1.2790697674418605,0.024096385542168676,300,0.3740648379052369,0.24937655860349128,0.5124688279301746,0.48753117206982544,5,0.006234413965087282,59.84372064025982,9.54579887490576,11.450490053934931,11.840956395766927,5
719,4277,40,6,17.975,4.748261474269819,6.666666666666667,40,1.0,0.029693710544774373,353,0.4909596662030598,0.2239221140472879,0.5730180806675939,0.42698191933240615,6,0.008344923504867872,59.226483425414386,9.494966850828732,11.494143646408842,11.745694121229107,5
705,4195,43,5,16.3953488372093,4.6,8.6,41,0.9534883720930233,0.027890345649582836,331,0.4695035460992908,0.21418439716312057,0.573049645390071,0.4269503546099291,18,0.02553191489361702,59.63792256846082,9.116989073249695,11.313044651288278,11.944058876818428,5
678,3808,32,4,21.1875,4.461651917404129,8.0,25,0.78125,0.02389705882352941,248,0.36578171091445427,0.16519174041297935,0.5442477876106194,0.4557522123893805,8,0.011799410029498525,60.96884375000002,9.995673611111112,12.170833333333334,11.578365685549247,5
494,2815,26,5,19.0,4.510121457489879,5.2,26,1.0,0.025932504440497335,203,0.4109311740890688,0.17408906882591094,0.4979757085020243,0.5020242914979757,1,0.0020242914979757085,68.98782205746063,8.395261044176706,9.910534445474205,10.644714898841764,5
682,3768,30,6,22.733333333333334,4.217008797653959,5.0,9,0.3,0.011146496815286623,257,0.37683284457478006,0.1348973607038123,0.4912023460410557,0.5087976539589443,4,0.005865102639296188,65.45089473684213,9.794397660818714,11.868538011695907,11.003577315987393,5
584,3406,32,7,18.25,4.690068493150685,4.571428571428571,33,1.03125,0.026423957721667644,239,0.4092465753424658,0.238013698630137,0.5188356164383562,0.4811643835616438,8,0.0136986301369863,54.248868006993035,10.133347902097906,12.674475524475525,13.023866798666859,5
906,5219,39,7,23.23076923076923,4.671081677704194,5.571428571428571,33,0.8461538461538461,0.015711822188158652,282,0.31125827814569534,0.23730684326710816,0.4757174392935982,0.5242825607064018,4,0.004415011037527594,55.60151606893342,11.414000931532374,13.011364694923149,12.256330210517838,5
385,2245,16,4,24.0625,4.685714285714286,4.0,20,1.25,0.021380846325167038,187,0.4857142857142857,0.22337662337662337,0.4935064935064935,0.5064935064935064,5,0.012987012987012988,48.717245639534895,12.473099160206722,14.739599483204135,13.624085052395262,5
599,3580,27,4,22.185185185185187,4.809682804674457,6.75,32,1.1851851851851851,0.025418994413407822,273,0.4557595993322204,0.25208681135225375,0.5191986644407346,0.48080133555926546,7,0.011686143572621035,51.922384297775324,11.547017933074507,13.229826831823505,12.457975602129121,5
840,5225,48,5,17.5,5.0738095238095235,9.6,50,1.0416666666666667,0.023923444976076555,364,0.43333333333333335,0.3202380952380952,0.575,0.425,3,0.0035714285714285713,46.18435298977593,11.364847671176289,13.64002891665806,13.236681829239998,5
470,2828,19,4,24.736842105263158,4.891489361702128,4.75,28,1.4736842105263157,0.017326732673267328,215,0.4574468085106383,0.2680851063829787,0.5446808510638298,0.4553191489361702,10,0.02127659574468085,46.40329447035313,12.984621363535421,15.632955807239618,14.326819011148277,5
674,3981,38,6,17.736842105263158,4.716617210682492,6.333333333333333,30,0.7894736842105263,0.028133634765134388,301,0.4465875370919881,0.228486646884273,0.5148367952522255,0.48516320474777447,8,0.011869436201780416,58.59067806744801,9.63937734194371,11.990496691381647,11.939292745690427,5
614,3297,34,6,18.058823529411764,4.177524429967427,5.666666666666667,58,1.7058823529411764,0.0373066424021838,226,0.36807817589576547,0.1465798045602606,0.49022801302931596,0.509771986970684,4,0.006514657980456026,73.13852941176471,7.529673202614379,9.879738562091504,9.916854025145753,5
685,3711,33,7,20.757575757575758,4.324087591240876,4.714285714285714,18,0.5454545454545454,0.015359741309620048,238,0.34744525547445254,0.16058394160583941,0.4846715328467153,0.5153284671532846,9,0.013138686131386862,70.38511602111898,8.583721549314522,10.21143795199432,9.496760409515343,5
846,4742,41,7,20.634146341463413,4.484633569739953,5.857142857142857,33,0.8048780487804879,0.021509911429776464,354,0.41843971631205673,0.17848699763593381,0.48936170212765956,0.5106382978723404,6,0.0070921985815602835,62.67041708760286,9.63810073603695,11.794198297012557,11.779116466923561,5
710,4225,44,5,16.136363636363637,4.694366197183099,8.8,35,0.7954545454545454,0.03029585798816568,325,0.45774647887323944,0.20985915492957746,0.5380281690140845,0.4619718309859155,6,0.008450704225352112,61.3694212366581,9.373892160471108,10.827015090172985,10.771109862388435,5
730,3992,23,5,31.73913043478261,4.376712328767123,4.6,27,1.173913043478261,0.014779559118236472,278,0.38082191780821917,0.17123287671232876,0.4671232876712329,0.5328767123287671,13,0.01780821917808219,53.53132036301089,13.710071771753963,16.13118215789786,13.095310085998634,5
606,3311,20,4,30.3,4.372937293729373,5.0,11,0.55,0.012987012987012988,203,0.334983498349835,0.19801980198019803,0.44554455445544555,0.5544554455445545,8,0.013201320132013201,53.0894108910891,13.381785478547858,16.27841584158416,13.585142487480624,5
589,3688,29,5,20.310344827586206,5.066213921901528,5.8,21,0.7241379310344828,0.024945770065075923,251,0.42614601018675724,0.3073005093378608,0.5432937181663837,0.4567062818336163,10,0.01697792869269949,41.61216216216218,12.707741312741316,15.213899613899613,14.296647515009731,5
648,3607,43,7,15.069767441860465,4.416666666666667,6.142857142857143,27,0.627906976744186,0.024951483227058497,270,0.4166666666666667,0.16049382716049382,0.5200617283950617,0.4799382716049383,4,0.006172839506172839,72.1660512820513,7.03832967032967,9.205860805860807,9.546486929272692,5
833,4671,54,5,15.425925925925926,4.4465786314525815,10.8,23,0.42592592592592593,0.024405908798972382,325,0.39015606242497,0.1788715486194478,0.524609843937575,0.47539015606242496,16,0.01920768307322929,68.18064156573638,7.63233280674039,9.616780761804458,10.296431945865367,5
537,3319,18,4,29.833333333333332,5.009310986964619,4.5,42,2.3333333333333335,0.024103645676408558,237,0.441340782122905,0.25884543761638734,0.5772811918063314,0.4227188081936685,8,0.0148975791433892,38.20500000000004,15.383333333333336,18.14814814814815,15.688483145680365,5
507,2687,25,5,20.28,4.191321499013807,5.0,25,1.0,0.020468924451060664,205,0.40433925049309666,0.11637080867850098,0.514792899408284,0.48520710059171596,10,0.01972386587771203,78.45671715976331,7.354308481262329,9.847700197238659,9.3871,5
458,2926,28,4,16.357142857142858,5.237991266375546,7.0,27,0.9642857142857143,0.02836637047163363,248,0.5414847161572053,0.31004366812227074,0.5938864628820961,0.40611353711790393,7,0.015283842794759825,41.25491758241762,11.852582417582418,14.64835164835165,13.991409890343128,5
542,2935,25,6,21.68,4.302583025830258,4.166666666666667,30,1.2,0.026575809199318567,248,0.4575645756457565,0.16789667896678967,0.47232472324723246,0.5276752767527675,6,0.01107011070110701,64.16360955056182,9.8373127340824,12.120973782771536,11.855464076750408,5
668,3755,41,5,16.29268292682927,4.532934131736527,8.2,13,0.3170731707317073,0.014380825565912117,255,0.38173652694610777,0.17964071856287425,0.5598802395209581,0.44011976047904194,7,0.010479041916167664,67.79854499579481,7.844289318755262,10.165487987713462,10.486213630739282,5
612,3775,27,3,22.666666666666668,5.045751633986928,9.0,35,1.2962962962962963,0.020397350993377483,288,0.47058823529411764,0.29411764705882354,0.5163398692810458,0.48366013071895425,10,0.016339869281045753,40.22220704310871,13.261766848816034,15.463266545233758,14.554592549557764,5
945,5428,39,5,24.23076923076923,4.637037037037037,7.8,34,0.8717948717948718,0.01658069270449521,349,0.3693121693121693,0.23703703703703705,0.5111111111111111,0.4888888888888889,12,0.012698412698412698,48.25269757683546,12.720129216917694,15.543922636580895,14.211176817047757,5
567,3080,27,7,21.0,4.283950617283951,3.857142857142857,35,1.2962962962962963,0.02727272727272727,261,0.4603174603174603,0.16049382716049382,0.5061728395061729,0.49382716049382713,5,0.008818342151675485,63.944379238393324,9.566557120500786,12.217631716223266,11.855464076750408,5
537,3123,29,5,18.517241379310345,4.655493482309125,5.8,29,1.0,0.022734550112071726,239,0.4450651769087523,0.21415270018621974,0.4972067039106145,0.5027932960893855,5,0.00931098696461825,57.437765363128506,9.848111474988766,12.39758556475952,12.316160334307536,5
596,3543,25,5,23.84,4.775167785234899,5.0,16,0.64,0.018628281117696866,228,0.3825503355704698,0.24496644295302014,0.5251677852348994,0.4748322147651007,5,0.008389261744966443,44.27129711055278,13.264013819095478,15.913149078726969,14.554592549557764,5
705,4119,27,5,26.11111111111111,4.707801418439717,5.4,34,1.2592592592592593,0.017722748239864045,292,0.41418439716312055,0.23546099290780143,0.5148936170212766,0.4851063829787234,5,0.0070921985815602835,46.89807188006063,13.241520137909422,15.52486026223685,14.123285331852063,5
661,3586,37,5,17.864864864864863,4.275340393343419,7.4,7,0.1891891891891892,0.02426101505856107,261,0.394856278366112,0.16187594553706505,0.5506807866868382,0.4493192133131619,4,0.006051437216338881,67.69814994053237,8.241496944592544,10.341319771972277,10.986757480514221,5
438,2558,23,6,19.043478260869566,4.678082191780822,3.8333333333333335,25,1.0869565217391304,0.022673964034401875,220,0.502283105022831,0.2054794520547945,0.5136986301369864,0.4863013698630137,12,0.0273972602739726,59.06066408576535,9.75248163589438,11.635656144530476,11.552084857699999,5
565,3268,34,6,16.61764705882353,4.633628318584071,5.666666666666667,32,0.9411764705882353,0.02478580171358629,226,0.4,0.2088495575221239,0.5168141592920354,0.4831858407079646,12,0.021238938053097345,58.588034759358294,9.186532976827099,11.09197860962567,11.78182255692154,5
751,4033,37,9,20.2972972972973,4.247669773635153,4.111111111111111,30,0.8108108108108109,0.021572030746342674,280,0.37283621837549935,0.17310252996005326,0.4394141145139814,0.5605858854860186,8,0.010652463382157125,67.57702666618559,8.862675278750046,10.981142424133079,10.873691765975895,5
520,3008,24,4,21.666666666666668,4.584615384615384,6.0,23,0.9583333333333334,0.02526595744680851,220,0.4230769230769231,0.20192307692307693,0.4807692307692308,0.5192307692307693,5,0.009615384615384616,56.5208113403711,10.768764395393472,13.366634676903391,12.954912879858846,5
506,3232,31,5,16.322580645161292,5.1106719367588935,6.2,23,0.7419354838709677,0.027227722772277228,222,0.43873517786561267,0.29446640316205536,0.5731225296442688,0.4268774703557312,9,0.017786561264822136,48.66819825397809,10.646281963965084,14.246572967618105,13.841267079932383,5
536,3107,34,6,15.764705882352942,4.656716417910448,5.666666666666667,35,1.0294117647058822,0.023495333118764082,201,0.375,0.1958955223880597,0.6026119402985075,0.39738805970149255,2,0.0037313432835820895,64.24949517120284,8.21420544337138,11.082001755926251,11.20814326018867,5
800,4835,36,5,22.22222222222222,4.86875,7.2,49,1.3611111111111112,0.02874870734229576,303,0.37875,0.275,0.53625,0.46375,2,0.0025,46.544885844748876,12.812328767123287,15.31241178912412,14.380147304786583,5
551,3151,24,7,22.958333333333332,4.5462794918330305,3.4285714285714284,8,0.3333333333333333,0.01999365280863218,201,0.3647912885662432,0.21960072595281308,0.4791288566243194,0.5208711433756806,31,0.056261343012704176,56.15071401855178,11.193027378815081,13.735757031717535,12.67411722104261,5
828,4903,44,6,18.818181818181817,4.748792270531401,7.333333333333333,50,1.1363636363636365,0.02834998980216194,349,0.4214975845410628,0.25966183574879226,0.5157004830917874,0.48429951690821255,34,0.04106280193236715,59.115349650349685,9.711468531468533,11.746328671328673,11.567385478589937,5
491,2648,22,6,22.318181818181817,4.132382892057026,3.6666666666666665,18,0.8181818181818182,0.02001510574018127,173,0.35234215885947046,0.1446028513238289,0.4786150712830957,0.5213849287169042,6,0.012219959266802444,67.95916996047431,9.494229249011862,12.045849802371542,10.832165505486643,5
598,3368,31,5,19.29032258064516,4.536789297658863,6.2,8,0.25806451612903225,0.017517814726840854,230,0.38461538461538464,0.19063545150501673,0.5033444816053512,0.49665551839464883,3,0.005016722408026756,61.98183870967743,9.422387096774198,11.541935483870969,11.590038634728721,5
661,3936,33,6,20.03030303030303,4.806354009077156,5.5,39,1.1818181818181819,0.02540650406504065,257,0.3888048411497731,0.26777609682299547,0.5219364599092284,0.47806354009077157,6,0.009077155824508321,51.53645309263098,11.312053862089375,12.720055243168591,12.644199070560465,5
614,3605,43,7,14.279069767441861,4.684039087947883,6.142857142857143,32,0.7441860465116279,0.028016643550624134,231,0.3762214983713355,0.1986970684039088,0.48697068403908794,0.5130293159609121,3,0.004885993485342019,62.5600712374204,8.098104858467455,11.314899551468095,11.39389265767863,5
415,2268,27,5,15.37037037037037,4.265060240963855,5.4,30,1.1111111111111112,0.029541446208112873,195,0.46987951807228917,0.1783132530120482,0.5036144578313253,0.4963855421686747,1,0.0024096385542168677,71.1632307005801,7.151914323962519,10.003569834895139,10.74609503303851,5
695,4072,35,7,19.857142857142858,4.77410071942446,5.0,14,0.4,0.01768172888015717,299,0.4302158273381295,0.2273381294964029,0.5366906474820143,0.4633093525179856,5,0.007194244604316547,54.16415584415586,10.921500721500724,13.190764790764792,13.073714805831528,5
1043,5973,34,5,30.676470588235293,4.576222435282838,6.8,72,2.1176470588235294,0.03884145320609409,378,0.3624161073825503,0.21476510067114093,0.5378715244487057,0.4621284755512943,7,0.006711409395973154,42.112692912684764,14.626394313527637,17.63258740428563,15.827824993895579,5
793,4712,56,8,14.160714285714286,4.4741488020176545,7.0,29,0.5178571428571429,0.0233446519524618,311,0.3921815889029004,0.21437578814627994,0.48045397225725095,0.519546027742749,21,0.02648171500630517,65.85994453399073,7.804293163932876,10.530160235137954,10.897293568697599,5
551,3305,26,4,21.192307692307693,4.825771324863884,6.5,26,1.0,0.023600605143721635,280,0.5081669691470054,0.2250453720508167,0.6025408348457351,0.397459165154265,3,0.0054446460980036296,52.56185618729097,11.20231884057971,14.144481605351173,13.458324689796793,5
663,3886,26,5,25.5,4.7722473604826545,5.2,20,0.7692307692307693,0.014153371075656201,209,0.3152337858220211,0.22322775263951736,0.5354449472096531,0.4645550527903469,5,0.007541478129713424,53.162393948562794,12.412674130105902,14.206862329803329,12.756391145488433,5
509,3042,30,5,16.966666666666665,4.744597249508841,6.0,7,0.23333333333333334,0.020710059171597635,199,0.39096267190569745,0.2455795677799607,0.47347740667976423,0.5265225933202358,6,0.011787819253438114,54.188008875739655,9.89961932938856,12.20378698224852,12.161744961471694,5
558,3129,28,5,19.928571428571427,4.473118279569892,5.6,31,1.1071428571428572,0.022690955576861616,210,0.3763440860215054,0.1917562724014337,0.4838709677419355,0.5161290322580645,8,0.014336917562724014,57.391446820327715,10.547797833935018,12.349791724520967,11.807384569943707,5
600,3484,35,6,17.142857142857142,4.666666666666667,5.833333333333333,18,0.5142857142857142,0.02267508610792193,278,0.4633333333333333,0.19166666666666668,0.5566666666666666,0.44333333333333336,7,0.011666666666666667,59.197682274247484,9.247007166746297,10.580105112279027,10.793553405168563,5
557,2968,32,5,17.40625,4.174147217235189,6.4,28,0.875,0.025606469002695417,181,0.3249551166965889,0.1651705565529623,0.48114901256732495,0.518850987432675,8,0.01436265709156194,73.62072218683038,7.4544031968494835,9.916001621590318,9.698958519613793,5
609,3429,25,5,24.36,4.38752052545156,5.0,20,0.8,0.024496937882764653,248,0.4072249589490969,0.18555008210180624,0.5123152709359606,0.4876847290640394,9,0.014778325123152709,58.99300000000002,11.192,13.726451612903226,12.411214026448931,5
659,3934,24,10,27.458333333333332,4.833080424886191,2.4,44,1.8333333333333333,0.022623284189120487,275,0.417298937784522,0.24430955993930198,0.5341426403641881,0.4658573596358118,11,0.01669195751138088,41.73445503275764,14.534605254450401,16.783773410098604,14.800330179935766,5
459,2425,27,6,17.0,4.128540305010893,4.5,10,0.37037037037037035,0.023505154639175258,203,0.4422657952069717,0.15904139433551198,0.45751633986928103,0.5424836601307189,4,0.008714596949891068,72.8533877289817,7.357820974322056,10.487768978481723,10.504223727775692,5
453,2865,25,6,18.12,5.189845474613686,4.166666666666667,23,0.92,0.020942408376963352,214,0.47240618101545256,0.2847682119205298,0.5849889624724062,0.41501103752759383,7,0.01545253863134658,44.18100000000001,11.568666666666669,13.866666666666669,13.28429990940602,5
500,3133,21,4,23.80952380952381,5.106,5.25,22,1.0476190476190477,0.02010852218321098,230,0.46,0.31,0.544,0.456,6,0.012,41.313480079681284,13.732466135458171,15.856733067729085,14.76684894470576,5
742,4127,34,12,21.823529411764707,4.423180592991914,2.8333333333333335,20,0.5882352941176471,0.01938454082868912,294,0.39622641509433965,0.1967654986522911,0.532345013477089,0.46765498652291104,13,0.01752021563342318,57.78368226500936,10.815639775773825,13.331968478349177,12.667639434601849,5
557,3213,35,7,15.914285714285715,4.631956912028725,5.0,24,0.6857142857142857,0.019919078742608155,260,0.466786355475763,0.23877917414721722,0.4919210053859964,0.5080789946140036,9,0.01615798922800718,59.479590620031814,9.0183386327504,10.997880233174351,11.670169846198839,5
453,2509,25,5,18.12,4.357615894039735,5.0,4,0.16,0.01753686727779992,160,0.35320088300220753,0.16556291390728478,0.5077262693156733,0.4922737306843267,9,0.019867549668874173,66.63733982300886,8.456332743362832,9.79837168141593,9.791249743138472,5
1027,5996,38,5,27.026315789473685,4.729308666017527,7.6,38,1.0,0.015843895930620414,331,0.3222979552093476,0.26582278481012656,0.48685491723466406,0.5131450827653359,3,0.0029211295034079843,42.37226284890309,14.030649912452365,16.941847770110208,15.212178533308688,5
704,4207,30,4,23.466666666666665,4.717329545454546,7.5,52,1.7333333333333334,0.02852388875683385,352,0.5,0.22017045454545456,0.5355113636363636,0.46448863636363635,14,0.019886363636363636,54.78608474576271,11.480666666666668,14.01627118644068,12.968742320735036,5
646,3360,30,5,21.533333333333335,4.086687306501548,6.0,20,0.6666666666666666,0.015773809523809523,236,0.3653250773993808,0.12693498452012383,0.44272445820433437,0.5572755417956656,2,0.0030959752321981426,73.81522521828455,8.33790909090909,10.009265536723163,9.473421319101043,5
597,3361,32,4,18.65625,4.4706867671691795,8.0,16,0.5,0.019339482296935436,272,0.4556113902847571,0.16750418760469013,0.5360134003350083,0.4639865996649916,8,0.01340033500837521,63.1946602017471,9.11072743344426,10.507508319467554,10.550175099000144,5
578,3205,36,5,16.055555555555557,4.295847750865052,7.2,42,1.1666666666666667,0.04118564742589704,213,0.3685121107266436,0.17301038062283736,0.47923875432525953,0.5207612456747405,1,0.0017301038062283738,69.05102941176472,7.902516339869283,11.258421317244848,11.08844711333714,5
738,4416,38,5,19.42105263157895,4.811653116531165,7.6,34,0.8947368421052632,0.026268115942028984,260,0.3523035230352303,0.23848238482384823,0.551490514905149,0.44850948509485095,5,0.006775067750677507,49.51881865736709,11.347861086893342,12.505608834641095,12.798443894564478,5
583,3419,27,4,21.59259259259259,4.734133790737564,6.75,25,0.9259259259259259,0.02105878911962562,234,0.4013722126929674,0.2469982847341338,0.5265866209262435,0.4734133790737564,4,0.00686106346483705,53.34530948756978,11.192130898021311,13.309386098427195,12.900945668950047,5
685,4287,19,3,36.05263157894737,4.934306569343065,6.333333333333333,67,3.526315789473684,0.0370888733379986,350,0.5109489051094891,0.2686131386861314,0.564963503649635,0.43503649635036495,5,0.0072992700729927005,30.15706766917296,18.114101921470347,21.11184020657705,17.7819850221956,5
479,2861,32,7,14.96875,4.722338204592902,4.571428571428571,36,1.125,0.03215658860538273,206,0.430062630480167,0.20250521920668058,0.5532359081419624,0.44676409185803756,3,0.006263048016701462,64.20822280104188,8.174236291992255,10.621492018967475,10.807276698888536,5
763,4489,37,5,20.62162162162162,4.719528178243775,7.4,42,1.135135135135135,0.01826687458231232,269,0.35255570117955437,0.20445609436435125,0.54521625163827,0.45478374836173,6,0.007863695937090432,52.9221303656598,11.014167108284756,12.819289878113409,12.614249046400506,5
838,4967,40,13,20.95,4.652744630071599,3.076923076923077,57,1.425,0.035232534729212804,377,0.4498806682577566,0.22195704057279236,0.5584725536992841,0.441527446300716,11,0.013126491646778043,53.737503698224856,11.012063609467457,13.420414201183434,13.105982453953239,5
537,2993,33,7,16.272727272727273,4.363128491620111,4.714285714285714,39,1.1818181818181819,0.032408954226528564,182,0.33891992551210426,0.1824953445065177,0.5176908752327747,0.4823091247672253,10,0.0186219739292365,70.76493883348795,7.573496637291285,9.631748608534323,10.05249126169394,5
675,3839,41,5,16.463414634146343,4.564444444444445,8.2,16,0.3902439024390244,0.01875488408439698,316,0.46814814814814815,0.21481481481481482,0.5585185185185185,0.4414814814814815,14,0.02074074074074074,61.90257824303907,8.733309590618031,10.390445355780992,11.109010140700741,5
591,3374,24,6,24.625,4.590524534686971,4.0,11,0.4583333333333333,0.01778304682868998,237,0.4010152284263959,0.2098138747884941,0.5109983079526227,0.4890016920473773,3,0.005076142131979695,54.982916666666696,11.697500000000002,14.036723163841808,12.885471636013051,5
618,3552,28,6,22.071428571428573,4.606796116504855,4.666666666666667,22,0.7857142857142857,0.019144144144144143,234,0.3786407766990291,0.2022653721682848,0.5161812297734628,0.48381877022653724,5,0.008090614886731391,58.201833726058865,10.781573318832702,13.257664189474959,12.195137478168483,5
658,3897,34,7,19.352941176470587,4.711246200607903,4.857142857142857,42,1.2352941176470589,0.02950987939440595,309,0.4696048632218845,0.21580547112462006,0.5516717325227963,0.44832826747720367,5,0.007598784194528876,57.450466094153256,10.075871228975707,11.951962267509124,11.946651130624446,5
681,3837,39,6,17.46153846153846,4.506607929515418,6.5,33,0.8461538461538461,0.02137086265311441,244,0.35829662261380324,0.16886930983847284,0.5183553597650514,0.48164464023494863,2,0.002936857562408223,64.12760557512408,8.627267355982276,10.902230807105253,11.20814326018867,5
425,2370,21,5,20.238095238095237,4.447058823529412,4.2,13,0.6190476190476191,0.021940928270042195,183,0.43058823529411766,0.21176470588235294,0.48705882352941177,0.5129411764705882,8,0.018823529411764704,65.9688940809969,9.121188251001332,11.143035157988429,10.504223727775692,5
796,4945,42,5,18.952380952380953,5.041457286432161,8.4,41,0.9761904761904762,0.025884732052578362,314,0.3944723618090452,0.2864321608040201,0.5791457286432161,0.42085427135678394,7,0.008793969849246231,46.49053921568628,11.500875201144293,13.56697061803445,13.484332010920856,5
745,4300,37,6,20.135135135135137,4.567785234899329,6.166666666666667,40,1.0810810810810811,0.023488372093023256,253,0.3395973154362416,0.19328859060402684,0.47248322147651006,0.5275167785234899,4,0.005369127516778523,63.87267567567568,9.386072072072071,12.374774774774776,11.736732502453698,5
478,2772,25,4,19.12,4.665271966527197,6.25,15,0.6,0.01984126984126984,214,0.4476987447698745,0.20292887029288703,0.49372384937238495,0.5062761506276151,5,0.010460251046025104,53.80267698744771,10.504875313807535,13.087330543933057,13.219821797770464,5
601,3613,35,5,17.17142857142857,4.81198003327787,7.0,30,0.8571428571428571,0.027124273456960973,267,0.4442595673876872,0.24459234608985025,0.5773710482529119,0.4226289517470882,10,0.016638935108153077,53.1100410396717,10.250177838577294,12.863083838186439,12.627914446148157,5
725,4062,33,5,21.96969696969697,4.464827586206897,6.6,41,1.2424242424242424,0.020433284096504186,347,0.4786206896551724,0.19034482758620688,0.5420689655172414,0.4579310344827586,19,0.02620689655172414,59.52642264087328,10.369303325325578,12.665081974122309,12.134331711722812,5
800,4681,45,6,17.77777777777778,4.63625,7.5,45,1.0,0.02542191839350566,362,0.4525,0.20375,0.55375,0.44625,7,0.00875,59.93477047704775,9.461669666966696,11.206840684068409,11.434490787697086,5
568,3159,24,5,23.666666666666668,4.498239436619718,4.8,3,0.125,0.009180120291231402,177,0.31161971830985913,0.19014084507042253,0.528169014084507,0.47183098591549294,12,0.02112676056338028,64.84995305164321,10.093521126760564,11.931455399061035,11.038039088145766,5
486,2713,25,4,19.44,4.458847736625515,6.25,12,0.48,0.01916697382970881,225,0.46296296296296297,0.2037037037037037,0.5267489711934157,0.4732510288065844,15,0.030864197530864196,57.746017177914126,10.064166871165646,12.159378323108385,12.481268711053069,5
665,3689,27,5,24.62962962962963,4.466165413533835,5.4,20,0.7407407407407407,0.01626457034426674,285,0.42857142857142855,0.19849624060150375,0.5037593984962406,0.49624060150375937,15,0.022556390977443608,52.71852019947332,11.988034963859473,13.847055527539641,13.500993698302587,5
537,3010,29,5,18.517241379310345,4.4804469273743015,5.8,11,0.3793103448275862,0.019601328903654486,229,0.4264432029795158,0.2085661080074488,0.4748603351955307,0.5251396648044693,1,0.00186219739292365,62.794189944134104,9.100997880947794,12.39758556475952,12.25470773602088,5
740,4302,38,5,19.473684210526315,4.686486486486486,7.6,34,0.8947368421052632,0.019525801952580194,226,0.3054054054054054,0.2391891891891892,0.5175675675675676,0.48243243243243245,2,0.002702702702702703,52.43602226720651,10.789898785425102,14.223751686909583,13.695445656200906,5
700,4187,26,5,26.923076923076923,4.782857142857143,5.2,34,1.3076923076923077,0.026032959159302604,335,0.4785714285714286,0.2357142857142857,0.5714285714285714,0.42857142857142855,4,0.005714285714285714,44.56640057306592,13.979315759312325,16.15367335243553,14.554592549557764,5
1045,6192,55,6,19.0,4.701435406698565,9.166666666666666,65,1.1818181818181819,0.03213824289405685,424,0.40574162679425835,0.21435406698564594,0.5712918660287082,0.42870813397129187,26,0.024880382775119617,54.505211526940855,10.492087429960886,12.542559114776052,12.392965224024412,5
519,3230,25,5,20.76,5.140655105973025,5.0,14,0.56,0.012074303405572756,217,0.41811175337186895,0.3140655105973025,0.535645472061657,0.464354527938343,25,0.04816955684007707,41.340478612716765,12.650523314065513,15.625772639691716,14.611577903309897,5
505,3085,29,6,17.413793103448278,5.01980198019802,4.833333333333333,11,0.3793103448275862,0.01815235008103728,209,0.41386138613861384,0.297029702970297,0.5762376237623762,0.42376237623762375,1,0.0019801980198019802,52.727142857142866,10.22245484400657,11.872359058565957,12.793724455304456,5
667,3799,40,6,16.675,4.529235382308846,6.666666666666667,33,0.825,0.024216899183995787,257,0.3853073463268366,0.19490254872563717,0.4767616191904048,0.5232383808095952,4,0.005997001499250375,62.81962012743628,8.639786731634185,11.587541229385309,11.65048021390901,5
621,3740,35,5,17.742857142857144,4.760064412238325,7.0,38,1.0857142857142856,0.029411764705882353,220,0.35426731078904994,0.2576489533011272,0.4895330112721417,0.5104669887278583,5,0.008051529790660225,55.165589174967124,10.138831046795715,13.11550460439767,12.827911418992354,5
578,3191,37,6,15.621621621621621,4.313148788927336,6.166666666666667,9,0.24324324324324326,0.020369790034471952,195,0.3373702422145329,0.185121107266436,0.46539792387543255,0.5346020761245674,4,0.006920415224913495,65.88637931034484,8.186305418719215,10.835467980295569,11.150228224882085,5
533,3033,34,5,15.676470588235293,4.472795497185741,6.8,20,0.5882352941176471,0.024398285525881965,218,0.4090056285178236,0.17823639774859287,0.50093808630394,0.49906191369606,9,0.016885553470919325,67.69778111797206,7.784385765355868,10.218806196511755,10.328600350310264,5
696,3875,34,6,20.470588235294116,4.469827586206897,5.666666666666667,26,0.7647058823529411,0.017548387096774195,277,0.39798850574712646,0.1997126436781609,0.5244252873563219,0.4755747126436782,11,0.015804597701149427,59.64352771166273,9.996490989459367,12.41863311798708,12.054845989584749,5
638,3468,33,6,19.333333333333332,4.347962382445141,5.5,18,0.5454545454545454,0.02249134948096886,250,0.39184952978056425,0.1724137931034483,0.45141065830721006,0.54858934169279,1,0.001567398119122257,67.18214166785597,8.684178678464395,10.67254650111793,10.702692998642778,5
618,3681,39,10,15.846153846153847,4.805825242718447,3.9,4,0.10256410256410256,0.02852485737571312,242,0.39158576051779936,0.2669902912621359,0.5161812297734628,0.48381877022653724,10,0.016181229773462782,47.33700251256283,11.600480737018426,14.593165829145727,13.81666964889586,5
525,3195,27,5,19.444444444444443,4.916190476190476,5.4,29,1.0740740740740742,0.02378716744913928,204,0.38857142857142857,0.2723809523809524,0.5447619047619048,0.4552380952380952,2,0.0038095238095238095,51.30549937578027,11.01659176029963,13.004744069912611,12.261556223090622,5
434,2747,23,4,18.869565217391305,5.11520737327189,5.75,28,1.2173913043478262,0.030942846741900256,215,0.49539170506912444,0.30184331797235026,0.5806451612903226,0.41935483870967744,9,0.020737327188940093,44.00697447147988,11.830566414040685,14.646828879138411,13.981356848031755,5
603,3360,35,6,17.228571428571428,4.4245439469320065,5.833333333333333,15,0.42857142857142855,0.02261904761904762,192,0.31840796019900497,0.19237147595356552,0.5290215588723052,0.4709784411276949,12,0.01990049751243781,62.183955979742905,8.99916244643553,13.264822750292172,12.72843380041369,5
662,3786,45,7,14.71111111111111,4.59214501510574,6.428571428571429,20,0.4444444444444444,0.01954569466455362,210,0.31722054380664655,0.21601208459214502,0.49395770392749244,0.5060422960725075,5,0.0075528700906344415,65.58666654956792,7.935938312372656,8.87717276751212,9.877274947071175,5
642,3940,27,6,23.77777777777778,5.048286604361371,4.5,20,0.7407407407407407,0.013451776649746193,215,0.3348909657320872,0.27258566978193144,0.5654205607476636,0.43457943925233644,6,0.009345794392523364,43.4136396677051,13.111059190031153,14.370924195223262,13.500993698302587,5
613,3487,31,5,19.774193548387096,4.557911908646004,6.2,28,0.9032258064516129,0.018067106395182105,251,0.4094616639477977,0.19412724306688417,0.5154975530179445,0.48450244698205547,6,0.009787928221859706,61.5893158974899,9.58131558175025,12.281618691785509,12.190835680783625,5
457,2470,26,5,17.576923076923077,4.288840262582057,5.2,24,0.9230769230769231,0.02145748987854251,184,0.4026258205689278,0.14442013129102846,0.49452954048140046,0.5054704595185996,6,0.01312910284463895,68.48107515569771,8.07419037199125,10.881972731863323,11.587645496897025,5
767,4506,41,6,18.70731707317073,4.758800521512386,6.833333333333333,27,0.6585365853658537,0.019529516200621395,301,0.3924380704041721,0.2138200782268579,0.5267275097783573,0.47327249022164275,2,0.002607561929595828,56.00185537795329,10.089552951665286,11.859593708208624,11.779116466923561,5
586,3385,30,6,19.533333333333335,4.604095563139932,5.0,32,1.0666666666666667,0.023042836041358938,247,0.42150170648464164,0.19965870307167236,0.49829351535836175,0.5017064846416383,12,0.020477815699658702,57.86386548223351,10.082509306260576,12.617732656514384,12.340626583579944,5
569,3286,30,6,18.966666666666665,4.634446397188049,5.0,30,1.0,0.021606816798539256,227,0.3989455184534271,0.23198594024604569,0.5114235500878734,0.48857644991212656,2,0.0035149384885764497,57.820845070422564,10.06024040796503,11.707722195240407,11.54917987921812,5
669,3594,32,5,20.90625,4.251121076233184,6.4,28,0.875,0.019476905954368393,233,0.3482810164424514,0.16292974588938713,0.47533632286995514,0.5246636771300448,8,0.01195814648729447,64.81641068849304,9.587987481945113,11.869041887337506,11.273036216398935,5
423,2484,17,3,24.88235294117647,4.775413711583925,5.666666666666667,16,0.9411764705882353,0.016505636070853463,174,0.41134751773049644,0.24113475177304963,0.491725768321513,0.508274231678487,3,0.0070921985815602835,49.00093750000005,12.992492612293145,14.357505910165486,13.023866798666859,5
481,2851,18,5,26.72222222222222,4.792099792099792,3.6,29,1.6111111111111112,0.023851280252542968,211,0.4386694386694387,0.22661122661122662,0.5571725571725572,0.44282744282744285,3,0.006237006237006237,43.318678804855296,13.786778711484594,15.703828197945846,14.232682905230785,5
547,3212,22,6,24.863636363636363,4.747714808043876,3.6666666666666665,14,0.6363636363636364,0.015877957658779578,236,0.43144424131627057,0.24314442413162707,0.5521023765996343,0.44789762340036565,19,0.03473491773308958,50.636205533596836,12.429874835309619,13.876943346508563,12.641684177145173,5
896,5009,39,6,22.974358974358974,4.470982142857143,6.5,35,0.8974358974358975,0.018167298862048313,276,0.3080357142857143,0.19866071428571427,0.46763392857142855,0.5323660714285714,29,0.03236607142857143,55.58876837416483,11.879760101813556,13.559070951320393,12.540900571622839,5
481,2808,20,5,24.05,4.6777546777546775,4.0,15,0.75,0.014245014245014245,200,0.4158004158004158,0.21621621621621623,0.5114345114345115,0.4885654885654886,4,0.008316008316008316,52.17377647657841,12.081037678207743,14.056252545824847,13.187427743715652,5
864,4725,51,4,16.941176470588236,4.297453703703703,12.75,35,0.6862745098039216,0.025396825396825397,322,0.3726851851851852,0.1550925925925926,0.5219907407407407,0.47800925925925924,27,0.03125,69.32722398609504,7.877437079953651,10.611995365005795,10.621296500359556,5
462,2739,23,4,20.08695652173913,4.7770562770562774,5.75,18,0.782608695652174,0.020080321285140562,179,0.3874458874458874,0.19696969696969696,0.5086580086580087,0.49134199134199136,3,0.006493506493506494,51.48959627329194,11.067722567287788,12.104046677959722,12.356017616173464,5
543,3093,22,5,24.681818181818183,4.539594843462247,4.4,16,0.7272727272727273,0.0158422243776269,223,0.4106813996316759,0.2007366482504604,0.5064456721915286,0.49355432780847147,12,0.022099447513812154,55.14548062593147,11.76704504056963,14.353402881271734,13.391826843910795,5
639,3781,41,5,15.585365853658537,4.755868544600939,8.2,36,0.8780487804878049,0.0282993916953187,206,0.3223787167449139,0.26291079812206575,0.5367762128325508,0.46322378716744916,5,0.00782472613458529,56.84685469887876,9.165816668593227,10.851755095750011,11.450811084017136,5
542,2918,24,5,22.583333333333332,4.271217712177122,4.8,20,0.8333333333333334,0.019876627827278958,219,0.4040590405904059,0.17158671586715868,0.477859778597786,0.522140221402214,9,0.016605166051660517,67.17559737569064,9.510361418047882,11.554604051565377,10.775791032727817,5
938,5072,37,6,25.35135135135135,4.277185501066098,6.166666666666667,67,1.8108108108108107,0.024645110410094637,330,0.35181236673773986,0.13752665245202558,0.48933901918976547,0.5106609808102346,7,0.007462686567164179,66.2793970893971,10.299236544236546,12.255671055671057,10.524129630991563,5
590,3098,30,5,19.666666666666668,4.11864406779661,6.0,24,0.8,0.02356358941252421,222,0.376271186440678,0.13559322033898305,0.4491525423728814,0.5508474576271186,2,0.003389830508474576,70.74711421319799,8.285554991539765,9.978138747884941,10.355215969177355,5
676,3762,33,5,20.484848484848484,4.433431952662722,6.6,30,0.9090909090909091,0.02046783625730994,279,0.41272189349112426,0.15236686390532544,0.5177514792899408,0.4822485207100592,12,0.01775147928994083,63.94773531777959,9.44396621078037,11.345025475998929,10.95949752851319,5
989,5406,26,5,38.03846153846154,4.407482305358949,5.2,25,0.9615384615384616,0.010173880873103959,302,0.30535894843276035,0.19211324570273003,0.48432760364004046,0.5156723963599595,21,0.021233569261880688,46.41702429149801,16.225344129554657,19.410526315789475,15.299343439825492,5
492,2925,29,4,16.96551724137931,4.764227642276423,7.25,17,0.5862068965517241,0.022222222222222223,238,0.483739837398374,0.24390243902439024,0.5630081300813008,0.4369918699186992,10,0.02032520325203252,55.73010141987834,9.709371196754564,12.236105476673428,12.1305440220866,5
710,3913,43,5,16.511627906976745,4.342253521126761,8.6,27,0.627906976744186,0.021211346792742142,306,0.4309859154929577,0.1563380281690141,0.5492957746478874,0.4507042253521127,5,0.007042253521126761,69.82084375202436,7.6688896806374345,10.411660296689773,10.521355281004226,5
501,2868,28,5,17.892857142857142,4.568862275449102,5.6,23,0.8214285714285714,0.020223152022315203,209,0.4171656686626746,0.19560878243512975,0.48902195608782434,0.5109780439121756,6,0.011976047904191617,61.704602126879365,9.299295929592962,12.392372570590393,12.060818386365153,5
558,3369,24,6,23.25,4.933691756272402,4.0,19,0.7916666666666666,0.0213713268032057,206,0.36917562724014336,0.25089605734767023,0.5609318996415771,0.4390681003584229,28,0.05017921146953405,49.46776967384801,12.125163824057452,13.376690604428484,12.311054993355175,5
450,2611,29,5,15.517241379310345,4.611111111111111,5.8,24,0.8275862068965517,0.024511681348142474,210,0.4666666666666667,0.22,0.54,0.46,4,0.008888888888888889,59.94544052863441,8.787323408780193,12.253258392830018,12.1305440220866,5
564,3280,33,6,17.09090909090909,4.666666666666667,5.5,29,0.8787878787878788,0.022560975609756097,256,0.45390070921985815,0.19326241134751773,0.5053191489361702,0.4946808510638298,12,0.02127659574468085,64.06600200177937,8.6864212633452,11.366637010676158,11.271016140411913,5
685,4040,35,5,19.571428571428573,4.760583941605839,7.0,23,0.6571428571428571,0.020297029702970298,256,0.37372262773722625,0.24233576642335766,0.5153284671532846,0.4846715328467153,3,0.004379562043795621,52.01482284040998,10.852196611587537,14.072185735201842,13.573989372319843,5
445,2642,27,5,16.48148148148148,4.8157303370786515,5.4,8,0.2962962962962963,0.017789553368660106,201,0.451685393258427,0.2292134831460674,0.5370786516853933,0.46292134831460674,4,0.008988764044943821,55.431726726726765,9.612972972972976,11.262462462462462,11.429527900616531,5
533,3279,20,5,26.65,4.9793621013133205,4.0,23,1.15,0.023787740164684355,211,0.39587242026266417,0.28330206378986866,0.5234521575984991,0.47654784240150094,3,0.005628517823639775,48.578338126159565,13.178756029684603,14.63899814471243,13.348371206891418,5
451,2686,26,4,17.346153846153847,4.827050997782705,6.5,17,0.6538461538461539,0.0193596425912137,187,0.4146341463414634,0.23725055432372505,0.5254988913525499,0.4745011086474501,0,0.0,51.99536759700479,10.325840707964598,12.440571817562969,12.701474735504405,5
484,2906,24,5,20.166666666666668,4.869834710743802,4.8,30,1.25,0.026496902959394355,215,0.44421487603305787,0.2768595041322314,0.5268595041322314,0.4731404958677686,8,0.01652892561983471,45.2852482527004,12.116725061268948,14.760497413088864,14.175741079098877,5
566,3263,35,6,16.17142857142857,4.53886925795053,5.833333333333333,19,0.5428571428571428,0.021452650934722647,202,0.3568904593639576,0.21554770318021202,0.4840989399293286,0.5159010600706714,6,0.01060070671378092,63.00701974496094,8.650547099958867,12.183957219251338,11.946651130624446,5
703,3713,28,6,25.107142857142858,4.182076813655761,4.666666666666667,14,0.5,0.01723673579315917,232,0.33001422475106684,0.1507823613086771,0.4779516358463727,0.5220483641536273,10,0.01422475106685633,67.25598965763197,10.09803698797636,12.125555329121664,10.7630783206399,5
631,3901,26,6,24.26923076923077,5.006339144215531,4.333333333333333,40,1.5384615384615385,0.025121763650346064,256,0.40570522979397783,0.29160063391442154,0.5705229793977813,0.4294770206022187,16,0.025356576862123614,38.1589627498486,14.004291338582679,16.005451241671718,14.609391389360088,5
816,4478,35,5,23.314285714285713,4.3088235294117645,7.0,20,0.5714285714285714,0.018758374274229567,285,0.3492647058823529,0.12990196078431374,0.5318627450980392,0.4681372549019608,7,0.00857843137254902,67.1474846625767,9.678422436459247,11.52287467134093,10.290406445055957,5
650,3528,35,7,18.571428571428573,4.286153846153846,5.0,36,1.0285714285714285,0.024376417233560092,257,0.3953846153846154,0.17692307692307693,0.46153846153846156,0.5384615384615384,2,0.003076923076923077,64.2755413305538,9.036229946524067,11.579824163872022,11.20814326018867,5
580,3255,30,4,19.333333333333332,4.4672413793103445,7.5,35,1.1666666666666667,0.023963133640552997,225,0.3879310344827586,0.20689655172413793,0.4586206896551724,0.5413793103448276,6,0.010344827586206896,64.54166666666669,9.059999999999999,11.04367816091954,11.275190411970641,5
774,4152,37,7,20.91891891891892,4.301033591731266,5.285714285714286,6,0.16216216216216217,0.011560693641618497,216,0.27906976744186046,0.16279069767441862,0.458656330749354,0.541343669250646,11,0.014211886304909561,66.88328729764696,9.120580399286741,12.185993496730884,11.316591646374942,5
436,2695,20,3,21.8,5.036697247706422,6.666666666666667,23,1.15,0.02040816326530612,221,0.5068807339449541,0.29128440366972475,0.5481651376146789,0.4518348623853211,2,0.0045871559633027525,43.22019863013699,12.671547945205482,15.426666666666666,14.625780107752846,5
466,2343,31,6,15.03225806451613,3.9163090128755367,5.166666666666667,14,0.45161290322580644,0.02176696542893726,202,0.4334763948497854,0.12017167381974249,0.4592274678111588,0.5407725321888412,7,0.015021459227467811,84.631935483871,5.181290322580647,7.634408602150538,8.360895534625664,5
638,3445,31,6,20.580645161290324,4.2507836990595615,5.166666666666667,33,1.064516129032258,0.024383164005805515,238,0.3730407523510972,0.15673981191222572,0.45768025078369906,0.542319749216301,3,0.004702194357366771,67.19624930803687,9.023647526546224,11.266287554727995,10.598780456956124,5
894,4969,24,10,37.25,4.531319910514541,2.4,13,0.5416666666666666,0.010666130006037432,325,0.3635346756152125,0.1935123042505593,0.49105145413870244,0.5089485458612976,4,0.0044742729306487695,46.7391810344828,15.745660919540232,17.53448275862069,13.160352788161607,5
526,3160,28,5,18.785714285714285,4.908745247148289,5.6,15,0.5357142857142857,0.01708860759493671,227,0.43155893536121676,0.25285171102661597,0.5380228136882129,0.4619771863117871,2,0.0038022813688212928,56.0955763757116,10.110888452155056,11.399539170506912,11.629938488055164,5
548,3277,31,6,17.677419354838708,4.708029197080292,5.166666666666667,12,0.3870967741935484,0.02471772963075984,226,0.4124087591240876,0.2518248175182482,0.4981751824817518,0.5018248175182481,9,0.016423357664233577,54.217820401046254,10.14469049694856,12.999128160418483,12.75420387040727,5
572,3124,34,5,16.823529411764707,4.309440559440559,6.8,20,0.5882352941176471,0.020486555697823303,250,0.4370629370629371,0.1381118881118881,0.4965034965034965,0.5034965034965035,7,0.012237762237762238,71.84595588235295,7.446919934640523,9.276470588235295,9.478462496947788,5
726,4284,28,12,25.928571428571427,4.62534435261708,2.3333333333333335,46,1.6428571428571428,0.021475256769374416,269,0.37052341597796146,0.22589531680440772,0.4559228650137741,0.5440771349862259,5,0.006887052341597796,48.47364533011276,13.270187198067635,15.95805152979066,14.970199986440825,5
732,4092,44,4,16.636363636363637,4.474043715846994,11.0,32,0.7272727272727273,0.021016617790811338,247,0.337431693989071,0.21721311475409835,0.5245901639344263,0.47540983606557374,6,0.00819672131147541,66.49881424059718,8.195797364979107,10.512533894790572,11.254978685939424,5
544,3200,27,5,20.14814814814815,4.779411764705882,5.4,9,0.3333333333333333,0.02,228,0.41911764705882354,0.25183823529411764,0.5055147058823529,0.4944852941176471,6,0.011029411764705883,46.55269038701624,11.679513108614234,13.903620474406992,13.324688043637089,5
618,3289,45,9,13.733333333333333,4.100323624595469,5.0,23,0.5111111111111111,0.027059896625114016,257,0.41585760517799353,0.11650485436893204,0.49838187702265374,0.5016181229773463,8,0.012944983818770227,81.51938147526633,5.406523785203557,7.589800087552897,8.575989854853784,5
518,3175,26,7,19.923076923076923,4.88030888030888,3.7142857142857144,30,1.1538461538461537,0.04,219,0.42277992277992277,0.26640926640926643,0.5193050193050193,0.4806949806949807,6,0.011583011583011582,45.36432954990218,12.009780039138942,15.377565557729941,14.323750722554948,5
677,3967,36,7,18.805555555555557,4.701624815361891,5.142857142857143,31,0.8611111111111112,0.02344340811696496,268,0.39586410635155095,0.23338257016248154,0.4977843426883309,0.5022156573116692,0,0.0,55.574940476190505,10.145059523809529,13.359523809523811,12.838901577100671,5
551,3181,23,6,23.956521739130434,4.656987295825771,3.8333333333333335,7,0.30434782608695654,0.01571832756994656,200,0.3629764065335753,0.2323049001814882,0.5117967332123412,0.4882032667876588,7,0.012704174228675136,52.20315451986241,11.983509540193932,14.561651548326559,13.513653160720306,5
626,3603,27,5,23.185185185185187,4.613418530351438,5.4,19,0.7037037037037037,0.0202608936996947,273,0.43610223642172524,0.21725239616613418,0.5287539936102237,0.4712460063897764,29,0.0463258785942492,55.739001538461565,11.456680000000002,14.287384615384617,13.212355483912233,5
756,4178,33,5,22.90909090909091,4.415343915343915,6.6,29,0.8787878787878788,0.016993776926759217,261,0.34523809523809523,0.14947089947089948,0.5052910052910053,0.4947089947089947,23,0.03042328042328042,66.82992394060125,9.606567668719066,11.783315223952675,11.084791844665222,5
533,3186,18,5,29.61111111111111,4.799249530956848,3.6,45,2.5,0.03452605147520402,272,0.5103189493433395,0.24577861163227016,0.5178236397748592,0.4821763602251407,2,0.00375234521575985,40.17190939026983,14.874362651370301,17.740769067346505,15.688483145680365,5
688,4207,27,4,25.48148148148148,4.8895348837209305,6.75,17,0.6296296296296297,0.02590919895412408,313,0.45494186046511625,0.23837209302325582,0.5581395348837209,0.4418604651162791,16,0.023255813953488372,44.61222222222224,13.523546099290783,15.60756501182033,14.232682905230785,5
491,2726,22,5,22.318181818181817,4.470468431771894,4.4,7,0.3181818181818182,0.013939838591342627,180,0.3665987780040733,0.1975560081466395,0.4745417515274949,0.5254582484725051,10,0.020366598778004074,59.07939393939398,10.506936026936028,14.268462401795734,13.0985453433752,5
715,4108,38,4,18.81578947368421,4.488111888111888,9.5,25,0.6578947368421053,0.019717624148003893,217,0.3034965034965035,0.18041958041958042,0.4797202797202797,0.5202797202797202,3,0.004195804195804196,61.016323790758804,9.71043231339824,12.662046051614897,12.211787698766997,5
578,3192,40,5,14.45,4.377162629757786,8.0,30,0.75,0.02694235588972431,257,0.444636678200692,0.2041522491349481,0.4757785467128028,0.5242214532871973,9,0.015570934256055362,72.7570326678766,6.902976406533579,9.346642468239565,10.064110947511566,5
604,3475,45,6,13.422222222222222,4.554635761589404,7.5,35,0.7777777777777778,0.03856115107913669,244,0.40397350993377484,0.2119205298013245,0.478476821192053,0.5215231788079471,7,0.011589403973509934,62.17902325934938,7.962962906658561,10.653754940711464,11.344700141305452,5
543,3076,29,8,18.724137931034484,4.500920810313075,3.625,22,0.7586206896551724,0.0188556566970091,217,0.3996316758747698,0.2007366482504604,0.5248618784530387,0.47513812154696133,8,0.014732965009208104,62.17944954128443,9.25527364757988,11.920911104080986,11.941018711569594,5
654,3772,33,7,19.818181818181817,4.591743119266055,4.714285714285714,46,1.393939393939394,0.024920466595970307,275,0.42048929663608564,0.23700305810397554,0.5030581039755352,0.4969418960244648,9,0.013761467889908258,54.60328924776093,10.55912571349019,12.938122418673721,13.023866798666859,5
924,5178,44,5,21.0,4.422077922077922,8.8,59,1.3409090909090908,0.023174971031286212,379,0.4101731601731602,0.18181818181818182,0.49783549783549785,0.5021645021645021,10,0.010822510822510822,60.472615826357824,10.098058205178123,12.645084679774186,12.284088841162951,5
513,2817,32,6,16.03125,4.304093567251462,5.333333333333333,29,0.90625,0.025914093006744764,219,0.4269005847953216,0.13255360623781676,0.5126705653021443,0.4873294346978557,3,0.005847953216374269,73.5692877906977,7.003788759689925,9.783333333333335,10.411451182825502,5
808,4999,32,9,25.25,5.0111386138613865,3.5555555555555554,56,1.75,0.02080416083216643,297,0.36757425742574257,0.29207920792079206,0.5433168316831684,0.4566831683168317,8,0.009900990099009901,40.038368055555594,13.963109567901238,17.384259259259263,15.903189008614273,5
595,3346,29,4,20.517241379310345,4.4184873949579835,7.25,41,1.4137931034482758,0.029288702928870293,267,0.44873949579831934,0.16638655462184873,0.49747899159663866,0.5025210084033613,7,0.011764705882352941,62.742000000000004,9.647965517241378,11.675862068965518,11.482086540030519,5
509,2912,26,6,19.576923076923077,4.534381139489194,4.333333333333333,31,1.1923076923076923,0.026442307692307692,232,0.45579567779960706,0.20235756385068762,0.48526522593320237,0.5147347740667977,7,0.0137524557956778,62.13458502024294,9.494473684210526,12.102834008097167,11.87940476392328,5
446,2394,27,6,16.51851851851852,4.257847533632287,4.5,8,0.2962962962962963,0.01921470342522974,188,0.42152466367713004,0.1547085201793722,0.4977578475336323,0.5022421524663677,5,0.011210762331838564,74.61271494708996,6.974414682539685,9.315608465608467,9.444778638647367,5
589,3736,28,5,21.035714285714285,5.195246179966044,5.6,29,1.0357142857142858,0.019271948608137045,283,0.48047538200339557,0.3225806451612903,0.5806451612903226,0.41935483870967744,11,0.01867572156196944,40.480381355932224,12.847857142857148,15.072639225181598,14.296647515009731,5
540,3286,33,7,16.363636363636363,4.992592592592593,4.714285714285714,15,0.45454545454545453,0.0155203895313451,255,0.4722222222222222,0.3,0.5685185185185185,0.43148148148148147,27,0.05,53.293921427284204,10.129307382711602,12.29216074968463,12.306276458036287,5
504,2936,25,4,20.16,4.6726190476190474,6.25,26,1.04,0.021798365122615803,215,0.42658730158730157,0.2123015873015873,0.5158730158730159,0.48412698412698413,2,0.003968253968253968,55.880332806324134,10.493323320158105,14.341059288537549,13.786089987796743,5
682,3895,50,12,13.64,4.523460410557185,4.166666666666667,38,0.76,0.02772785622593068,301,0.4413489736070381,0.18035190615835778,0.47947214076246336,0.5205278592375366,4,0.005865102639296188,70.1646501457726,6.9507580174927135,8.573760932944607,9.858887515219184,5
691,4210,36,7,19.194444444444443,4.87698986975398,5.142857142857143,38,1.0555555555555556,0.027553444180522565,208,0.30101302460202606,0.2778581765557164,0.5036179450072359,0.4963820549927641,2,0.002894356005788712,46.94500000000005,11.68,15.485714285714288,14.635913807479461,5
464,2679,22,4,21.09090909090909,4.620689655172414,5.5,15,0.6818181818181818,0.02202314296379246,207,0.44612068965517243,0.22629310344827586,0.4956896551724138,0.5043103448275862,2,0.004310344827586207,55.59621602288985,11.017504598405889,13.253872879623954,12.28987398476788,5
708,4123,31,6,22.838709677419356,4.6624293785310735,5.166666666666667,33,1.064516129032258,0.024011642008246424,276,0.3898305084745763,0.23587570621468926,0.4872881355932203,0.5127118644067796,8,0.011299435028248588,49.66747503566336,12.336813419253286,15.089792906685032,13.842961372877724,5
585,3179,27,5,21.666666666666668,4.32991452991453,5.4,18,0.6666666666666666,0.01887385970430953,266,0.4547008547008547,0.1658119658119658,0.48376068376068376,0.5162393162393163,5,0.008547008547008548,66.98179487179489,9.299316239316244,11.264957264957268,10.504223727775692,5
855,5308,35,6,24.428571428571427,5.037426900584795,5.833333333333333,54,1.542857142857143,0.028447626224566692,305,0.3567251461988304,0.28421052631578947,0.5660818713450292,0.43391812865497076,4,0.004678362573099415,42.1640373831776,13.45412683578104,15.296875834445927,14.348710955821954,5
475,2659,34,5,13.970588235294118,4.408421052631579,6.8,18,0.5294117647058824,0.02933433621662279,213,0.44842105263157894,0.1831578947368421,0.5031578947368421,0.4968421052631579,16,0.03368421052631579,67.30325900514583,7.462786354107109,11.316409376786737,11.449361687318167,5
605,3383,26,6,23.26923076923077,4.477685950413223,4.333333333333333,32,1.2307692307692308,0.018918120011823827,246,0.4066115702479339,0.18677685950413223,0.484297520661157,0.515702479338843,9,0.01487603305785124,56.745553960964415,11.106077943615258,13.854037504783776,13.023866798666859,5
494,2887,22,5,22.454545454545453,4.716599190283401,4.4,14,0.6363636363636364,0.014201593349497749,220,0.44534412955465585,0.22874493927125505,0.5040485829959515,0.4959514170040486,6,0.012145748987854251,51.91155173984333,11.653504281289855,13.561705228639097,12.948620331739964,5
977,5261,61,6,16.016393442622952,4.250767656090072,10.166666666666666,36,0.5901639344262295,0.024710131153773046,293,0.2998976458546571,0.14534288638689866,0.4595701125895599,0.5404298874104401,14,0.014329580348004094,75.16662928693556,6.758083408763287,9.276100439169936,9.589022676286966,5
517,3000,39,5,13.256410256410257,4.630560928433269,7.8,27,0.6923076923076923,0.03133333333333333,217,0.4197292069632495,0.2011605415860735,0.5531914893617021,0.44680851063829785,4,0.007736943907156673,64.77655382600375,7.466601178781929,9.778469598508892,10.27369392181895,5
650,3697,25,6,26.0,4.533846153846154,4.166666666666667,16,0.64,0.019204760616716256,252,0.38769230769230767,0.18153846153846154,0.52,0.48,17,0.026153846153846153,50.034379969650985,12.829094992412749,15.703332321699547,13.968273953766033,5
529,3195,27,5,19.59259259259259,4.7958412098298675,5.4,34,1.2592592592592593,0.027230046948356807,209,0.3950850661625709,0.24007561436672967,0.5236294896030246,0.4763705103969754,6,0.011342155009451797,56.125866475331435,10.417855678556787,13.417083504168374,13.023866798666859,5
546,3281,28,4,19.5,4.794871794871795,7.0,40,1.4285714285714286,0.03200243828101189,250,0.45787545787545786,0.23626373626373626,0.5860805860805861,0.4139194139194139,7,0.01282051282051282,52.21333333333337,10.76772486772487,13.269841269841272,13.199009011505517,5
588,3567,23,5,25.565217391304348,4.967687074829932,4.6,20,0.8695652173913043,0.01457807681525091,230,0.391156462585034,0.30272108843537415,0.5068027210884354,0.4931972789115646,1,0.0017006802721088435,39.076129770428906,14.170905735587215,17.10256145272016,15.95860831007412,5
603,3376,30,5,20.1,4.4693200663349915,6.0,18,0.6,0.01688388625592417,238,0.3946932006633499,0.17744610281923714,0.5058043117744611,0.494195688225539,13,0.02155887230514096,61.62261822660099,9.707295566502466,12.06088669950739,12.040495906366182,5
799,4414,43,6,18.58139534883721,4.4030037546933665,7.166666666666667,28,0.6511627906976745,0.021975532396918896,269,0.33667083854818525,0.1702127659574468,0.4881101376720901,0.5118898623279099,8,0.010012515644555695,67.04872666795843,8.965113350125943,11.418148937544403,11.10389317310776,5
606,3343,32,6,18.9375,4.37953795379538,5.333333333333333,17,0.53125,0.019144481005085253,270,0.44554455445544555,0.17986798679867988,0.5148514851485149,0.48514851485148514,12,0.019801980198019802,66.61946853516659,8.855668958223166,10.690639873083025,11.010259096838322,5
660,3773,39,7,16.923076923076923,4.548484848484849,5.571428571428571,45,1.1538461538461537,0.029154518950437316,264,0.4,0.20606060606060606,0.5242424242424243,0.47575757575757577,2,0.0030303030303030303,62.6815567765568,8.707933130699093,11.307988465435274,11.661520659325951,5
613,3341,38,4,16.13157894736842,4.31810766721044,9.5,41,1.0789473684210527,0.02663873091888656,231,0.3768352365415987,0.15823817292006526,0.48450244698205547,0.5154975530179445,1,0.0016313213703099511,72.10157894736845,7.190526315789473,9.24072476272649,10.125756701596842,5
789,4347,32,5,24.65625,4.404309252217997,6.4,30,0.9375,0.016563146997929608,364,0.46134347275031684,0.16603295310519645,0.4968314321926489,0.5031685678073511,20,0.025348542458808618,60.97409090909093,11.53931731104145,13.954440961337514,12.067815424952059,5
646,3590,30,5,21.533333333333335,4.492260061919505,6.0,4,0.13333333333333333,0.010027855153203343,244,0.37770897832817335,0.17337461300309598,0.4551083591331269,0.544891640866873,8,0.01238390092879257,62.662257997936024,9.868681114551084,12.328503611971106,11.979248473330827,5
625,3648,35,5,17.857142857142858,4.6624,7.0,46,1.3142857142857143,0.02987938596491228,248,0.3968,0.216,0.4944,0.5056,4,0.0064,61.17672463768119,9.134223142397058,11.670411778237867,11.979248473330827,5
692,3921,39,6,17.743589743589745,4.546242774566474,6.5,33,0.8461538461538461,0.020913032389696506,274,0.3959537572254335,0.203757225433526,0.4985549132947977,0.5014450867052023,11,0.015895953757225433,62.467742474916406,8.941594202898553,11.772575250836121,11.710417453093623,5
1208,6972,67,5,18.029850746268657,4.589403973509934,13.4,95,1.4179104477611941,0.027969018932874356,468,0.38741721854304634,0.20612582781456953,0.5662251655629139,0.4337748344370861,5,0.0041390728476821195,58.29573089885562,9.611068972754097,11.353559744700815,11.76193121438844,5
705,4007,32,6,22.03125,4.571631205673759,5.333333333333333,23,0.71875,0.018717244821562267,275,0.3900709219858156,0.21418439716312057,0.5191489361702127,0.4808510638297872,9,0.01276595744680851,55.74023237179489,10.934570868945872,13.561324786324787,12.868033960526684,5
663,3745,47,6,14.106382978723405,4.417797888386124,7.833333333333333,33,0.7021276595744681,0.033110814419225636,287,0.43288084464555054,0.18099547511312217,0.5248868778280543,0.4751131221719457,8,0.012066365007541479,65.67341405861899,8.068136044283584,10.265289901355477,10.964006827780404,5
608,3516,39,4,15.58974358974359,4.605263157894737,9.75,48,1.2307692307692308,0.03043230944254835,289,0.4753289473684211,0.21217105263157895,0.5493421052631579,0.4506578947368421,9,0.014802631578947368,59.0139982911364,9.063334082834917,10.88997616584971,11.316591646374942,5
548,3136,35,5,15.657142857142857,4.591240875912408,7.0,21,0.6,0.021683673469387755,222,0.4051094890510949,0.19343065693430658,0.5364963503649635,0.4635036496350365,15,0.02737226277372263,61.39211305119859,9.063882805563775,11.435927789286772,11.713562520984848,5
806,4250,40,5,20.15,4.173697270471464,8.0,25,0.625,0.023529411764705882,269,0.3337468982630273,0.1600496277915633,0.4665012406947891,0.533498759305211,4,0.004962779156327543,70.92409015715468,8.501017369727048,10.599172870140613,10.560738912317856,5
512,2804,37,5,13.837837837837839,4.291015625,7.4,14,0.3783783783783784,0.0224679029957204,188,0.3671875,0.181640625,0.474609375,0.525390625,8,0.015625,74.09236525542885,6.409634952871947,8.693662448575743,9.966358637471284,5
522,3158,23,4,22.695652173913043,4.82183908045977,5.75,25,1.0869565217391304,0.022165927802406588,259,0.49616858237547895,0.2471264367816092,0.5862068965517241,0.41379310344827586,7,0.013409961685823755,45.68186618265821,12.579863047603336,15.540928966256912,14.554592549557764,5
555,3370,28,5,19.821428571428573,4.875675675675676,5.6,28,1.0,0.02314540059347181,271,0.4882882882882883,0.24324324324324326,0.5369369369369369,0.46306306306306305,2,0.0036036036036036037,47.05108695652177,11.594223602484472,13.972670807453419,13.651812934410021,5
828,4708,45,7,18.4,4.5229468599033815,6.428571428571429,50,1.1111111111111112,0.025488530161427356,282,0.34057971014492755,0.19202898550724637,0.46859903381642515,0.5314009661835749,35,0.042270531400966184,65.25067853290187,8.707158576051778,10.96522114347357,11.117871787118885,5
706,3977,27,6,26.14814814814815,4.5127478753541075,4.5,42,1.5555555555555556,0.02263012320844858,250,0.35410764872521244,0.19971671388101983,0.48583569405099153,0.5141643059490085,5,0.007082152974504249,51.512884615384635,12.81053191489362,15.328423349699946,13.991409890343128,5
607,3318,27,6,22.48148148148148,4.369028006589786,4.5,13,0.48148148148148145,0.012658227848101266,220,0.3624382207578254,0.14827018121911037,0.4794069192751236,0.5205930807248764,2,0.0032948929159802307,66.24529135395694,9.604466410397219,11.36491549209836,10.980518767755715,5
636,3634,35,5,18.17142857142857,4.5251572327044025,7.0,20,0.5714285714285714,0.021739130434782608,234,0.36792452830188677,0.19339622641509435,0.48427672955974843,0.5157232704402516,18,0.02830188679245283,61.24281250000003,9.259866071428572,12.064285714285715,11.819773276564941,5
437,2600,34,10,12.852941176470589,4.695652173913044,3.4,32,0.9411764705882353,0.04115384615384615,204,0.4668192219679634,0.20594965675057209,0.517162471395881,0.482837528604119,4,0.009153318077803204,60.28235990037362,8.148464092984643,10.33192195931922,11.022393298168332,5
787,4130,51,6,15.431372549019608,4.116899618805591,8.5,20,0.39215686274509803,0.026876513317191285,250,0.3176620076238882,0.11689961880559085,0.4548919949174079,0.5451080050825922,0,0.0,78.53040518060837,6.389446292775666,8.653580481622306,8.9596472513307,5
534,3216,24,5,22.25,4.876404494382022,4.8,29,1.2083333333333333,0.02332089552238806,242,0.45318352059925093,0.2752808988764045,0.5749063670411985,0.4250936329588015,6,0.011235955056179775,49.28839496139781,12.163234457537587,14.537992685900043,14.111328628660665,5
383,2300,18,4,21.27777777777778,4.848563968668407,4.5,21,1.1666666666666667,0.021304347826086957,173,0.4516971279373368,0.2402088772845953,0.5274151436031331,0.4725848563968668,5,0.013054830287206266,49.47761627906979,11.699392764857887,13.767958656330752,12.931820455737444,5
426,2492,22,5,19.363636363636363,4.723004694835681,4.4,14,0.6363636363636364,0.020465489566613163,177,0.4154929577464789,0.22769953051643194,0.5305164319248826,0.4694835680751174,9,0.02112676056338028,56.76755961251865,10.163152011922506,12.353800298062595,12.161744961471694,5
538,3124,25,5,21.52,4.687732342007435,5.0,20,0.8,0.019526248399487835,238,0.4423791821561338,0.2174721189591078,0.5371747211895911,0.4628252788104089,11,0.020446096654275093,58.999280446927386,10.366343389199255,12.539858472998139,11.830495888017047,5
493,2793,26,3,18.96153846153846,4.513184584178499,8.666666666666666,29,1.1153846153846154,0.022198353025420694,194,0.3935091277890467,0.20081135902636918,0.4645030425963489,0.5354969574036511,2,0.004056795131845842,61.42474565756824,9.431048387096777,11.34044665012407,11.587645496897025,5
453,2811,25,6,18.12,5.097130242825607,4.166666666666667,19,0.76,0.015652792600498042,187,0.41280353200883,0.2803532008830022,0.5165562913907285,0.48344370860927155,10,0.02207505518763797,52.672339072847706,10.41410684326711,12.192812362030907,12.197803567765352,5
506,2959,32,4,15.8125,4.66205533596838,8.0,30,0.9375,0.027374112875971614,228,0.4505928853754941,0.2134387351778656,0.5197628458498024,0.48023715415019763,4,0.007905138339920948,60.87582633399211,8.696637845849803,11.384288537549407,11.757521984204296,5
486,2768,37,5,13.135135135135135,4.5699588477366255,7.4,12,0.32432432432432434,0.021315028901734104,187,0.38477366255144035,0.16049382716049382,0.5493827160493827,0.4506172839506173,5,0.0102880658436214,71.35261279760255,6.576918807924969,8.87882790387924,10.030559657594573,5
794,4665,35,5,22.685714285714287,4.7984886649874054,7.0,16,0.45714285714285713,0.011789924973204717,311,0.3916876574307305,0.25818639798488663,0.5390428211586902,0.4609571788413098,13,0.0163727959697733,53.31509433962265,11.465804132973947,13.211500449236297,12.491233731153383,5
656,3498,41,6,16.0,4.108231707317073,6.833333333333333,26,0.6341463414634146,0.023156089193825044,296,0.45121951219512196,0.1326219512195122,0.4740853658536585,0.5259146341463414,13,0.019817073170731708,75.65300984642816,7.185667976822401,9.789521455488472,9.567723090172098,5
556,3548,48,5,11.583333333333334,4.2428057553956835,9.6,24,0.5,0.025084554678692222,241,0.43345323741007197,0.14028776978417265,0.5089928057553957,0.4910071942446043,8,0.014388489208633094,76.83732927818329,5.567362530413625,7.571841038118411,8.713453558529999,5
561,3328,20,5,28.05,4.803921568627451,4.0,36,1.8,0.021634615384615384,244,0.43493761140819964,0.23885918003565063,0.5311942959001783,0.46880570409982175,6,0.0106951871657754,47.40385375670843,13.591000894454385,14.829373881932021,12.773325707644965,5
610,3344,26,4,23.46153846153846,4.324590163934427,6.5,50,1.9230769230769231,0.028110047846889953,241,0.3950819672131147,0.13442622950819672,0.46557377049180326,0.5344262295081967,5,0.00819672131147541,68.21828930857073,9.60141109298532,11.910377713640358,10.560738912317856,5
680,3729,39,5,17.435897435897434,4.333823529411765,7.8,22,0.5641025641025641,0.02654867256637168,264,0.38823529411764707,0.18088235294117647,0.5088235294117647,0.49117647058823527,11,0.016176470588235296,69.16123630189846,8.071350517055102,9.642290476925451,9.747274676799606,5
521,3039,38,5,13.710526315789474,4.7159309021113245,7.6,14,0.3684210526315789,0.022046725896676538,197,0.3781190019193858,0.19961612284069097,0.4971209213051823,0.5028790786948176,1,0.0019193857965451055,68.21094630770786,7.151347105768263,8.862329528235177,9.682069395223575,5
424,2260,22,5,19.272727272727273,4.238207547169812,4.4,12,0.5454545454545454,0.01592920353982301,169,0.39858490566037735,0.15330188679245282,0.4481132075471698,0.5518867924528302,7,0.01650943396226415,66.95761578044598,8.707967409948544,12.048713550600343,12.079253325248377,5
623,3360,58,7,10.741379310344827,4.223113964686998,8.285714285714286,25,0.43103448275862066,0.03184523809523809,252,0.4044943820224719,0.17335473515248795,0.45585874799357945,0.5441412520064205,11,0.01765650080256822,76.14200094663353,5.51897053603124,8.0236185066856,9.049649993220413,5
864,4876,64,6,13.5,4.517361111111111,10.666666666666666,22,0.34375,0.02317473338802297,302,0.34953703703703703,0.20833333333333334,0.4976851851851852,0.5023148148148148,6,0.006944444444444444,68.83557471264369,7.0888177339901475,9.201970443349754,10.3623811826077,5
488,2891,24,5,20.333333333333332,4.786885245901639,4.8,19,0.7916666666666666,0.02040816326530612,225,0.4610655737704918,0.26024590163934425,0.5758196721311475,0.42418032786885246,4,0.00819672131147541,51.44269557823131,11.156173469387756,13.47278911564626,13.295006501635747,5
712,3789,38,5,18.736842105263158,4.209269662921348,7.6,12,0.3157894736842105,0.018474531538664556,230,0.32303370786516855,0.14606741573033707,0.47752808988764045,0.5224719101123596,27,0.037921348314606744,74.59488281538349,7.516130877685097,10.198110282719421,9.811843763644266,5
443,2603,24,5,18.458333333333332,4.774266365688487,4.8,8,0.3333333333333333,0.017671917018824434,181,0.40857787810383744,0.2234762979683973,0.5959367945823928,0.4040632054176072,8,0.01805869074492099,57.66683455605721,9.801526523702034,11.356245297215953,11.45678717892309,5
753,4588,41,6,18.365853658536587,4.743691899070385,6.833333333333333,27,0.6585365853658537,0.032911944202266785,343,0.4555112881806109,0.22841965471447542,0.5298804780876494,0.4701195219123506,3,0.00398406374501992,51.56507352941179,11.346127450980394,13.885620915032682,13.295006501635747,5
532,3060,31,5,17.161290322580644,4.637218045112782,6.2,16,0.5161290322580645,0.018627450980392157,215,0.4041353383458647,0.20864661654135339,0.5469924812030075,0.45300751879699247,6,0.011278195488721804,61.02885021888683,9.16076360225141,10.558824265165729,11.072351349416056,5
631,3336,40,5,15.775,4.161648177496038,8.0,12,0.3,0.01828537170263789,260,0.4120443740095087,0.15055467511885895,0.48019017432646594,0.5198098256735341,8,0.012678288431061807,74.58217056259905,6.7755622028526155,9.03583201267829,9.888512548439397,5
631,3800,30,5,21.033333333333335,4.84310618066561,6.0,48,1.6,0.02368421052631579,274,0.43423137876386686,0.29160063391442154,0.5404120443740095,0.4595879556259905,23,0.03645007923930269,49.938464606444825,11.519180665610147,13.35786582144744,13.023866798666859,5
561,3158,34,7,16.5,4.493761140819965,4.857142857142857,20,0.5882352941176471,0.022799240025332488,237,0.42245989304812837,0.2014260249554367,0.49554367201426025,0.5044563279857398,12,0.0213903743315508,62.11042933810377,9.38483128739745,11.717500462648818,11.615742811318064,5
437,2525,23,6,19.0,4.668192219679634,3.8333333333333335,9,0.391304347826087,0.019405940594059406,208,0.4759725400457666,0.21052631578947367,0.5354691075514875,0.4645308924485126,4,0.009153318077803204,57.016591023195105,9.983582689025006,12.149372426950498,12.043149292134785,5
551,3153,34,3,16.205882352941178,4.426497277676951,11.333333333333334,29,0.8529411764705882,0.032984459245163335,236,0.4283121597096189,0.20689655172413793,0.5771324863883848,0.42286751361161523,7,0.012704174228675136,67.26012093825096,7.991564622296522,10.175927280325986,10.65453281929,5
603,3408,27,4,22.333333333333332,4.512437810945274,6.75,28,1.037037037037037,0.025528169014084508,249,0.4129353233830846,0.1956882255389718,0.5058043117744611,0.494195688225539,15,0.024875621890547265,56.91592039800999,10.868922056384744,13.643117744610283,13.08475824599816,5
529,3199,36,5,14.694444444444445,4.882797731568998,7.2,29,0.8055555555555556,0.02313222882150672,250,0.4725897920604915,0.23251417769376181,0.610586011342155,0.389413988657845,2,0.003780718336483932,54.36883474576271,9.340277777777782,12.22768361581921,12.060818386365153,5
540,2925,30,5,18.0,4.2555555555555555,6.0,48,1.6,0.030427350427350428,216,0.4,0.1648148148148148,0.5074074074074074,0.4925925925925926,1,0.001851851851851852,68.58727363184082,8.131358208955223,10.504875621890548,11.072351349416056,5
534,3223,30,6,17.8,4.829588014981273,5.0,24,0.8,0.02451132485262178,202,0.3782771535580524,0.24157303370786518,0.4887640449438202,0.5112359550561798,7,0.013108614232209739,50.544654205607486,11.525719626168225,15.36373831775701,14.323750722554948,5
567,3541,23,4,24.652173913043477,5.1040564373897706,5.75,43,1.8695652173913044,0.024286924597571306,209,0.36860670194003525,0.30511463844797176,0.5855379188712522,0.4144620811287478,6,0.010582010582010581,45.98897603318483,12.958274696573977,14.790474727300662,13.783426738976498,5
660,3713,25,7,26.4,4.489393939393939,3.5714285714285716,24,0.96,0.02127659574468085,281,0.4257575757575758,0.18787878787878787,0.47878787878787876,0.5212121212121212,6,0.00909090909090909,52.550893388922006,13.025929455363642,15.931414201575013,13.981356848031755,5
561,3101,32,6,17.53125,4.35650623885918,5.333333333333333,18,0.5625,0.024508223153821347,231,0.4117647058823529,0.19607843137254902,0.45276292335115864,0.5472370766488414,3,0.0053475935828877,61.94377954114198,9.115157265252144,11.659387039273188,11.590038634728721,5
497,2768,23,6,21.608695652173914,4.450704225352113,3.8333333333333335,25,1.0869565217391304,0.02023121387283237,191,0.3843058350100604,0.1851106639839034,0.48893360160965793,0.5110663983903421,5,0.01006036217303823,62.00237512028697,9.979443618231127,11.8627941562418,12.356017616173464,5
819,4740,27,7,30.333333333333332,4.6642246642246645,3.857142857142857,42,1.5555555555555556,0.017721518987341773,350,0.42735042735042733,0.23565323565323565,0.5103785103785103,0.4896214896214896,12,0.014652014652014652,43.207106227106266,14.768449328449332,17.505738705738704,15.12234027201249,5
509,2782,29,6,17.551724137931036,4.278978388998035,4.833333333333333,22,0.7586206896551724,0.02480230050323508,219,0.4302554027504912,0.15520628683693516,0.48919449901768175,0.5108055009823183,19,0.03732809430255403,69.87718446601943,7.92459993304319,10.753933712755273,10.852061532183505,5
713,3980,38,5,18.763157894736842,4.465638148667602,7.6,36,0.9473684210526315,0.022613065326633167,321,0.45021037868162694,0.1767180925666199,0.5399719495091164,0.4600280504908836,7,0.009817671809256662,64.03471451243819,8.989062153982434,11.656735808666127,11.723238792162213,5
450,2532,29,5,15.517241379310345,4.486666666666666,5.8,25,0.8620689655172413,0.02448657187993681,202,0.4488888888888889,0.20222222222222222,0.5222222222222223,0.4777777777777778,1,0.0022222222222222222,67.1945,7.8796349206349205,10.250793650793652,10.530516587383797,5
557,3372,18,6,30.944444444444443,4.9694793536804305,3.0,18,1.0,0.014531435349940688,236,0.4236983842010772,0.2980251346499102,0.533213644524237,0.466786355475763,14,0.025134649910233394,39.18545531617795,15.481205864751647,17.26108118890884,14.554592549557764,5
573,3334,34,7,16.852941176470587,4.657940663176265,4.857142857142857,29,0.8529411764705882,0.023395320935812838,246,0.4293193717277487,0.27225130890052357,0.5218150087260035,0.4781849912739965,11,0.019197207678883072,55.29782008567349,9.860003173092178,12.320672695541806,12.615657906274063,5
604,3376,41,7,14.731707317073171,4.329470198675497,5.857142857142857,5,0.12195121951219512,0.02103080568720379,254,0.4205298013245033,0.173841059602649,0.48841059602649006,0.5115894039735099,28,0.046357615894039736,67.28348331484563,8.021998058790906,10.870789425032354,10.980518767755715,5
472,2607,25,5,18.88,4.319915254237288,5.0,22,0.88,0.029535864978902954,176,0.3728813559322034,0.15889830508474576,0.4745762711864407,0.5254237288135594,4,0.00847457627118644,66.26325000000003,8.786750000000001,10.846666666666668,10.962023055922355,5
475,2933,17,5,27.941176470588236,5.065263157894737,3.4,21,1.2352941176470589,0.018411183088987385,204,0.42947368421052634,0.2905263157894737,0.5242105263157895,0.47578947368421054,0,0.0,33.003419972640245,15.568153214774284,18.31757244123865,16.704608050291505,5
520,2909,32,6,16.25,4.384615384615385,5.333333333333333,31,0.96875,0.036094877964936406,214,0.4115384615384615,0.16346153846153846,0.5076923076923077,0.49230769230769234,2,0.0038461538461538464,72.74952034883722,7.118129844961242,10.093410852713179,10.411451182825502,5
690,3875,47,5,14.680851063829786,4.511594202898551,9.4,15,0.3191489361702128,0.02296774193548387,295,0.427536231884058,0.1927536231884058,0.48840579710144927,0.5115942028985507,9,0.013043478260869565,67.60871877890844,7.4764014801110115,9.930311440024669,10.67485904561417,5
524,3148,29,5,18.06896551724138,4.851145038167939,5.8,10,0.3448275862068966,0.015247776365946633,197,0.37595419847328243,0.29770992366412213,0.5057251908396947,0.49427480916030536,4,0.007633587786259542,45.48685714285716,12.131809523809526,15.104761904761904,14.381905143607526,5
908,5244,38,4,23.894736842105264,4.638766519823789,9.5,43,1.131578947368421,0.02135774218154081,353,0.38876651982378857,0.21255506607929514,0.5462555066079295,0.45374449339207046,8,0.00881057268722467,53.30744858835834,11.747052399209945,13.951853142790752,12.980373107680311,5
966,5406,35,6,27.6,4.457556935817806,5.833333333333333,34,0.9714285714285714,0.0244173140954495,373,0.386128364389234,0.18840579710144928,0.5124223602484472,0.48757763975155277,17,0.017598343685300208,58.992000000000004,11.951619047619051,13.276190476190477,11.033125177085406,5
510,2980,27,7,18.88888888888889,4.692156862745098,3.857142857142857,18,0.6666666666666666,0.02248322147651007,209,0.40980392156862744,0.23333333333333334,0.5176470588235295,0.4823529411764706,3,0.0058823529411764705,56.4498366013072,10.07823529411765,12.339869281045752,12.195137478168483,5
592,3617,31,5,19.096774193548388,4.964527027027027,6.2,37,1.1935483870967742,0.024606027094277026,232,0.3918918918918919,0.2702702702702703,0.5608108108108109,0.4391891891891892,8,0.013513513513513514,48.408836424957855,11.587188463104031,13.575600395417807,14.255182589712494,5
823,4813,36,5,22.86111111111111,4.724179829890644,7.2,42,1.1666666666666667,0.022439227093289008,305,0.370595382746051,0.21992709599027946,0.5309842041312273,0.4690157958687728,4,0.004860267314702308,50.172305352798105,11.933734793187345,13.41557177615572,12.554650470220118,5
692,3742,33,5,20.96969696969697,4.283236994219653,6.6,39,1.1818181818181819,0.024585783003741316,252,0.36416184971098264,0.15173410404624277,0.4682080924855491,0.5317919075144508,6,0.008670520231213872,64.65389043271142,9.413224824665871,11.820722508932116,11.14670477721597,5
751,4530,31,5,24.225806451612904,4.692410119840213,6.2,47,1.5161290322580645,0.02781456953642384,316,0.4207723035952064,0.23834886817576564,0.5539280958721704,0.44607190412782954,14,0.018641810918774968,48.3923870967742,12.72025806451613,15.109677419354838,14.415534720923937,5
667,3888,30,8,22.233333333333334,4.673163418290854,3.75,36,1.2,0.0205761316872428,231,0.34632683658170915,0.25337331334332835,0.47976011994003,0.52023988005997,15,0.022488755622188907,51.74242514970061,11.764705760892014,14.662894899855463,13.737403514147577,5
693,4349,27,7,25.666666666666668,4.96969696969697,3.857142857142857,55,2.037037037037037,0.028512301678546792,316,0.455988455988456,0.2828282828282828,0.5743145743145743,0.42568542568542567,4,0.005772005772005772,39.246952215373284,14.25349138612297,17.640988356777832,15.903189008614273,5
724,4226,38,8,19.05263157894737,4.669889502762431,4.75,37,0.9736842105263158,0.03028868906767629,280,0.3867403314917127,0.23756906077348067,0.47928176795580113,0.5207182320441989,2,0.0027624309392265192,55.14554484182639,10.487883356708746,13.08351254480287,12.885471636013051,5
517,3080,32,5,16.15625,4.688588007736944,6.4,28,0.875,0.02727272727272727,235,0.45454545454545453,0.22243713733075435,0.562862669245648,0.437137330754352,11,0.02127659574468085,55.92860317460318,10.28895238095238,14.025396825396825,13.5591,5
671,3885,35,4,19.17142857142857,4.679582712369598,8.75,13,0.37142857142857144,0.01776061776061776,253,0.3770491803278688,0.18479880774962743,0.5394932935916542,0.46050670640834573,7,0.010432190760059613,59.23199045277016,10.358888085250015,13.415516659433917,12.75420387040727,5
725,4205,40,5,18.125,4.623448275862069,8.0,36,0.9,0.028299643281807372,256,0.35310344827586204,0.1917241379310345,0.4979310344827586,0.5020689655172413,8,0.011034482758620689,65.24167561983474,8.668389807162537,10.620881542699724,11.055213786087101,5
538,2907,32,5,16.8125,4.260223048327138,6.4,23,0.71875,0.023735810113519093,199,0.36988847583643125,0.18773234200743494,0.43308550185873607,0.5669144981412639,5,0.00929368029739777,71.04177419354842,7.597741935483871,9.48021911138162,10.088038600937136,5
632,3450,34,7,18.58823529411765,4.246835443037975,4.857142857142857,19,0.5588235294117647,0.024927536231884057,256,0.4050632911392405,0.1629746835443038,0.5126582278481012,0.4873417721518987,14,0.022151898734177215,67.51891757329895,8.503470403835518,10.64067859118569,10.525883462305444,5
759,4392,30,9,25.3,4.6732542819499345,3.3333333333333335,28,0.9333333333333333,0.014344262295081968,294,0.38735177865612647,0.230566534914361,0.4756258234519104,0.5243741765480896,8,0.010540184453227932,46.52727034854183,14.002780713342144,16.401768112996645,14.609391389360088,5
652,3882,26,5,25.076923076923077,4.792944785276074,5.2,49,1.8846153846153846,0.02575991756826378,211,0.3236196319018405,0.2745398773006135,0.5352760736196319,0.4647239263803681,1,0.0015337423312883436,43.66980946472884,13.388517665130571,15.238118870376935,14.106358169646779,5
538,3036,36,6,14.944444444444445,4.403345724907063,6.0,28,0.7777777777777778,0.026021080368906456,204,0.379182156133829,0.18029739776951673,0.49814126394052044,0.5018587360594795,2,0.0037174721189591076,68.62218416011295,7.49023744706594,9.171224037104256,9.725611199111238,5
518,3108,25,3,20.72,4.845559845559846,8.333333333333334,21,0.84,0.02252252252252252,213,0.4111969111969112,0.25675675675675674,0.5386100386100386,0.4613899613899614,2,0.003861003861003861,54.17998058252431,10.81992233009709,13.36621359223301,12.891045113551908,5
1196,6474,84,5,14.238095238095237,4.270903010033445,16.8,30,0.35714285714285715,0.027494593759654,390,0.32608695652173914,0.15468227424749165,0.4707357859531773,0.5292642140468228,23,0.019230769230769232,77.14356458251962,6.100057086200167,8.125104908411704,9.110826963835738,5
459,2644,18,3,25.5,4.649237472766885,6.0,11,0.6111111111111112,0.015506807866868382,214,0.4662309368191721,0.21350762527233116,0.49673202614379086,0.5032679738562091,6,0.013071895424836602,51.278767775367584,12.469483007953727,13.975463967221017,12.650343791298138,5
577,3383,29,10,19.896551724137932,4.665511265164644,2.9,14,0.4827586206896552,0.025421223765888266,250,0.43327556325823224,0.22010398613518198,0.49220103986135183,0.5077989601386482,2,0.0034662045060658577,57.67530927835054,10.200470434885652,13.457139471501364,12.793724455304456,5
635,3819,28,5,22.678571428571427,4.803149606299213,5.6,44,1.5714285714285714,0.022257135375752815,299,0.47086614173228347,0.2204724409448819,0.5795275590551181,0.4204724409448819,19,0.029921259842519685,51.42622641509436,11.729263252470798,13.865588499550766,13.199009011505517,5
473,2617,31,5,15.258064516129032,4.397463002114165,6.2,20,0.6451612903225806,0.023691249522353842,232,0.4904862579281184,0.1733615221987315,0.5412262156448203,0.4587737843551797,8,0.016913319238900635,70.17100169779287,7.278438030560274,9.834295415959254,10.456487797536301,5
494,3029,21,5,23.523809523809526,4.9574898785425106,4.2,17,0.8095238095238095,0.024100363156157146,185,0.37449392712550605,0.2773279352226721,0.5303643724696356,0.46963562753036436,8,0.016194331983805668,45.896321839080485,12.689852216748768,14.826581667149618,14.20933149577661,5
522,2651,19,7,27.473684210526315,3.9367816091954024,2.7142857142857144,30,1.5789473684210527,0.024519049415314974,199,0.38122605363984674,0.10153256704980843,0.4425287356321839,0.5574712643678161,2,0.0038314176245210726,71.28665934285429,10.206875062418856,13.219974033756117,11.101131339891392,5
669,4102,30,5,22.3,5.019431988041854,6.0,28,0.9333333333333333,0.014870794734275963,262,0.39162929745889385,0.3183856502242152,0.5440956651718983,0.45590433482810166,8,0.01195814648729447,43.70076953511378,12.745293768545999,15.692898120672602,14.696529576185021,5
434,2471,22,6,19.727272727272727,4.488479262672811,3.6666666666666665,37,1.6818181818181819,0.03197086199919061,229,0.5276497695852534,0.1912442396313364,0.5161290322580645,0.4838709677419355,6,0.013824884792626729,61.492434715821844,9.816543778801847,11.768970814132105,11.30375656770974,5
595,3538,24,6,24.791666666666668,4.816806722689075,4.0,14,0.5833333333333334,0.018371961560203504,210,0.35294117647058826,0.2504201680672269,0.5042016806722689,0.4957983193277311,14,0.023529411764705882,44.13580394457074,13.508387711709073,14.49516826746829,13.513653160720306,5
655,3617,37,6,17.7027027027027,4.3923664122137405,6.166666666666667,24,0.6486486486486487,0.021011888305225324,263,0.4015267175572519,0.15572519083969466,0.5114503816793893,0.48854961832061067,5,0.007633587786259542,70.93027276891685,7.7235380835380845,9.481547495106817,9.703287916142704,5
492,2919,31,6,15.870967741935484,4.727642276422764,5.166666666666667,36,1.1612903225806452,0.025693730729701953,218,0.44308943089430897,0.18902439024390244,0.5121951219512195,0.4878048780487805,4,0.008130081300813009,63.6002575389265,8.323145654030618,9.838538860784443,10.163272556057116,5
514,3177,26,5,19.76923076923077,4.98443579766537,5.2,33,1.2692307692307692,0.021089077746301543,289,0.5622568093385214,0.26264591439688717,0.5875486381322957,0.41245136186770426,5,0.009727626459143969,49.07714932126697,11.28705882352941,14.512820512820515,13.81666964889586,5
769,4593,33,6,23.303030303030305,4.729518855656697,5.5,59,1.7878787878787878,0.025908991944263007,306,0.39791937581274384,0.23927178153446033,0.5032509752925878,0.4967490247074122,20,0.02600780234070221,49.04242577624842,12.482086667733679,15.498735595390526,14.464979459706687,5
484,2964,21,4,23.047619047619047,5.033057851239669,5.25,13,0.6190476190476191,0.01282051282051282,205,0.42355371900826444,0.27479338842975204,0.5764462809917356,0.42355371900826444,13,0.026859504132231406,44.5348099173554,13.059570247933888,14.556033057851238,13.506818969022046,5
574,3367,20,3,28.7,4.735191637630662,6.666666666666667,32,1.6,0.02079002079002079,252,0.43902439024390244,0.22822299651567945,0.5104529616724739,0.4895470383275261,6,0.010452961672473868,45.03663312829528,14.045394551845344,16.582108963093145,14.33831761319674,5
518,3163,27,4,19.185185185185187,4.967181467181467,6.75,19,0.7037037037037037,0.020550110654441987,253,0.48841698841698844,0.26833976833976836,0.6023166023166023,0.39768339768339767,5,0.009652509652509652,47.06975904475908,11.46017589017589,14.701101101101102,13.788358156384263,5
526,3263,26,5,20.23076923076923,4.26425855513308,5.2,10,0.38461538461538464,0.011339258351210543,210,0.39923954372623577,0.1444866920152091,0.49049429657794674,0.5095057034220533,8,0.015209125475285171,67.49428321678323,8.89022727272727,11.153379953379954,10.80991298281133,5
630,3670,26,5,24.23076923076923,4.666666666666667,5.2,28,1.0769230769230769,0.018528610354223433,284,0.4507936507936508,0.20476190476190476,0.5619047619047619,0.4380952380952381,18,0.02857142857142857,49.89223997833156,12.405954616588424,14.588202720597089,13.397384779245865,5
897,5194,50,5,17.94,4.531772575250836,10.0,49,0.98,0.03638814016172507,345,0.38461538461538464,0.16610925306577481,0.5451505016722408,0.45484949832775917,15,0.016722408026755852,62.44512446488031,9.117517497565064,10.595945548030535,10.697361359123374,5
509,2885,22,5,23.136363636363637,4.550098231827112,4.4,23,1.0454545454545454,0.01975736568457539,209,0.4106090373280943,0.2043222003929273,0.5520628683693517,0.44793713163064836,10,0.019646365422396856,54.04157126272551,11.46933113055903,12.869476692266478,12.40481918309499,5
568,3221,32,8,17.75,4.52112676056338,4.0,20,0.625,0.019559143123253648,241,0.4242957746478873,0.22007042253521128,0.4595070422535211,0.5404929577464789,7,0.01232394366197183,60.014764792032835,9.600321616871703,12.718476859988284,12.399486777260158,5
624,3639,22,5,28.363636363636363,4.743589743589744,4.4,24,1.0909090909090908,0.014014839241549877,241,0.38621794871794873,0.21634615384615385,0.5080128205128205,0.49198717948717946,10,0.016025641025641024,45.753052727272745,13.935305454545453,16.163636363636364,14.874696292769784,5
558,3414,29,5,19.24137931034483,5.003584229390681,5.8,19,0.6551724137931034,0.019332161687170474,197,0.35304659498207885,0.2903225806451613,0.5663082437275986,0.4336917562724014,2,0.0035842293906810036,54.08932021466907,10.503614829436803,12.289951267657763,12.377204596115341,5
863,4618,29,4,29.75862068965517,4.1888760139049825,7.25,43,1.4827586206896552,0.02078822000866176,330,0.3823870220162225,0.14484356894553882,0.4681344148319815,0.5318655851680185,14,0.016222479721900347,58.120478927203095,13.15758620689655,15.601532567049809,12.327495391467892,5
679,3948,35,5,19.4,4.580265095729013,7.0,30,0.8571428571428571,0.02558257345491388,257,0.3784977908689249,0.22091310751104565,0.49337260677466865,0.5066273932253313,6,0.008836524300441826,53.905333333333374,10.531724867724868,12.751322751322753,12.785403640627713,5
907,5053,52,5,17.442307692307693,4.453142227122381,10.4,46,0.8846153846153846,0.019394419156936474,308,0.3395810363836825,0.18853362734288864,0.49834619625137816,0.5016538037486218,6,0.006615214994487321,65.16920543210925,8.502687431091516,10.990153506912051,11.550464897139253,5
770,4331,31,5,24.838709677419356,4.496103896103896,6.2,16,0.5161290322580645,0.012468252135765412,266,0.34545454545454546,0.1987012987012987,0.4779220779220779,0.522077922077922,21,0.02727272727272727,54.860360215053774,12.025129032258068,14.926881720430107,13.662883650711645,5
823,4867,40,13,20.575,4.72539489671932,3.076923076923077,50,1.25,0.031436202999794535,408,0.4957472660996355,0.20170109356014582,0.5844471445929527,0.4155528554070474,17,0.020656136087484813,54.07792120563039,10.790682680538556,12.870122399020808,12.602617957971052,5
513,3104,25,6,20.52,4.883040935672515,4.166666666666667,19,0.76,0.017396907216494846,180,0.3508771929824561,0.2573099415204678,0.5146198830409356,0.4853801169590643,5,0.009746588693957114,48.49237674418606,11.623165891472869,14.224992248062017,14.088047467708748,5
635,3907,32,4,19.84375,5.048818897637795,8.0,22,0.6875,0.016892756590734578,258,0.4062992125984252,0.31496062992125984,0.5401574803149606,0.45984251968503936,6,0.009448818897637795,43.47312130905513,12.125440452755907,15.118602362204724,14.464979459706687,5
767,4103,39,6,19.666666666666668,4.2164276401564535,6.5,20,0.5128205128205128,0.018035583719229833,268,0.3494132985658409,0.1577574967405476,0.4380704041720991,0.5619295958279009,9,0.011734028683181226,70.73583788254757,8.329806451612903,10.064846980976014,9.851270322608155,5
622,3695,33,7,18.848484848484848,4.757234726688103,4.714285714285714,39,1.1818181818181819,0.028416779431664412,240,0.3858520900321543,0.2459807073954984,0.4983922829581994,0.5016077170418006,6,0.00964630225080386,50.205307274701426,11.341185667752445,14.44073832790445,13.917975891398509,5
602,3477,30,5,20.066666666666666,4.646179401993355,6.0,35,1.1666666666666667,0.02070750647109577,183,0.30398671096345514,0.19269102990033224,0.5398671096345515,0.4601328903654485,2,0.0033222591362126247,63.50221705426358,9.387162790697676,12.212713178294575,12.040495906366182,5
872,5231,39,7,22.358974358974358,4.845183486238532,5.571428571428571,32,0.8205128205128205,0.021601988147581724,351,0.4025229357798165,0.2672018348623853,0.533256880733945,0.46674311926605505,12,0.013761467889908258,47.16361797491197,12.292871736662885,14.03022206699846,13.478558254123552,5
582,3458,25,4,23.28,4.816151202749141,6.25,23,0.92,0.019664545980335454,237,0.4072164948453608,0.21649484536082475,0.5309278350515464,0.4690721649484536,3,0.005154639175257732,49.76456288659796,12.10157113402062,13.504439862542956,12.756391145488433,5
507,2860,12,5,42.25,4.587771203155818,2.4,31,2.5833333333333335,0.01818181818181818,184,0.3629191321499014,0.2485207100591716,0.4536489151873767,0.5463510848126233,5,0.009861932938856016,37.23512793914247,18.04429460580913,20.630982019363763,16.424793381693185,5
663,3766,37,5,17.91891891891892,4.547511312217194,7.4,36,0.972972972972973,0.026022304832713755,299,0.45098039215686275,0.19306184012066366,0.5173453996983409,0.48265460030165913,5,0.007541478129713424,60.5862771394693,9.246888825285193,11.381951997383162,11.633643364451604,5
638,3636,43,7,14.837209302325581,4.517241379310345,6.142857142857143,30,0.6976744186046512,0.028052805280528052,266,0.4169278996865204,0.18808777429467086,0.4592476489028213,0.5407523510971787,16,0.025078369905956112,68.22894551519646,7.920270570793182,9.793608434231118,10.247446810586673,5
469,2826,23,5,20.391304347826086,4.8315565031982945,4.6,28,1.2173913043478262,0.024416135881104035,190,0.4051172707889126,0.2601279317697228,0.5628997867803838,0.43710021321961623,8,0.017057569296375266,48.843756191524506,11.566378646119983,14.150651256650157,13.445107506277086,5
689,3812,40,5,17.225,4.410740203193034,8.0,31,0.775,0.019412381951731374,265,0.38461538461538464,0.17561683599419448,0.5007256894049347,0.49927431059506533,11,0.015965166908563134,68.89792398403486,7.928620827285922,10.315253991291728,10.793553405168563,5
660,4074,46,12,14.347826086956522,4.878787878787879,3.8333333333333335,25,0.5434782608695652,0.028718703976435934,250,0.3787878787878788,0.2636363636363636,0.546969696969697,0.453030303030303,9,0.013636363636363636,52.153025641025664,10.284740740740745,13.263817663817662,12.766815935922704,5
888,5502,34,6,26.11764705882353,4.981981981981982,5.666666666666667,62,1.8235294117647058,0.03144311159578335,408,0.4594594594594595,0.28040540540540543,0.5788288288288288,0.42117117117117114,8,0.009009009009009009,34.87337687018419,14.997350471649217,17.927908503507137,16.54511885129049,5
675,3759,32,8,21.09375,4.431111111111111,4.0,14,0.4375,0.01968608672519287,238,0.35259259259259257,0.19407407407407407,0.4666666666666667,0.5333333333333333,7,0.01037037037037037,61.20230889540569,10.370428152492675,13.550811339198436,12.399486777260158,5
495,3117,27,5,18.333333333333332,5.185858585858586,5.4,15,0.5555555555555556,0.01860763554700032,236,0.4767676767676768,0.3090909090909091,0.5858585858585859,0.41414141414141414,1,0.00202020202020202,43.605506993007,11.906919191919194,14.322455322455324,13.639024540459548,5
515,2843,27,5,19.074074074074073,4.419417475728156,5.4,9,0.3333333333333333,0.015828350334154064,176,0.341747572815534,0.23300970873786409,0.4796116504854369,0.5203883495145631,1,0.001941747572815534,68.65623635195892,8.458497109826588,9.769813744380219,9.633347757342033,5
562,3256,19,4,29.57894736842105,4.704626334519573,4.75,13,0.6842105263157895,0.015663390663390665,222,0.39501779359430605,0.23665480427046262,0.4804270462633452,0.5195729537366548,9,0.01601423487544484,50.213436036711016,13.603796591121935,15.176774676905788,12.75995879102334,5
670,3600,32,5,20.9375,4.262686567164179,6.4,24,0.75,0.020277777777777777,239,0.3567164179104478,0.14626865671641792,0.46417910447761196,0.5358208955223881,16,0.023880597014925373,70.79183786434979,8.578983090433486,10.036640508221225,9.595489714322824,5
945,5634,43,5,21.976744186046513,4.73968253968254,8.6,60,1.3953488372093024,0.03159389421370252,310,0.328042328042328,0.24338624338624337,0.49523809523809526,0.5047619047619047,5,0.005291005291005291,44.76356929212366,13.913235294117648,17.12283150548355,15.207996813670285,5
831,4650,39,5,21.307692307692307,4.496991576413959,7.8,31,0.7948717948717948,0.018494623655913978,281,0.3381468110709988,0.18531889290012032,0.4741275571600481,0.5258724428399518,3,0.0036101083032490976,61.37023816151684,9.98009650180941,11.976629241285455,11.362043627235082,5
627,3606,29,5,21.620689655172413,4.523125996810207,5.8,47,1.6206896551724137,0.03189129229062673,266,0.42424242424242425,0.18819776714513556,0.47527910685805425,0.5247208931419458,10,0.01594896331738437,58.622996411483285,10.645606630211894,13.040077466393257,12.353271100971622,5
514,2850,24,5,21.416666666666668,4.455252918287938,4.8,19,0.7916666666666666,0.017894736842105262,192,0.3735408560311284,0.1867704280155642,0.5097276264591439,0.490272373540856,1,0.0019455252918287938,61.35213235294121,9.981029411764705,12.42156862745098,12.236705956012809,5
473,2780,25,5,18.92,4.754756871035941,5.0,17,0.68,0.02050359712230216,198,0.4186046511627907,0.23255813953488372,0.5391120507399577,0.4608879492600423,10,0.021141649048625793,58.0017231638418,10.055000000000003,11.849717514124293,11.538034831475386,5
547,3143,37,6,14.783783783783784,4.603290676416819,6.166666666666667,9,0.24324324324324326,0.021953547566019728,248,0.453382084095064,0.21389396709323583,0.4789762340036563,0.5210237659963437,6,0.010968921389396709,65.73161716661718,7.757076527076528,9.565706365706365,10.403877232588211,5
534,3136,20,5,26.7,4.7322097378277155,4.0,29,1.45,0.021364795918367346,237,0.4438202247191011,0.2209737827715356,0.5187265917602997,0.4812734082397004,1,0.0018726591760299626,48.19230586592181,13.207756983240227,15.134785847299817,13.892738720246978,5
520,3277,26,5,20.0,4.880769230769231,5.2,41,1.5769230769230769,0.02929508696978944,253,0.48653846153846153,0.26153846153846155,0.5288461538461539,0.47115384615384615,5,0.009615384615384616,46.667650093808646,11.842898686679177,14.879174484052534,14.049035280873305,5
585,3090,25,5,23.4,4.193162393162393,5.0,24,0.96,0.019741100323624597,232,0.39658119658119656,0.14017094017094017,0.4461538461538462,0.5538461538461539,6,0.010256410256410256,69.2716923076923,9.410529914529917,11.479658119658119,10.53366545652748,5
631,3658,31,7,20.35483870967742,4.616481774960381,4.428571428571429,22,0.7096774193548387,0.023783488244942592,221,0.3502377179080824,0.20602218700475436,0.4896988906497623,0.5103011093502378,10,0.01584786053882726,54.65177394034538,11.093349212363993,13.684166080225195,12.793724455304456,5
482,2672,32,5,15.0625,4.419087136929461,6.4,12,0.375,0.025074850299401198,205,0.42531120331950206,0.17634854771784234,0.46265560165975106,0.5373443983402489,5,0.01037344398340249,71.70863256987579,7.007121506211181,8.770419254658385,9.673873057562805,5
630,3981,39,6,16.153846153846153,5.063492063492063,6.5,43,1.1025641025641026,0.029640793770409443,309,0.49047619047619045,0.273015873015873,0.5888888888888889,0.4111111111111111,6,0.009523809523809525,45.12029016277427,11.299639065817413,13.920452937013449,13.471818130807456,5
576,3527,40,12,14.4,4.836805555555555,3.3333333333333335,39,0.975,0.0337397221434647,232,0.4027777777777778,0.2760416666666667,0.5399305555555556,0.4600694444444444,2,0.003472222222222222,48.55014705882354,10.718137254901965,13.582058315554201,13.216016132239005,5
555,3127,28,5,19.821428571428573,4.54054054054054,5.6,17,0.6071428571428571,0.01566997121842021,195,0.35135135135135137,0.22342342342342342,0.4990990990990991,0.5009009009009009,5,0.009009009009009009,61.87408783783785,9.553330115830118,11.02767052767053,10.686352973137792,5
492,2679,30,5,16.4,4.345528455284553,6.0,16,0.5333333333333333,0.01941022769690183,207,0.42073170731707316,0.16056910569105692,0.5284552845528455,0.4715447154471545,10,0.02032520325203252,73.77802439024393,7.042991869918701,9.080325203252032,9.642632912329528,5
438,2483,28,5,15.642857142857142,4.559360730593608,5.6,5,0.17857142857142858,0.017720499395892066,217,0.4954337899543379,0.182648401826484,0.5228310502283106,0.4771689497716895,0,0.0,65.06989285412978,8.222637307010885,10.33058297477432,10.504223727775692,5
760,4101,20,4,38.0,4.24078947368421,5.0,58,2.9,0.02487198244330651,250,0.32894736842105265,0.14736842105263157,0.42894736842105263,0.5710526315789474,5,0.006578947368421052,54.33922513089007,15.170041884816758,17.531308900523562,12.941063947141263,5
622,3427,41,5,15.170731707317072,4.30064308681672,8.2,14,0.34146341463414637,0.01809162532827546,263,0.4228295819935691,0.14308681672025725,0.5209003215434084,0.4790996784565916,14,0.022508038585209004,71.36957561758605,7.079596758407394,9.60934894100145,10.322093796472895,5
875,4878,44,5,19.886363636363637,4.377142857142857,8.8,42,0.9545454545454546,0.02788027880278803,351,0.40114285714285713,0.16342857142857142,0.5005714285714286,0.49942857142857144,16,0.018285714285714287,64.53795454545457,9.226136363636368,11.31818181818182,11.299434782280677,5
741,4189,42,8,17.642857142857142,4.496626180836707,5.25,30,0.7142857142857143,0.022439723084268323,308,0.4156545209176788,0.1767881241565452,0.5195681511470985,0.48043184885290147,13,0.017543859649122806,65.50788031319912,8.528930968360502,10.961009907318633,11.15990973501427,5
631,3343,39,5,16.17948717948718,4.183835182250396,7.8,15,0.38461538461538464,0.020640143583607537,202,0.3201267828843106,0.15055467511885895,0.4611727416798732,0.5388272583201268,4,0.006339144215530904,79.90652521299582,6.1206677265500815,8.995002242061066,8.986495653885253,5
749,4268,39,5,19.205128205128204,4.60347129506008,7.8,17,0.4358974358974359,0.01804123711340206,284,0.37917222963951935,0.1842456608811749,0.507343124165554,0.49265687583444595,4,0.0053404539385847796,66.86710710505653,8.716537949400799,10.685253849568097,10.727762888450027,5
514,2959,21,5,24.476190476190474,4.638132295719845,4.2,26,1.2380952380952381,0.020615072659682324,219,0.4260700389105058,0.19844357976653695,0.5272373540856031,0.4727626459143969,4,0.007782101167315175,50.6049122807018,12.269696463380672,13.670064049011415,12.457975602129121,5
623,3399,24,5,25.958333333333332,4.357945425361156,4.8,8,0.3333333333333333,0.014416004707266844,186,0.2985553772070626,0.17656500802568217,0.45746388443017655,0.5425361155698234,7,0.011235955056179775,57.90190833333337,11.652650000000001,14.064666666666668,12.161744961471694,5
512,2910,27,5,18.962962962962962,4.572265625,5.4,12,0.4444444444444444,0.015120274914089347,194,0.37890625,0.228515625,0.478515625,0.521484375,11,0.021484375,58.80190157083155,9.786973627323821,12.828822596915984,12.327495391467892,5
793,4777,33,6,24.03030303030303,4.833543505674653,5.5,43,1.303030303030303,0.026376386853673855,355,0.44766708701134933,0.23076923076923078,0.5170239596469105,0.48297604035308955,4,0.005044136191677175,48.742049910873476,12.475756058709752,14.240543103121325,13.073714805831528,5
788,4401,40,6,19.7,4.447969543147208,6.666666666666667,25,0.625,0.023858214042263123,304,0.38578680203045684,0.1814720812182741,0.5177664974619289,0.48223350253807107,13,0.01649746192893401,64.47115922053234,9.167135297845373,11.03321926489227,11.20814326018867,5
421,2583,23,5,18.304347826086957,4.833729216152019,4.6,19,0.8260869565217391,0.029423151374370887,193,0.4584323040380047,0.2375296912114014,0.503562945368171,0.49643705463182897,7,0.0166270783847981,56.222617063910604,10.284329255431345,12.847964564437882,12.484440550625713,5
635,3815,28,5,22.678571428571427,4.7795275590551185,5.6,57,2.0357142857142856,0.0327653997378768,263,0.4141732283464567,0.22677165354330708,0.6047244094488189,0.3952755905511811,5,0.007874015748031496,48.50202014218013,12.11051399232679,14.603678627849247,13.81666964889586,5
887,5222,42,6,21.11904761904762,4.687711386696731,7.0,54,1.2857142857142858,0.023554193795480658,420,0.47350620067643745,0.2254791431792559,0.5422773393461104,0.4577226606538895,15,0.016910935738444193,53.337669491525446,11.054523809523811,12.993543179983858,13.25671669890799,5
519,3202,28,5,18.535714285714285,5.046242774566474,5.6,20,0.7142857142857143,0.02061211742660837,234,0.4508670520231214,0.2813102119460501,0.5645472061657033,0.43545279383429675,1,0.0019267822736030828,50.933388728323706,10.75993049821085,12.346848334709605,12.28987398476788,5
470,2816,24,4,19.583333333333332,4.793617021276596,6.0,23,0.9583333333333334,0.024857954545454544,209,0.44468085106382976,0.25957446808510637,0.5297872340425532,0.4702127659574468,2,0.00425531914893617,56.08110966904607,10.502907203114862,12.591489756188004,12.658619537138044,5
798,4788,37,6,21.56756756756757,4.775689223057644,6.166666666666667,56,1.5135135135135136,0.027360066833751043,301,0.37719298245614036,0.23182957393483708,0.5325814536340853,0.4674185463659148,6,0.007518796992481203,49.15028528528529,11.842405739072408,14.830830830830832,13.91933838125573,5
870,4814,50,7,17.4,4.347126436781609,7.142857142857143,32,0.64,0.024511840465309513,368,0.42298850574712643,0.16206896551724137,0.49885057471264366,0.5011494252873563,16,0.01839080459770115,68.36449388236453,8.301269225099507,10.187764729005947,10.248730204955812,5
490,2671,22,6,22.272727272727273,4.326530612244898,3.6666666666666665,8,0.36363636363636365,0.013478098090602771,198,0.40408163265306124,0.16938775510204082,0.4673469387755102,0.5326530612244897,11,0.022448979591836733,63.55874839948784,10.006370038412296,12.416645326504481,11.115808304768276,5
402,2418,23,4,17.47826086956522,4.746268656716418,5.75,34,1.4782608695652173,0.03184449958643507,193,0.48009950248756217,0.21890547263681592,0.4925373134328358,0.5074626865671642,8,0.01990049751243781,48.88145035139425,10.969509181591476,13.575198367717071,13.246248875233395,5
557,3288,35,5,15.914285714285715,4.745062836624776,7.0,17,0.4857142857142857,0.017639902676399026,192,0.34470377019748655,0.24775583482944344,0.5008976660682226,0.4991023339317774,10,0.017953321364452424,59.487668997669005,9.170209790209793,11.498476717081369,11.625782614676474,5
509,2812,31,7,16.419354838709676,4.365422396856582,4.428571428571429,29,0.9354838709677419,0.02809388335704125,177,0.3477406679764244,0.17092337917485265,0.4793713163064833,0.5206286836935167,4,0.007858546168958742,69.7805040322581,7.629415322580645,9.575201612903227,9.935076216389866,5
688,3960,24,4,28.666666666666668,4.574127906976744,6.0,44,1.8333333333333333,0.023989898989898988,271,0.3938953488372093,0.19912790697674418,0.5232558139534884,0.47674418604651164,3,0.00436046511627907,54.411372549019646,12.708823529411767,15.450980392156863,13.295006501635747,5
490,2880,23,5,21.304347826086957,4.748979591836735,4.6,26,1.1304347826086956,0.021875,206,0.4204081632653061,0.21428571428571427,0.5285714285714286,0.4714285714285714,7,0.014285714285714285,53.37188880969356,11.086012116892373,12.503349964362082,12.043149292134785,5
671,3931,45,8,14.911111111111111,4.622950819672131,5.625,49,1.0888888888888888,0.028491477995421014,300,0.44709388971684055,0.18926974664679583,0.5275707898658718,0.47242921013412814,10,0.014903129657228018,59.931823142669316,8.631980276134126,10.86095989480605,11.385725864520364,5
759,4461,33,5,23.0,4.741765480895916,6.6,28,0.8484848484848485,0.01726070387805425,337,0.4440052700922266,0.233201581027668,0.4980237154150198,0.5019762845849802,7,0.00922266139657444,50.25901615095549,11.955516910530104,14.464923642760056,13.653491064224443,6
677,4213,26,5,26.03846153846154,5.056129985228951,5.2,41,1.5769230769230769,0.02658438167576549,263,0.38847858197932056,0.29542097488921715,0.534711964549483,0.465288035450517,18,0.026587887740029542,37.8407690936107,14.668978306092125,17.48419613670134,16.055569216301873,6
599,3532,20,4,29.95,4.769616026711185,5.0,27,1.35,0.021517553793884484,305,0.5091819699499165,0.21202003338898165,0.5642737896494157,0.4357262103505843,7,0.011686143572621035,45.45684798994975,14.33458207705193,16.295108877721944,14.191785591663535,6
911,5113,45,8,20.244444444444444,4.504939626783754,5.625,38,0.8444444444444444,0.019362409544298846,339,0.3721185510428101,0.22063666300768386,0.5126234906695939,0.48737650933040616,15,0.01646542261251372,56.75619433198382,11.152368421052632,13.827530364372471,12.591570119859334,6
789,4452,42,5,18.785714285714285,4.523447401774398,8.4,38,0.9047619047619048,0.023135669362084457,314,0.3979721166032953,0.20532319391634982,0.49049429657794674,0.5095057034220533,6,0.0076045627376425855,63.60172053231942,9.055059750135797,10.809596233930835,11.15990973501427,6
824,4972,30,5,27.466666666666665,4.907766990291262,6.0,12,0.4,0.019710378117457763,324,0.3932038834951456,0.2487864077669903,0.5461165048543689,0.4538834951456311,30,0.03640776699029126,46.19926086956522,13.672067632850247,16.160772946859904,14.50688673556505,6
555,3310,27,5,20.555555555555557,4.872072072072072,5.4,11,0.4074074074074074,0.016314199395770394,240,0.43243243243243246,0.22522522522522523,0.554954954954955,0.44504504504504505,11,0.01981981981981982,55.42662610545918,10.653401156991823,12.057955981115766,11.715833242495528,6
642,3659,36,5,17.833333333333332,4.518691588785047,7.2,28,0.7777777777777778,0.02596337797212353,247,0.3847352024922118,0.2087227414330218,0.49065420560747663,0.5093457943925234,5,0.00778816199376947,59.51179471228619,9.522602088424794,11.640950899800044,11.54727034752802,6
596,3691,34,5,17.529411764705884,4.998322147651007,6.8,41,1.2058823529411764,0.02329991872121376,303,0.5083892617449665,0.2785234899328859,0.5536912751677853,0.4463087248322148,9,0.015100671140939598,48.06423529411768,10.939352941176473,14.192156862745101,13.771669155767515,6
600,3600,19,5,31.57894736842105,4.836666666666667,3.8,22,1.1578947368421053,0.023333333333333334,252,0.42,0.24166666666666667,0.5066666666666667,0.49333333333333335,4,0.006666666666666667,42.34616765423496,15.25027884280237,18.212478215406065,15.283047636792528,6
866,5286,47,5,18.425531914893618,4.931870669745958,9.4,54,1.148936170212766,0.0270525917517972,343,0.3960739030023095,0.28868360277136257,0.5115473441108545,0.4884526558891455,9,0.010392609699769052,49.09165284625729,11.126756561581754,14.418337566611882,13.915783698773748,6
876,5206,47,6,18.638297872340427,4.811643835616438,7.833333333333333,40,0.851063829787234,0.017671917018824434,347,0.3961187214611872,0.23858447488584475,0.5136986301369864,0.4863013698630137,11,0.012557077625570776,51.552744097930656,10.69902749441368,13.208743806470418,13.093795349294695,6
672,4266,34,6,19.764705882352942,5.151785714285714,5.666666666666667,31,0.9117647058823529,0.023206751054852322,329,0.4895833333333333,0.30505952380952384,0.5803571428571429,0.41964285714285715,16,0.023809523809523808,42.600015616866244,12.271424605240327,14.584140204754469,13.994808079035785,6
820,4714,48,6,17.083333333333332,4.571951219512195,8.0,41,0.8541666666666666,0.02927450148493848,345,0.42073170731707316,0.22195121951219512,0.526829268292683,0.47317073170731705,10,0.012195121951219513,61.88654664484453,8.956384797235863,11.46349725924194,11.748715544075012,6
589,3164,28,5,21.035714285714285,4.225806451612903,5.6,38,1.3571428571428572,0.029393173198482933,227,0.3853989813242784,0.15449915110356535,0.47198641765704585,0.5280135823429541,12,0.02037351443123939,71.05067567567569,8.60166023166023,11.092277992277992,10.7630783206399,6
517,3206,28,5,18.464285714285715,5.007736943907156,5.6,36,1.2857142857142858,0.03056768558951965,253,0.48936170212765956,0.29593810444874274,0.5454545454545454,0.45454545454545453,1,0.0019342359767891683,49.925717370441475,10.918225253633125,12.740361941321636,12.602617957971052,6
760,4642,36,5,21.11111111111111,4.943421052631579,7.2,37,1.0277777777777777,0.026497199482981473,332,0.4368421052631579,0.26052631578947366,0.5236842105263158,0.4763157894736842,0,0.0,50.363554089709794,11.614860912174898,14.098213343384849,13.3938915711913,6
550,3128,22,5,25.0,4.58,4.4,17,0.7727272727272727,0.017263427109974423,213,0.38727272727272727,0.20545454545454545,0.4818181818181818,0.5181818181818182,4,0.007272727272727273,46.67007078986589,12.949194403046864,14.863421096207981,13.463846863241148,6
685,4427,27,5,25.37037037037037,5.3459854014598545,5.4,47,1.7407407407407407,0.02010390783826519,295,0.4306569343065693,0.32554744525547447,0.581021897810219,0.41897810218978104,4,0.00583941605839416,31.150643417139804,15.217145174371456,17.680994863476617,15.997464007216387,6
726,3889,43,8,16.88372093023256,4.202479338842975,5.375,38,0.8837209302325582,0.02674209308305477,283,0.38980716253443526,0.15151515151515152,0.49449035812672176,0.5055096418732782,5,0.006887052341597796,70.2504218312675,7.896150872984144,10.584086365453821,10.593622430936303,6
689,4091,34,6,20.264705882352942,4.78955007256894,5.666666666666667,36,1.0588235294117647,0.024443901246638963,288,0.41799709724238027,0.22496371552975328,0.5312046444121916,0.46879535558780844,5,0.00725689404934688,50.26342710997446,11.290213128729754,13.74083546462063,13.357759606856668,6
781,4620,32,5,24.40625,4.802816901408451,6.4,35,1.09375,0.020346320346320345,298,0.38156209987195905,0.22151088348271447,0.5121638924455826,0.4878361075544174,8,0.010243277848911651,48.15787101833979,12.574410794723295,14.9119851994852,13.575384162921281,6
689,4040,36,5,19.13888888888889,4.712626995645864,7.2,24,0.6666666666666666,0.02301980198019802,297,0.4310595065312046,0.22641509433962265,0.5399129172714079,0.46008708272859217,17,0.02467343976777939,57.46309431524551,9.992112403100776,11.71421188630491,11.80336591514617,6
583,3535,33,5,17.666666666666668,4.878216123499143,6.6,27,0.8181818181818182,0.02630834512022631,238,0.40823327615780447,0.2555746140651801,0.5248713550600344,0.4751286449399657,3,0.005145797598627788,51.267831722606786,11.736341256366725,13.272064777327936,12.569435656516262,6
718,3953,48,5,14.958333333333334,4.328690807799443,9.6,39,0.8125,0.037186946622818115,344,0.479108635097493,0.16573816155988857,0.5139275766016713,0.4860724233983287,5,0.006963788300835654,69.81947031069171,7.310759963203658,9.449407994302502,10.15052370542213,6
576,3418,25,6,23.04,4.810763888888889,4.166666666666667,26,1.04,0.017554125219426564,212,0.3680555555555556,0.24305555555555555,0.5295138888888888,0.4704861111111111,6,0.010416666666666666,51.38666735751298,11.845508808290159,13.547246977547497,12.68835289967788,6
831,4843,31,6,26.806451612903224,4.648616125150421,5.166666666666667,41,1.3225806451612903,0.021680776378277925,274,0.3297232250300842,0.21780986762936222,0.48495788206979545,0.5150421179302046,3,0.0036101083032490976,47.9692147397696,13.51628486293206,16.47868096940803,14.790194502661404,6
1349,7323,64,4,21.078125,4.280207561156412,16.0,61,0.953125,0.022531749283080705,460,0.34099332839140106,0.1682727946627131,0.4936990363232024,0.5063009636767977,6,0.004447739065974796,65.8042471433198,9.32511368893412,11.6117736861584,11.426114193747651,6
969,5744,57,5,17.0,4.813209494324045,11.4,43,0.7543859649122807,0.01932451253481894,389,0.40144478844169246,0.2590299277605779,0.5397316821465429,0.4602683178534572,41,0.04231166150670795,56.47868614551086,9.680374281291463,12.081387291758809,12.193947006430943,6
789,4797,41,5,19.24390243902439,4.968314321926489,8.2,21,0.5121951219512195,0.01813633520950594,291,0.3688212927756654,0.26869455006337134,0.5044359949302915,0.4955640050697085,12,0.015209125475285171,52.10317073170734,10.790880758807592,13.080364621828037,12.73818426895117,6
692,4356,36,8,19.22222222222222,4.959537572254336,4.5,50,1.3888888888888888,0.025711662075298437,266,0.38439306358381503,0.2976878612716763,0.5216763005780347,0.47832369942196534,11,0.015895953757225433,46.09769182276659,12.217404538904898,15.015057636887608,14.145594635885772,6
686,3868,30,5,22.866666666666667,4.533527696793003,6.0,24,0.8,0.01809720785935884,238,0.3469387755102041,0.22886297376093295,0.4970845481049563,0.5029154518950437,6,0.008746355685131196,59.25473760932947,10.871085754498846,12.669066050065346,11.54917987921812,6
790,4590,49,5,16.122448979591837,4.625316455696202,9.8,32,0.6530612244897959,0.026361655773420478,291,0.36835443037974686,0.22151898734177214,0.5037974683544304,0.4962025316455696,5,0.006329113924050633,60.04542354630297,8.919882063378115,11.322079786688546,11.918837197436563,6
1176,6571,64,6,18.375,4.48469387755102,10.666666666666666,19,0.296875,0.019479531273778723,375,0.31887755102040816,0.17857142857142858,0.47278911564625853,0.5272108843537415,15,0.012755102040816327,65.05893808361631,8.757537669779289,10.35061544991511,10.652539591121204,6
667,4045,27,5,24.703703703703702,4.973013493253373,5.4,26,0.9629629629629629,0.017552533992583438,284,0.4257871064467766,0.27436281859070466,0.5427286356821589,0.4572713643178411,1,0.0014992503748125937,38.2558878242842,14.00528155992604,16.63071664705553,15.616094167265928,6
783,4940,37,5,21.16216216216216,5.168582375478927,7.4,39,1.054054054054054,0.022267206477732792,312,0.39846743295019155,0.3205619412515964,0.5312899106002554,0.46871008939974457,7,0.008939974457215836,40.78988816402611,12.827227917572745,15.565758862310588,14.477130689971744,6
757,4450,42,36,18.023809523809526,4.68560105680317,1.1666666666666667,44,1.0476190476190477,0.02651685393258427,263,0.3474240422721268,0.23910171730515192,0.45310435931307796,0.5468956406869221,6,0.007926023778071334,55.732303954912055,10.048380137984648,12.817789006575325,12.696676151493865,6
723,4340,24,4,30.125,4.903181189488244,6.0,35,1.4583333333333333,0.017050691244239632,320,0.4426002766251729,0.2475795297372061,0.5311203319502075,0.46887966804979253,6,0.008298755186721992,37.80013965835644,15.460505540166206,17.684302862419205,15.579741850924794,6
653,3803,20,5,32.65,4.719754977029097,4.0,36,1.8,0.017880620562713646,278,0.42572741194486985,0.2434915773353752,0.5313935681470138,0.4686064318529862,8,0.01225114854517611,40.358269938650324,15.728907975460121,17.457177914110428,14.625780107752846,6
654,3984,37,6,17.675675675675677,4.934250764525994,6.166666666666667,23,0.6216216216216216,0.02108433734939759,269,0.41131498470948014,0.26299694189602446,0.5764525993883792,0.4235474006116208,22,0.03363914373088685,49.10488852355644,11.181457976758853,12.827835330150439,13.023866798666859,6
658,4023,25,6,26.32,4.955927051671733,4.166666666666667,34,1.36,0.02162565249813572,251,0.38145896656534956,0.27203647416413373,0.5653495440729484,0.43465045592705165,2,0.00303951367781155,41.26305714285718,14.042581155015199,16.303075987841947,14.611577903309897,6
800,4524,35,11,22.857142857142858,4.53625,3.1818181818181817,29,0.8285714285714286,0.01834659593280283,310,0.3875,0.18875,0.485,0.515,9,0.01125,51.534030072703246,11.92403356098994,14.11766174634648,13.357759606856668,6
653,3934,36,4,18.13888888888889,4.857580398162328,9.0,9,0.25,0.014489069649211999,228,0.34915773353751917,0.29096477794793263,0.5022970903522205,0.49770290964777947,14,0.021439509954058193,45.380318664643426,12.574993459264299,15.462948040395583,14.554592549557764,6
700,3932,30,5,23.333333333333332,4.497142857142857,6.0,25,0.8333333333333334,0.0167853509664293,283,0.4042857142857143,0.20714285714285716,0.5114285714285715,0.48857142857142855,9,0.012857142857142857,51.96048502139803,12.01698460327611,14.576240838211422,13.359377425705354,6
751,4583,37,7,20.2972972972973,4.985352862849534,5.285714285714286,43,1.162162162162162,0.01854680340388392,272,0.3621837549933422,0.2836218375499334,0.5699067909454061,0.43009320905459386,4,0.005326231691078562,51.126275675675686,11.16393873873874,11.948108108108109,12.331046210126097,6
652,3737,34,5,19.176470588235293,4.595092024539877,6.8,7,0.20588235294117646,0.016323253947016322,277,0.42484662576687116,0.23159509202453987,0.5153374233128835,0.48466257668711654,16,0.024539877300613498,60.0816185492602,9.643118007939375,11.535618910140744,11.20814326018867,6
856,4761,29,5,29.517241379310345,4.433411214953271,5.8,44,1.5172413793103448,0.023734509556815796,289,0.33761682242990654,0.19626168224299065,0.5151869158878505,0.4848130841121495,5,0.005841121495327103,51.79831753554504,13.264610230429813,14.911521490439615,13.080570797549615,6
879,4890,48,5,18.3125,4.370875995449374,9.6,67,1.3958333333333333,0.03128834355828221,274,0.3117178612059158,0.20136518771331058,0.4800910125142207,0.5199089874857793,7,0.007963594994311717,64.30068930341011,8.920945302632855,12.523812299621103,12.370729691872647,6
765,4674,34,6,22.5,4.968627450980392,5.666666666666667,44,1.2941176470588236,0.021181001283697046,313,0.4091503267973856,0.2522875816993464,0.5673202614379085,0.4326797385620915,12,0.01568627450980392,45.055138248847925,13.14566820276498,15.390029325513197,14.227414300945917,6
939,5501,43,5,21.837209302325583,4.6900958466453675,8.6,65,1.5116279069767442,0.028722050536266135,337,0.3588924387646432,0.24494142705005326,0.516506922257721,0.483493077742279,12,0.012779552715654952,52.64099341871221,11.45927351730447,13.278131829038982,12.623101263956098,6
747,4544,39,5,19.153846153846153,4.907630522088353,7.8,38,0.9743589743589743,0.025528169014084508,294,0.39357429718875503,0.30655957161981257,0.5448460508701473,0.45515394912985274,18,0.024096385542168676,47.58618421052634,11.538267077267637,13.447704367301235,13.06717014253244,6
973,5612,43,5,22.627906976744185,4.620760534429599,8.6,61,1.4186046511627908,0.02548111190306486,369,0.37923946557040084,0.22713257965056527,0.5149023638232272,0.4850976361767729,19,0.019527235354573486,54.247560537041494,11.296952769120121,12.858307360345243,12.056096356753393,6
596,3722,26,5,22.923076923076923,5.098993288590604,5.2,28,1.0769230769230769,0.021493820526598602,271,0.4546979865771812,0.2936241610738255,0.5637583892617449,0.436241610738255,3,0.0050335570469798654,44.05162931809426,12.838405676126879,14.824733530242714,13.9334771578574,6
638,3749,29,5,22.0,4.760188087774295,5.8,31,1.0689655172413792,0.018938383568951722,258,0.4043887147335423,0.21786833855799373,0.5109717868338558,0.4890282131661442,6,0.009404388714733543,51.77051724137931,11.503793103448277,14.191849529780564,13.630784692434368,6
497,3019,18,6,27.61111111111111,4.957746478873239,3.0,23,1.2777777777777777,0.017555481947664788,214,0.4305835010060362,0.28169014084507044,0.5130784708249497,0.4869215291750503,8,0.01609657947686117,34.12159344958641,15.359419852448024,18.770802593337805,16.99224021665606,6
813,4830,27,11,30.11111111111111,4.785977859778598,2.4545454545454546,48,1.7777777777777777,0.02091097308488613,334,0.4108241082410824,0.2570725707257073,0.5190651906519065,0.48093480934809346,14,0.017220172201722016,43.474850627861656,14.712702298381615,17.244462577632714,15.12234027201249,6
681,3973,33,5,20.636363636363637,4.690161527165932,6.6,47,1.4242424242424243,0.024163100931286183,320,0.4698972099853157,0.2393538913362702,0.5183553597650514,0.48164464023494863,6,0.00881057268722467,55.59321389073216,10.661950895819512,13.26653395266534,12.667639434601849,6
857,5042,35,5,24.485714285714284,4.778296382730455,7.0,30,0.8571428571428571,0.01943673145577152,265,0.30921820303383896,0.23803967327887982,0.5227537922987164,0.47724620770128356,7,0.008168028004667444,50.36707476635516,12.30996795727637,14.08192256341789,13.573989372319843,6
966,5685,39,5,24.76923076923077,4.7815734989648035,7.8,42,1.0769230769230769,0.01899736147757256,353,0.36542443064182195,0.2453416149068323,0.5693581780538303,0.4306418219461698,12,0.012422360248447204,52.47677997659329,12.080497925311203,14.244025960208536,13.108079098392473,6
814,4822,49,5,16.612244897959183,4.808353808353808,9.8,37,0.7551020408163265,0.021775197013687266,314,0.3857493857493858,0.273955773955774,0.5356265356265356,0.4643734643734644,6,0.007371007371007371,58.87389192868889,9.244997688039458,11.98644677353062,12.086156645461163,6
859,5127,46,6,18.67391304347826,4.793946449359721,7.666666666666667,29,0.6304347826086957,0.020089721084454847,296,0.3445867287543655,0.22118742724097787,0.5273573923166472,0.47264260768335276,9,0.010477299185098952,50.54149593495936,10.963056910569108,13.460534262485481,13.241360182570464,6
683,4096,23,6,29.695652173913043,4.793557833089312,3.8333333333333335,53,2.3043478260869565,0.02734375,299,0.4377745241581259,0.23572474377745242,0.5226939970717424,0.4773060029282577,8,0.01171303074670571,45.492063793430816,14.334530725903424,16.08174166192013,13.915783698773748,6
761,4477,33,7,23.060606060606062,4.764783180026281,4.714285714285714,34,1.0303030303030303,0.01943265579629216,291,0.3823915900131406,0.24441524310118265,0.5308804204993429,0.469119579500657,10,0.013140604467805518,48.80809266810587,12.1578915807148,13.884448708723113,13.463846863241148,6
913,4982,32,4,28.53125,4.339539978094195,8.0,26,0.8125,0.01565636290646327,334,0.3658269441401972,0.17524644030668127,0.5345016429353778,0.4654983570646221,21,0.023001095290251915,58.09757965686278,12.282656590413946,14.394389978213509,12.161744961471694,6
1234,7086,53,5,23.28301886792453,4.583468395461913,10.6,79,1.490566037735849,0.030200395145357044,390,0.3160453808752026,0.22366288492706646,0.4813614262560778,0.5186385737439222,23,0.018638573743922204,50.54918269230771,13.87894230769231,16.20425101214575,14.265292616868656,6
658,3877,25,5,26.32,4.7477203647416415,5.0,29,1.16,0.022697962342017024,253,0.3844984802431611,0.22644376899696048,0.5182370820668692,0.4817629179331307,3,0.004559270516717325,48.49386403641881,13.043966009104707,14.671465857359635,13.154929023078342,6
858,4761,44,5,19.5,4.434731934731935,8.8,21,0.4772727272727273,0.02142407057340895,323,0.3764568764568765,0.18065268065268064,0.4731934731934732,0.5268065268065268,10,0.011655011655011656,68.1146446065522,8.631276466870325,11.089950489834616,10.88016014743086,6
850,5011,46,6,18.47826086956522,4.696470588235294,7.666666666666667,36,0.782608695652174,0.01855916982638196,287,0.3376470588235294,0.24,0.48470588235294115,0.5152941176470588,5,0.0058823529411764705,55.77716935238678,10.113252254991387,12.495834600182427,12.50853898387179,6
887,5022,36,5,24.63888888888889,4.483652762119504,7.2,44,1.2222222222222223,0.023297491039426525,333,0.3754227733934611,0.17474633596392333,0.5084554678692221,0.4915445321307779,14,0.015783540022547914,57.88304563492065,11.36889880952381,13.884126984126986,12.554650470220118,6
619,3401,30,4,20.633333333333333,4.311793214862682,7.5,30,1.0,0.020288150543957658,201,0.3247172859450727,0.1680129240710824,0.4927302100161551,0.5072697899838449,6,0.009693053311793215,62.19021443736733,9.78546496815287,12.640849256900212,11.979248473330827,6
773,4808,37,5,20.89189189189189,5.059508408796895,7.4,42,1.135135135135135,0.02267054908485857,320,0.4139715394566624,0.2884864165588616,0.5795601552393272,0.4204398447606727,13,0.016817593790426907,46.262084942084954,12.023680823680824,13.650965250965251,12.934319555957966,6
770,4589,46,6,16.73913043478261,4.797402597402598,7.666666666666667,46,1.0,0.02484201351056875,308,0.4,0.22207792207792207,0.5285714285714286,0.4714285714285714,8,0.01038961038961039,56.39392361698532,9.55737466869678,12.255579992105115,12.161744961471694,6
615,3959,23,5,26.73913043478261,5.282926829268293,4.6,42,1.826086956521739,0.022227835311947462,227,0.36910569105691055,0.35772357723577236,0.5593495934959349,0.44065040650406506,9,0.014634146341463415,30.25059520284279,15.973372816108974,18.460053301747116,16.74632463713446,6
647,3636,38,7,17.026315789473685,4.380216383307573,5.428571428571429,46,1.2105263157894737,0.030803080308030802,243,0.3755795981452859,0.16692426584234932,0.5115919629057187,0.4884080370942813,5,0.0077279752704791345,67.9583215661104,8.069155969191275,10.502824133504493,10.542938554032801,6
578,3526,28,5,20.642857142857142,4.906574394463668,5.6,20,0.7142857142857143,0.023539421440726037,265,0.458477508650519,0.27335640138408307,0.527681660899654,0.47231833910034604,2,0.0034602076124567475,48.32641025641027,11.901367521367522,14.820512820512821,14.123285331852063,6
734,4367,39,5,18.82051282051282,4.831062670299728,7.8,39,1.0,0.02198305472864667,284,0.3869209809264305,0.26021798365122617,0.49182561307901906,0.5081743869209809,8,0.010899182561307902,53.22509501851465,10.511035422343326,12.596325019213303,12.591570119859334,6
724,4419,31,5,23.35483870967742,4.959944751381215,6.2,49,1.5806451612903225,0.02376103190767142,292,0.40331491712707185,0.25,0.5662983425414365,0.43370165745856354,5,0.006906077348066298,43.47965952306387,12.972739474743861,15.405861035300433,14.368799800835571,6
1117,6452,53,5,21.07547169811321,4.621307072515667,10.6,61,1.150943396226415,0.021853688778673278,389,0.34825425246195163,0.21486123545210384,0.4986571172784244,0.5013428827215757,21,0.018800358102059087,53.54543384410621,11.175011091393081,13.212265374377177,13.149919865122353,6
933,5400,34,5,27.441176470588236,4.662379421221865,6.8,36,1.0588235294117647,0.018333333333333333,285,0.3054662379421222,0.22936763129689175,0.46195069667738475,0.5380493033226152,6,0.006430868167202572,45.14554993379991,13.779582939285042,16.507017212029506,15.048004361411351,6
549,3213,27,5,20.333333333333332,4.7176684881602915,5.4,19,0.7037037037037037,0.02054154995331466,225,0.4098360655737705,0.24043715846994534,0.51183970856102,0.48816029143898,4,0.007285974499089253,55.21306010928964,10.609581056466304,12.504918032786884,12.650343791298138,6
819,4606,44,6,18.613636363636363,4.452991452991453,7.333333333333333,51,1.1590909090909092,0.026487190620929222,336,0.41025641025641024,0.16971916971916973,0.5421245421245421,0.45787545787545786,14,0.017094017094017096,64.70919205794209,8.857840770340768,11.352658452658453,11.115808304768276,6
808,4752,48,4,16.833333333333332,4.707920792079208,12.0,37,0.7708333333333334,0.025252525252525252,318,0.3935643564356436,0.24876237623762376,0.525990099009901,0.474009900990099,10,0.012376237623762377,53.956045313382276,10.2786434217956,13.330604178430267,13.209525890624047,6
922,5490,44,4,20.954545454545453,4.835140997830803,11.0,52,1.1818181818181819,0.02313296903460838,383,0.4154013015184382,0.26572668112798264,0.5379609544468547,0.46203904555314534,5,0.005422993492407809,44.648886392811335,12.557709670517756,14.248438168592214,13.909364963484283,6
600,3439,27,4,22.22222222222222,4.578333333333333,6.75,38,1.4074074074074074,0.02355335853445769,248,0.41333333333333333,0.23166666666666666,0.505,0.495,6,0.01,56.354726368159234,10.94719734660033,12.97976782752902,12.650343791298138,6
718,4273,30,5,23.933333333333334,4.7924791086350975,6.0,31,1.0333333333333334,0.02644512052422186,331,0.4610027855153203,0.22701949860724233,0.5738161559888579,0.42618384401114207,11,0.01532033426183844,47.765891385767816,12.492966292134831,14.830411985018728,13.5591,6
973,5380,46,9,21.152173913043477,4.392600205549845,5.111111111111111,41,0.8913043478260869,0.018029739776951673,337,0.34635149023638234,0.1829393627954779,0.4552929085303186,0.5447070914696814,22,0.022610483042137718,58.93219230769232,10.80654578754579,13.388278388278389,12.94502277883236,6
683,3812,49,6,13.938775510204081,4.35285505124451,8.166666666666666,51,1.0408163265306123,0.028593913955928647,282,0.4128843338213763,0.17569546120058566,0.4816983894582723,0.5183016105417276,5,0.007320644216691069,69.17620359393526,7.215483247020654,9.675223061084422,10.248730204955812,6
611,3485,27,5,22.62962962962963,4.597381342062193,5.4,13,0.48148148148148145,0.0163558106169297,198,0.32405891980360063,0.22422258592471359,0.5319148936170213,0.46808510638297873,12,0.019639934533551555,58.94515786278082,10.650291438979966,12.381299332119006,11.645159339076184,6
932,5726,34,5,27.41176470588235,5.043991416309013,6.8,15,0.4411764705882353,0.013272790778903249,317,0.34012875536480686,0.30257510729613735,0.5429184549356223,0.4570815450643777,9,0.009656652360515022,32.59596440292859,15.522691239585964,18.861701590507447,16.949862865213717,6
701,4276,41,19,17.097560975609756,4.851640513552068,2.1578947368421053,37,0.9024390243902439,0.030636108512628626,322,0.4593437945791726,0.2624821683309558,0.5278174037089871,0.47218259629101283,1,0.0014265335235378032,49.28001653627314,10.751874466571834,13.687183499288762,13.38821257127048,6
902,5025,45,5,20.044444444444444,4.419068736141907,9.0,47,1.0444444444444445,0.025870646766169153,351,0.38913525498891355,0.1729490022172949,0.5177383592017738,0.48226164079822614,11,0.012195121951219513,65.31774390243905,9.241585365853659,11.348558758314857,11.115808304768276,6
865,4748,35,7,24.714285714285715,4.285549132947977,5.0,26,0.7428571428571429,0.02190395956192081,319,0.36878612716763004,0.17572254335260115,0.47167630057803467,0.5283236994219653,13,0.015028901734104046,61.96730136986304,10.833928245270712,13.57307240704501,12.135900430785618,6
650,3762,29,6,22.413793103448278,4.686153846153847,4.833333333333333,17,0.5862068965517241,0.01648059542796385,253,0.3892307692307692,0.22923076923076924,0.5061538461538462,0.4938461538461538,8,0.012307692307692308,58.67205521472394,10.661097947958542,12.612735350116353,12.1305440220866,6
729,4160,33,5,22.09090909090909,4.58161865569273,6.6,38,1.1515151515151516,0.024278846153846154,277,0.37997256515775035,0.21536351165980797,0.5130315500685871,0.4869684499314129,6,0.00823045267489712,54.55189626065672,11.055621676373772,13.159854815565124,12.563389971838223,6
748,4211,39,8,19.17948717948718,4.490641711229946,4.875,47,1.205128205128205,0.022559962004274518,308,0.4117647058823529,0.19919786096256684,0.4692513368983957,0.5307486631016043,4,0.0053475935828877,58.67657162524458,10.083967103833057,12.676124918484168,12.378848849767962,6
676,3737,32,7,21.125,4.34319526627219,4.571428571428571,16,0.5,0.026224244046026225,238,0.3520710059171598,0.17159763313609466,0.5044378698224852,0.49556213017751477,26,0.038461538461538464,65.869674670088,9.366449780058655,12.044061583577713,11.271016140411913,6
721,4337,24,5,30.041666666666668,4.864077669902913,4.8,31,1.2916666666666667,0.018445930366612864,258,0.3578363384188627,0.26629680998613037,0.5145631067961165,0.4854368932038835,10,0.013869625520110958,36.79569836084369,15.652360729023382,17.508688674919764,15.525013489936914,6
818,4572,35,5,23.37142857142857,4.482885085574572,7.0,15,0.42857142857142855,0.01815398075240595,301,0.36797066014669927,0.19437652811735942,0.45843520782396086,0.5415647921760391,7,0.008557457212713936,57.68010565110566,10.991833625833628,11.858139698139698,11.265646073119722,6
852,4962,42,5,20.285714285714285,4.693661971830986,8.4,40,0.9523809523809523,0.022773075372833535,292,0.3427230046948357,0.215962441314554,0.5187793427230047,0.4812206572769953,6,0.007042253521126761,57.59843472022956,10.375836441893835,12.151506456241032,11.87065358185204,6
692,4122,44,5,15.727272727272727,4.6893063583815024,8.8,55,1.25,0.03275109170305677,245,0.3540462427745665,0.22976878612716764,0.5043352601156069,0.4956647398843931,8,0.011560693641618497,58.37972298709488,9.16648044322065,12.112941644826329,12.224545103341946,6
562,3336,33,6,17.03030303030303,4.722419928825623,5.5,34,1.0303030303030303,0.025479616306954438,236,0.4199288256227758,0.23487544483985764,0.5338078291814946,0.46619217081850534,5,0.008896797153024912,57.037727272727295,9.549568020631849,12.793810444874275,12.563389971838223,6
570,3396,27,5,21.11111111111111,4.871929824561404,5.4,12,0.4444444444444444,0.015606595995288575,196,0.34385964912280703,0.25087719298245614,0.5175438596491229,0.4824561403508772,2,0.0035087719298245615,54.30738071991152,10.919925795743023,13.139647204322072,12.838901577100671,6
660,3766,26,5,25.384615384615383,4.566666666666666,5.2,36,1.3846153846153846,0.018852894317578334,242,0.36666666666666664,0.20454545454545456,0.4727272727272727,0.5272727272727272,9,0.013636363636363636,53.196976528003745,12.164773413897283,15.80395073204741,14.220115178616776,6
1311,8076,56,8,23.410714285714285,4.999237223493516,7.0,106,1.8928571428571428,0.025755324418028726,435,0.3318077803203661,0.2944317315026697,0.5186880244088482,0.4813119755911518,6,0.004576659038901602,36.479071219103474,14.052194665549507,17.21102639296188,16.29210410586083,6
721,3852,25,5,28.84,4.2690707350901524,5.0,8,0.32,0.011682242990654205,278,0.3855755894590846,0.18585298196948682,0.5131761442441054,0.4868238557558946,15,0.020804438280166437,51.02701800554017,15.110329639889198,17.542493074792244,13.81666964889586,6
942,5743,37,5,25.45945945945946,4.991507430997877,7.4,36,0.972972972972973,0.018283127285390912,363,0.3853503184713376,0.2898089171974522,0.5339702760084926,0.46602972399150744,11,0.01167728237791932,41.387500869968704,13.744298805243009,15.86966709198469,14.74598764896384,6
752,4593,32,4,23.5,4.985372340425532,8.0,30,0.9375,0.020683649031134337,267,0.3550531914893617,0.27393617021276595,0.5531914893617021,0.44680851063829785,5,0.006648936170212766,43.25750000000002,13.063829787234045,15.410638297872339,14.464979459706687,6
923,5387,47,5,19.638297872340427,4.704225352112676,9.4,49,1.0425531914893618,0.01986263226285502,306,0.3315276273022752,0.22318526543878656,0.5005417118093174,0.49945828819068255,7,0.007583965330444204,54.51709833237496,10.544558941920645,13.450718803910295,13.19777759492965,6
759,4411,38,34,19.973684210526315,4.60737812911726,1.1176470588235294,38,1.0,0.024257537973248696,343,0.4519104084321476,0.22529644268774704,0.5230566534914362,0.4769433465085639,7,0.00922266139657444,54.85370489466732,10.557281860529795,13.675158172842941,13.195962601206936,6
625,3664,36,6,17.36111111111111,4.7152,6.0,23,0.6388888888888888,0.021834061135371178,282,0.4512,0.2304,0.5264,0.4736,7,0.0112,54.53027222222224,9.966433333333335,12.320444444444446,12.409260514057213,6
774,4804,35,8,22.114285714285714,5.054263565891473,4.375,57,1.6285714285714286,0.02289758534554538,371,0.479328165374677,0.29198966408268734,0.5581395348837209,0.4418604651162791,3,0.003875968992248062,43.651096774193576,12.67177880184332,14.895852534562213,13.968273953766033,6
719,4410,28,7,25.678571428571427,4.962447844228095,4.0,43,1.5357142857142858,0.024489795918367346,285,0.3963838664812239,0.25034770514603616,0.5285118219749653,0.4714881780250348,7,0.009735744089012517,40.58673951048954,13.942075424575425,16.871628371628372,15.43852017318444,6
632,3460,22,5,28.727272727272727,4.371835443037975,4.4,29,1.3181818181818181,0.019364161849710983,234,0.370253164556962,0.185126582278481,0.43354430379746833,0.5664556962025317,11,0.01740506329113924,54.12333716915997,12.846864211737632,15.225086306098966,12.948620331739964,6
764,4189,45,7,16.977777777777778,4.287958115183246,6.428571428571429,42,0.9333333333333333,0.02721413225113392,259,0.3390052356020942,0.1649214659685864,0.5039267015706806,0.49607329842931935,11,0.014397905759162303,71.49536910222807,8.025921035386634,10.35608125819135,10.125756701596842,6
726,4337,35,5,20.742857142857144,4.849862258953168,7.0,43,1.2285714285714286,0.01913765275536085,265,0.3650137741046832,0.2878787878787879,0.5027548209366391,0.4972451790633609,14,0.01928374655647383,53.1698760012946,11.155169916659926,13.779901286511853,13.120403394923592,6
1144,6732,50,4,22.88,4.689685314685315,12.5,105,2.1,0.028817587641117054,426,0.3723776223776224,0.22465034965034966,0.4991258741258741,0.5008741258741258,15,0.013111888111888112,52.10149509214929,12.076055234116499,14.83484111873117,13.603388946566742,6
730,4433,33,5,22.12121212121212,4.853424657534247,6.6,42,1.2727272727272727,0.02752086623054365,280,0.3835616438356164,0.26301369863013696,0.5,0.5,10,0.0136986301369863,46.34466883414615,12.268118044266604,15.194514609645285,14.202954383596115,6
947,5521,49,6,19.3265306122449,4.692713833157339,8.166666666666666,51,1.0408163265306123,0.023003079152327476,332,0.3505807814149947,0.22808870116156282,0.5174234424498416,0.4825765575501584,8,0.008447729672650475,62.556698282747604,9.393794595314166,11.658865814696487,11.497509608462053,6
886,5001,63,5,14.063492063492063,4.49097065462754,12.6,43,0.6825396825396826,0.027594481103779243,332,0.3747178329571106,0.20993227990970656,0.5248306997742663,0.4751693002257336,8,0.009029345372460496,68.81632070944588,7.378829491141527,9.066848378985354,10.339890149232689,6
932,5353,58,5,16.06896551724138,4.523605150214593,11.6,56,0.9655172413793104,0.025406314216327292,327,0.35085836909871243,0.20708154506437768,0.5064377682403434,0.49356223175965663,11,0.011802575107296138,59.23501861042186,9.440268817204302,12.143093465674111,12.091993763477543,6
935,5442,27,5,34.629629629629626,4.731550802139037,5.4,41,1.5185185185185186,0.01635428151414921,312,0.3336898395721925,0.253475935828877,0.4994652406417112,0.5005347593582887,8,0.008556149732620321,40.84999009704893,16.164539512774805,18.429391958803723,15.021129683784007,6
670,4136,34,6,19.705882352941178,5.086567164179105,5.666666666666667,18,0.5294117647058824,0.015473887814313346,225,0.3358208955223881,0.3044776119402985,0.5253731343283582,0.4746268656716418,4,0.005970149253731343,43.79637946630487,12.19445047489824,13.792853912256897,13.270656990019738,6
642,3918,50,10,12.84,4.82398753894081,5.0,34,0.68,0.03215926493108729,289,0.4501557632398754,0.2554517133956386,0.5109034267912772,0.48909657320872274,11,0.017133956386292833,53.53315057283143,9.228232405891983,11.439607201309329,11.90835161595054,6
633,3715,42,6,15.071428571428571,4.699842022116903,7.0,27,0.6428571428571429,0.026917900403768506,255,0.4028436018957346,0.24644549763033174,0.5387045813586098,0.46129541864139023,7,0.011058451816745656,62.067254716981154,8.552194968553462,10.510943396226416,11.055213786087101,6
503,3002,26,7,19.346153846153847,4.827037773359841,3.7142857142857144,29,1.1153846153846154,0.023984010659560292,257,0.510934393638171,0.23658051689860835,0.5864811133200796,0.4135188866799205,3,0.005964214711729622,50.226138522831775,11.050358565737053,13.141403616304016,13.274406872562384,6
781,4510,46,5,16.97826086956522,4.620998719590269,9.2,40,0.8695652173913043,0.028159645232815965,274,0.3508322663252241,0.19078104993597952,0.5339308578745199,0.4660691421254802,3,0.0038412291933418692,59.52653846153849,9.925128205128207,11.333333333333336,11.51311941424646,6
713,4080,49,7,14.551020408163266,4.566619915848527,7.0,43,0.8775510204081632,0.028186274509803922,297,0.4165497896213184,0.19074333800841514,0.4950911640953717,0.5049088359046283,5,0.0070126227208976155,65.19233718487395,7.861670168067228,10.711904761904762,10.775791032727817,6
851,4822,51,6,16.686274509803923,4.4853113983548765,8.5,17,0.3333333333333333,0.02198257984238905,269,0.31609870740305523,0.2009400705052879,0.44770857814336074,0.5522914218566393,12,0.01410105757931845,63.494244882615476,8.848979190919678,10.743897943344976,11.038039088145766,6
807,4404,37,6,21.81081081081081,4.313506815365551,6.166666666666667,36,0.972972972972973,0.025204359673024524,314,0.38909541511771994,0.14250309789343246,0.4857496902106567,0.5142503097893433,7,0.008674101610904586,67.58599792099794,9.244137214137215,11.095647508550734,10.58352841356552,6
1210,7421,56,6,21.607142857142858,5.000826446280992,9.333333333333334,50,0.8928571428571429,0.018730629295243228,439,0.3628099173553719,0.27603305785123966,0.5801652892561984,0.41983471074380163,18,0.01487603305785124,42.163739847557196,13.040612895164315,14.77923278770461,13.945526449251872,6
645,3954,29,24,22.24137931034483,4.951937984496124,1.2083333333333333,36,1.2413793103448276,0.024279210925644917,285,0.4418604651162791,0.2775193798449612,0.5596899224806201,0.44031007751937984,7,0.010852713178294573,45.21605360018404,12.87806073153899,15.565585461237635,14.607366468030403,6
577,3365,27,5,21.37037037037037,4.691507798960139,5.4,33,1.2222222222222223,0.02526002971768202,271,0.4696707105719237,0.2270363951473137,0.5008665511265165,0.49913344887348354,3,0.005199306759098787,53.107561512561546,11.114879564879569,12.949598549598552,12.522536065205912,6
687,4090,32,6,21.46875,4.813682678311499,5.333333333333333,28,0.875,0.01882640586797066,308,0.4483260553129549,0.2590975254730713,0.49199417758369723,0.5080058224163028,6,0.008733624454148471,45.281321691090426,12.46500210684021,15.624720258439067,14.691978157721916,6
845,4817,34,6,24.852941176470587,4.578698224852071,5.666666666666667,58,1.7058823529411764,0.023250986090927964,285,0.33727810650887574,0.20710059171597633,0.5005917159763313,0.49940828402366866,3,0.0035502958579881655,54.3549579831933,11.815532212885156,13.882352941176471,13.023866798666859,6
847,5207,29,5,29.20689655172414,5.047225501770956,5.8,38,1.3103448275862069,0.0174764739773382,332,0.3919716646989374,0.2727272727272727,0.551357733175915,0.448642266824085,8,0.009445100354191263,33.218967971530276,15.847489671534344,18.317977665971284,16.505661758641814,6
